cluster,block_height,output_index,derived_p2pkh_address,amount_btc,script_type,source
E,17001,0,1LfMh2eT5MCJo1JiJyeYKzCQcCV23nyMDU,50.0,p2pk,https://raw.githubusercontent.com/bensig/patoshi-addresses/main/patoshi_pubkeys_COMPLETE.csv
E,17003,0,1KEQrEruN7ky3eUeaw73tPvJzQZYMJdEnh,50.0,p2pk,https://raw.githubusercontent.com/bensig/patoshi-addresses/main/patoshi_pubkeys_COMPLETE.csv
E,17004,0,1Kn6mQkud1tyhpxcnJjkZL3whFTZ2U3EHU,50.0,p2pk,https://raw.githubusercontent.com/bensig/patoshi-addresses/main/patoshi_pubkeys_COMPLETE.csv
E,17005,0,15xthQxySTMhcdHMeYetaqefbbf5TTZENH,50.0,p2pk,https://raw.githubusercontent.com/bensig/patoshi-addresses/main/patoshi_pubkeys_COMPLETE.csv
E,17006,0,1895bcufkUUrRpBsXLPwBfnRMuB54jXUb7,50.0,p2pk,https://raw.githubusercontent.com/bensig/patoshi-addresses/main/patoshi_pubkeys_COMPLETE.csv
E,17007,0,1FupuiGjZrJPg8TiVi3fpXr4uqfTMUcJK5,50.0,p2pk,https://raw.githubusercontent.com/bensig/patoshi-addresses/main/patoshi_pubkeys_COMPLETE.csv
E,17010,0,1KAd1AmHLyf5RRbEJL3Y4rQFThSmAo1fvC,50.0,p2pk,https://raw.githubusercontent.com/bensig/patoshi-addresses/main/patoshi_pubkeys_COMPLETE.csv
E,17011,0,1F6JeDzTX4wERprzghmpCQJW2EagLTn6Fw,50.0,p2pk,https://raw.githubusercontent.com/bensig/patoshi-addresses/main/patoshi_pubkeys_COMPLETE.csv
E,17013,0,1y8xWneB8yH9wBK6AcSzrm3LeSdaEhoCc,50.0,p2pk,https://raw.githubusercontent.com/bensig/patoshi-addresses/main/patoshi_pubkeys_COMPLETE.csv
E,17015,0,18ezJowbZ7v1q5SWETR5T3E2FeX7xsJDAG,50.0,p2pk,https://raw.githubusercontent.com/bensig/patoshi-addresses/main/patoshi_pubkeys_COMPLETE.csv
E,17016,0,1KkNKYestdRynML9U3h78PEYz2yBuz4AJr,50.0,p2pk,https://raw.githubusercontent.com/bensig/patoshi-addresses/main/patoshi_pubkeys_COMPLETE.csv
E,17017,0,13sUjTxnXzEs548EokW6vypfqfQUPGNAYQ,50.0,p2pk,https://raw.githubusercontent.com/bensig/patoshi-addresses/main/patoshi_pubkeys_COMPLETE.csv
E,17019,0,1DtT73ZMyBENpaSxYUzfty7j37Cw5pKmtU,50.0,p2pk,https://raw.githubusercontent.com/bensig/patoshi-addresses/main/patoshi_pubkeys_COMPLETE.csv
E,17020,0,13X36gaX1Lbzhwf57GHKfEMHJA4jw9Yf9T,50.0,p2pk,https://raw.githubusercontent.com/bensig/patoshi-addresses/main/patoshi_pubkeys_COMPLETE.csv
E,17021,0,1Q4f8WeFnSMk7SAGsmJ8cK5ErCLJkPu3XQ,50.0,p2pk,https://raw.githubusercontent.com/bensig/patoshi-addresses/main/patoshi_pubkeys_COMPLETE.csv
E,17022,0,12aBxT95S3uK7JSpYEggoezftQfdKAh3Ea,50.0,p2pk,https://raw.githubusercontent.com/bensig/patoshi-addresses/main/patoshi_pubkeys_COMPLETE.csv
E,17024,0,13cXFtEb4GH7enkx8DRa8rAKrs7HQid8Ev,50.0,p2pk,https://raw.githubusercontent.com/bensig/patoshi-addresses/main/patoshi_pubkeys_COMPLETE.csv
E,17025,0,14EcR6CaVgenZ9hwwzZ3VN9rgH6t3XMwou,50.0,p2pk,https://raw.githubusercontent.com/bensig/patoshi-addresses/main/patoshi_pubkeys_COMPLETE.csv
E,17026,0,16mfCS5oQuh1Ur3QaToXt65fVgteCeekV5,50.0,p2pk,https://raw.githubusercontent.com/bensig/patoshi-addresses/main/patoshi_pubkeys_COMPLETE.csv
E,17027,0,161KiP73B7LonUMjfnN2ZrJNrUvYwNg88u,50.0,p2pk,https://raw.githubusercontent.com/bensig/patoshi-addresses/main/patoshi_pubkeys_COMPLETE.csv
E,17028,0,1Mv5RPMxdsLvBka3H8cydW85Ju8X7YySFB,50.0,p2pk,https://raw.githubusercontent.com/bensig/patoshi-addresses/main/patoshi_pubkeys_COMPLETE.csv
E,17030,0,19wzjw9JiRJzKsTVoQWq7EJfEjNXUqvSMC,50.0,p2pk,https://raw.githubusercontent.com/bensig/patoshi-addresses/main/patoshi_pubkeys_COMPLETE.csv
E,17031,0,185y9sPF7TQLKrwz2cPrH7auNteo6rSoKY,50.0,p2pk,https://raw.githubusercontent.com/bensig/patoshi-addresses/main/patoshi_pubkeys_COMPLETE.csv
E,17032,0,1QGGG31cDcio6qTY1Pn6wqjfSEGX4vPMZx,50.0,p2pk,https://raw.githubusercontent.com/bensig/patoshi-addresses/main/patoshi_pubkeys_COMPLETE.csv
E,17033,0,1LDAVPFv9YwSTVAkmyU9yvN9YLBNChSAkM,50.0,p2pk,https://raw.githubusercontent.com/bensig/patoshi-addresses/main/patoshi_pubkeys_COMPLETE.csv
E,17035,0,1AE79o9B1dnj7hDVucRMAS3xR3wHA6bwX,50.0,p2pk,https://raw.githubusercontent.com/bensig/patoshi-addresses/main/patoshi_pubkeys_COMPLETE.csv
E,17038,0,1FvrSfCtjoH3gt7wh5f5TQmS5gemfR2D3f,50.0,p2pk,https://raw.githubusercontent.com/bensig/patoshi-addresses/main/patoshi_pubkeys_COMPLETE.csv
E,17040,0,1KMcE96PV89ugNemDwJovqbAehWQpenuKu,50.0,p2pk,https://raw.githubusercontent.com/bensig/patoshi-addresses/main/patoshi_pubkeys_COMPLETE.csv
E,17042,0,1P3PtmWbyzj8NiwPVsiN23Qo52bsp4v2D6,50.0,p2pk,https://raw.githubusercontent.com/bensig/patoshi-addresses/main/patoshi_pubkeys_COMPLETE.csv
E,17043,0,1Fy5qKoZQWtLrLejV9FuZquMprjx1s1xFj,50.0,p2pk,https://raw.githubusercontent.com/bensig/patoshi-addresses/main/patoshi_pubkeys_COMPLETE.csv
E,17044,0,1LcDfKtv4kvXUnYVgerCaboTmoPhz3MAt2,50.0,p2pk,https://raw.githubusercontent.com/bensig/patoshi-addresses/main/patoshi_pubkeys_COMPLETE.csv
E,17045,0,1Lky2rV2iR5qVpaedouyTwKHKczsmJqeTk,50.0,p2pk,https://raw.githubusercontent.com/bensig/patoshi-addresses/main/patoshi_pubkeys_COMPLETE.csv
E,17046,0,1DM8hLeXHKU6YTYir3WuNkQa5x8UJjugxU,50.0,p2pk,https://raw.githubusercontent.com/bensig/patoshi-addresses/main/patoshi_pubkeys_COMPLETE.csv
E,17047,0,1Fs4BB78U9ocwe2TkXkg9pR6VGX67ag64J,50.0,p2pk,https://raw.githubusercontent.com/bensig/patoshi-addresses/main/patoshi_pubkeys_COMPLETE.csv
E,17050,0,1NLL9YVUzuiQKdgV7bw7cPMd8aweRcTajy,50.0,p2pk,https://raw.githubusercontent.com/bensig/patoshi-addresses/main/patoshi_pubkeys_COMPLETE.csv
E,17051,0,1BeYi8ufDyWAT54rzUdqZUFjaZ26XjypPp,50.0,p2pk,https://raw.githubusercontent.com/bensig/patoshi-addresses/main/patoshi_pubkeys_COMPLETE.csv
E,17053,0,1L2Ejcmu3DMvbdECu6z5wXPDn1eZptwqye,50.0,p2pk,https://raw.githubusercontent.com/bensig/patoshi-addresses/main/patoshi_pubkeys_COMPLETE.csv
E,17055,0,1H7x8UcCNtQrPXGLiZMFXJ6eWTFogYKE3X,50.0,p2pk,https://raw.githubusercontent.com/bensig/patoshi-addresses/main/patoshi_pubkeys_COMPLETE.csv
E,17056,0,12dfu37hqbqsksG6X93QPqt5g1H9gvJ9QG,50.0,p2pk,https://raw.githubusercontent.com/bensig/patoshi-addresses/main/patoshi_pubkeys_COMPLETE.csv
E,17057,0,1Jb4ZxhcVbu3wxbrrEHspnDtVMUcxu6mJr,50.0,p2pk,https://raw.githubusercontent.com/bensig/patoshi-addresses/main/patoshi_pubkeys_COMPLETE.csv
E,17058,0,1EzXn7bLufePVaoZNmatDsNgzcWXZ8hiNA,50.0,p2pk,https://raw.githubusercontent.com/bensig/patoshi-addresses/main/patoshi_pubkeys_COMPLETE.csv
E,17059,0,187a2oZuxjwhRARbcCrLaBbsUeQNW1ecdM,50.0,p2pk,https://raw.githubusercontent.com/bensig/patoshi-addresses/main/patoshi_pubkeys_COMPLETE.csv
E,17060,0,1AeDSZ5v9CRDBBsFbVdWSqiMwyCz1aQWaK,50.0,p2pk,https://raw.githubusercontent.com/bensig/patoshi-addresses/main/patoshi_pubkeys_COMPLETE.csv
E,17061,0,1FfMVxRpVeimLxWSWZKvJLhh4KLXmEdNfd,50.0,p2pk,https://raw.githubusercontent.com/bensig/patoshi-addresses/main/patoshi_pubkeys_COMPLETE.csv
E,17063,0,12Yshw4ioaNhSpdiMBp4e5AbwkYXq7hNK8,50.0,p2pk,https://raw.githubusercontent.com/bensig/patoshi-addresses/main/patoshi_pubkeys_COMPLETE.csv
E,17064,0,1D8AkYgYe6gm3GkFLtQSicW7HKTLRcrWyA,50.0,p2pk,https://raw.githubusercontent.com/bensig/patoshi-addresses/main/patoshi_pubkeys_COMPLETE.csv
E,17066,0,13fCwaVnLkCVmtPbnuv7dTFxhC2iPTtR6v,50.0,p2pk,https://raw.githubusercontent.com/bensig/patoshi-addresses/main/patoshi_pubkeys_COMPLETE.csv
E,17067,0,13pzqTGWVgSxwu4cRiN31ynoApisyDzBik,50.0,p2pk,https://raw.githubusercontent.com/bensig/patoshi-addresses/main/patoshi_pubkeys_COMPLETE.csv
E,17068,0,1MCPwfk2HgsDDVBWzKLnQ8ZWVjkgzhUCnQ,50.0,p2pk,https://raw.githubusercontent.com/bensig/patoshi-addresses/main/patoshi_pubkeys_COMPLETE.csv
E,17069,0,1Fr3xXB79k9zW3ZQXsBMJyLL75A87JGBGK,50.0,p2pk,https://raw.githubusercontent.com/bensig/patoshi-addresses/main/patoshi_pubkeys_COMPLETE.csv
E,17070,0,1J4r1hJ9YmDp8txVgJxUS2ybwM2tviTypt,50.0,p2pk,https://raw.githubusercontent.com/bensig/patoshi-addresses/main/patoshi_pubkeys_COMPLETE.csv
E,17071,0,1GMJik83azTcHHhiY6Sk8rEwDAfqESPgNi,50.0,p2pk,https://raw.githubusercontent.com/bensig/patoshi-addresses/main/patoshi_pubkeys_COMPLETE.csv
E,17073,0,19mZUPGpwQaPgnN2y1zsBgeFVFJugakXay,50.0,p2pk,https://raw.githubusercontent.com/bensig/patoshi-addresses/main/patoshi_pubkeys_COMPLETE.csv
E,17075,0,1ERCyFZu3zafmJ76Ctd93meFHUCfaGfBPE,50.0,p2pk,https://raw.githubusercontent.com/bensig/patoshi-addresses/main/patoshi_pubkeys_COMPLETE.csv
E,17076,0,1PGYJJ9BPGyxvGd8Havc926DywDcGX7cGc,50.0,p2pk,https://raw.githubusercontent.com/bensig/patoshi-addresses/main/patoshi_pubkeys_COMPLETE.csv
E,17079,0,1H4GeMzNNT2otzSrvzngigjWQvE66cbUpR,50.0,p2pk,https://raw.githubusercontent.com/bensig/patoshi-addresses/main/patoshi_pubkeys_COMPLETE.csv
E,17080,0,16NT2UYoJD2inNe7P8Jnr2WmQcbxnorxGg,50.0,p2pk,https://raw.githubusercontent.com/bensig/patoshi-addresses/main/patoshi_pubkeys_COMPLETE.csv
E,17081,0,198wLWqHLGUYwV2rDGRsbjBbWjy7UNPBJB,50.0,p2pk,https://raw.githubusercontent.com/bensig/patoshi-addresses/main/patoshi_pubkeys_COMPLETE.csv
E,17082,0,1PqfjvCpr3LZYTAEwWvSS6RrqJKTCfJ255,50.0,p2pk,https://raw.githubusercontent.com/bensig/patoshi-addresses/main/patoshi_pubkeys_COMPLETE.csv
E,17083,0,1F9VigjAJVqefyCV8h8QaX9ML7YN6Qij8G,50.0,p2pk,https://raw.githubusercontent.com/bensig/patoshi-addresses/main/patoshi_pubkeys_COMPLETE.csv
E,17084,0,1626nmGQADdVb4hL6FAjL11ZPyE56pGduH,50.0,p2pk,https://raw.githubusercontent.com/bensig/patoshi-addresses/main/patoshi_pubkeys_COMPLETE.csv
E,17085,0,14XrU85Dwpmtw9rg2s8oDBnKq7Xd9DtMMR,50.0,p2pk,https://raw.githubusercontent.com/bensig/patoshi-addresses/main/patoshi_pubkeys_COMPLETE.csv
E,17087,0,15ifkD7qLQUQEJSXHFoauq1WHxMVDvMGbw,50.0,p2pk,https://raw.githubusercontent.com/bensig/patoshi-addresses/main/patoshi_pubkeys_COMPLETE.csv
E,17088,0,1rGxVs3jcsKX9MVPg8aaL4YG8L3c8ZZ1s,50.0,p2pk,https://raw.githubusercontent.com/bensig/patoshi-addresses/main/patoshi_pubkeys_COMPLETE.csv
E,17090,0,1EKYX7xngHci8bzM7STboToKHvyqB1yqdr,50.0,p2pk,https://raw.githubusercontent.com/bensig/patoshi-addresses/main/patoshi_pubkeys_COMPLETE.csv
E,17091,0,18ci4YBw8BCjz3jvhvmNCXtgffoyQ5yME,50.0,p2pk,https://raw.githubusercontent.com/bensig/patoshi-addresses/main/patoshi_pubkeys_COMPLETE.csv
E,17092,0,14nc1AZgdRH9zZZeLf1Xpyuihithfer7Wu,50.0,p2pk,https://raw.githubusercontent.com/bensig/patoshi-addresses/main/patoshi_pubkeys_COMPLETE.csv
E,17093,0,145bMYCFVae3ZpAEnTptxXLaUHCrrFz5Jx,50.0,p2pk,https://raw.githubusercontent.com/bensig/patoshi-addresses/main/patoshi_pubkeys_COMPLETE.csv
E,17095,0,12tnzt4zA3Savd3aHadQwxpoc7dhZ9ZPd1,50.0,p2pk,https://raw.githubusercontent.com/bensig/patoshi-addresses/main/patoshi_pubkeys_COMPLETE.csv
E,17098,0,1Gx5YN6fy9tRqKDmFBhfohwXzHuXit29qQ,50.0,p2pk,https://raw.githubusercontent.com/bensig/patoshi-addresses/main/patoshi_pubkeys_COMPLETE.csv
E,17099,0,1M3nB11G4cw3qqF2q8WddURiw17P6jbQgX,50.0,p2pk,https://raw.githubusercontent.com/bensig/patoshi-addresses/main/patoshi_pubkeys_COMPLETE.csv
E,17101,0,14RnK3qqFzPtLeGAHuCNHM31xDerNddVAL,50.0,p2pk,https://raw.githubusercontent.com/bensig/patoshi-addresses/main/patoshi_pubkeys_COMPLETE.csv
E,17103,0,1HTD7EDDnY1p35BAjpfWuabAny7vF4vpt9,50.0,p2pk,https://raw.githubusercontent.com/bensig/patoshi-addresses/main/patoshi_pubkeys_COMPLETE.csv
E,17106,0,1AWapdM5ufAuSbKET58tzUjVieX5hBtduh,50.0,p2pk,https://raw.githubusercontent.com/bensig/patoshi-addresses/main/patoshi_pubkeys_COMPLETE.csv
E,17107,0,1NJECMkJtNKbGsjYAGuyMrVheWJoWPSjGP,50.0,p2pk,https://raw.githubusercontent.com/bensig/patoshi-addresses/main/patoshi_pubkeys_COMPLETE.csv
E,17108,0,1BV1eLEgnzp4rfhAqwJTPEyTMMn31n2KNM,50.0,p2pk,https://raw.githubusercontent.com/bensig/patoshi-addresses/main/patoshi_pubkeys_COMPLETE.csv
E,17110,0,1E9i3RnPukbtGKgqvrAwGbhdhBq4Evwexn,50.0,p2pk,https://raw.githubusercontent.com/bensig/patoshi-addresses/main/patoshi_pubkeys_COMPLETE.csv
E,17112,0,1JLtUsbis4AntfJZJzrjUSTbnKVgy6MM4m,50.0,p2pk,https://raw.githubusercontent.com/bensig/patoshi-addresses/main/patoshi_pubkeys_COMPLETE.csv
E,17113,0,1CzeYjpXqXqRvASCVgor8YkKoBL4EY1JYK,50.0,p2pk,https://raw.githubusercontent.com/bensig/patoshi-addresses/main/patoshi_pubkeys_COMPLETE.csv
E,17114,0,16VwEXT66YWXGeVhpZ4KxMs34jji5t3REQ,50.0,p2pk,https://raw.githubusercontent.com/bensig/patoshi-addresses/main/patoshi_pubkeys_COMPLETE.csv
E,17115,0,1BL3x8pBzzwMTo2mFhVW56KT1X7YiDJyWG,50.0,p2pk,https://raw.githubusercontent.com/bensig/patoshi-addresses/main/patoshi_pubkeys_COMPLETE.csv
E,17117,0,1MTtTsp85vTpggFwYF23wNYNVgFecATZXM,50.0,p2pk,https://raw.githubusercontent.com/bensig/patoshi-addresses/main/patoshi_pubkeys_COMPLETE.csv
E,17118,0,18fgsTFTVcbNXtzQiDeFnvAvsWQsz1jEMa,50.0,p2pk,https://raw.githubusercontent.com/bensig/patoshi-addresses/main/patoshi_pubkeys_COMPLETE.csv
E,17120,0,1Pt2UukJVNLibphq47QTMsuqRmzVeSgtEg,50.0,p2pk,https://raw.githubusercontent.com/bensig/patoshi-addresses/main/patoshi_pubkeys_COMPLETE.csv
E,17121,0,1G2XozGuseR6TJfeCB4CFwsj7i6A3yYSGG,50.0,p2pk,https://raw.githubusercontent.com/bensig/patoshi-addresses/main/patoshi_pubkeys_COMPLETE.csv
E,17122,0,1KdG3VKrD43Egs1JBT7amNx7B5R2PofEqM,50.0,p2pk,https://raw.githubusercontent.com/bensig/patoshi-addresses/main/patoshi_pubkeys_COMPLETE.csv
E,17126,0,1K9AbmeR8mXrhJdpCEjWno5a3vG46fF4eq,50.0,p2pk,https://raw.githubusercontent.com/bensig/patoshi-addresses/main/patoshi_pubkeys_COMPLETE.csv
E,17128,0,1CMW3tzZmQVJBdDciR2cvfyqqbLhWxPtCs,50.0,p2pk,https://raw.githubusercontent.com/bensig/patoshi-addresses/main/patoshi_pubkeys_COMPLETE.csv
E,17129,0,1Jpvx2HDNmNjnCGeVDJfP4Jj4MssyzUGFd,50.0,p2pk,https://raw.githubusercontent.com/bensig/patoshi-addresses/main/patoshi_pubkeys_COMPLETE.csv
E,17131,0,1EBTYTak1zMGwvkfXXp3QgBUsyEU7N4kSF,50.0,p2pk,https://raw.githubusercontent.com/bensig/patoshi-addresses/main/patoshi_pubkeys_COMPLETE.csv
E,17132,0,13HkUzSkJCxo3eX3dBN1L8f2BnSsTz6E7C,50.0,p2pk,https://raw.githubusercontent.com/bensig/patoshi-addresses/main/patoshi_pubkeys_COMPLETE.csv
E,17136,0,1MdRvXxbyVhf9fbDTbx2PDhfhXQW4kprKG,50.0,p2pk,https://raw.githubusercontent.com/bensig/patoshi-addresses/main/patoshi_pubkeys_COMPLETE.csv
E,17141,0,13ovdgsoRrsRdwAUUiYrHDQgRNVGjG3DK2,50.0,p2pk,https://raw.githubusercontent.com/bensig/patoshi-addresses/main/patoshi_pubkeys_COMPLETE.csv
E,17142,0,1BwrxxetFmz6rfva7f8FNChqasV3dMYAYb,50.0,p2pk,https://raw.githubusercontent.com/bensig/patoshi-addresses/main/patoshi_pubkeys_COMPLETE.csv
E,17144,0,1D8rfs8bt1QDsMQxqKaQioGHaYyVFVdUk3,50.0,p2pk,https://raw.githubusercontent.com/bensig/patoshi-addresses/main/patoshi_pubkeys_COMPLETE.csv
E,17145,0,16CThfj2YKCU79Mjgxc26BF1T3UcDYgQd9,50.0,p2pk,https://raw.githubusercontent.com/bensig/patoshi-addresses/main/patoshi_pubkeys_COMPLETE.csv
E,17158,0,1GSoFsAjDLhXd3j4VSHHAW9adCef5N1QUZ,50.0,p2pk,https://raw.githubusercontent.com/bensig/patoshi-addresses/main/patoshi_pubkeys_COMPLETE.csv
E,17159,0,1PLkoFyqpxRvpu2WzUneAqnoUxRnSwXLY9,50.0,p2pk,https://raw.githubusercontent.com/bensig/patoshi-addresses/main/patoshi_pubkeys_COMPLETE.csv
E,17160,0,1EnJjjuuNdfijCgFxTkdXxLBzzmxF5kvKF,50.0,p2pk,https://raw.githubusercontent.com/bensig/patoshi-addresses/main/patoshi_pubkeys_COMPLETE.csv
E,17161,0,13jJAz27ccTR2XFgaFoGZtnLWpCXgiJ4QV,50.0,p2pk,https://raw.githubusercontent.com/bensig/patoshi-addresses/main/patoshi_pubkeys_COMPLETE.csv
E,17163,0,19jF7gv9cLp8mERxZ8FzCfUSUiVkaHMdSi,50.0,p2pk,https://raw.githubusercontent.com/bensig/patoshi-addresses/main/patoshi_pubkeys_COMPLETE.csv
E,17165,0,15aiow4zpVYq529fGw15Ta75VMUSULGbFg,50.0,p2pk,https://raw.githubusercontent.com/bensig/patoshi-addresses/main/patoshi_pubkeys_COMPLETE.csv
E,17166,0,1DwHChA6yH8esRnL1HGp8Y7VFxsNsarhYW,50.0,p2pk,https://raw.githubusercontent.com/bensig/patoshi-addresses/main/patoshi_pubkeys_COMPLETE.csv
E,17167,0,1BwufogpTdAGFCuDQjgYsHBGQTBpbwxX9c,50.0,p2pk,https://raw.githubusercontent.com/bensig/patoshi-addresses/main/patoshi_pubkeys_COMPLETE.csv
E,17168,0,116gjEc5aSP6ZDpyRav4ZXacvPL1Z6ACK,50.0,p2pk,https://raw.githubusercontent.com/bensig/patoshi-addresses/main/patoshi_pubkeys_COMPLETE.csv
E,17169,0,132MX8nemqQtKMjNPSDpAPkpMEQinrpd7U,50.0,p2pk,https://raw.githubusercontent.com/bensig/patoshi-addresses/main/patoshi_pubkeys_COMPLETE.csv
E,17170,0,1NKMSr5GrZREfkzwkQVEo1DZJLrJq2a6tH,50.0,p2pk,https://raw.githubusercontent.com/bensig/patoshi-addresses/main/patoshi_pubkeys_COMPLETE.csv
E,17171,0,1FDng39ozxjPdVAVFBMVLS78shutaw31Tb,50.0,p2pk,https://raw.githubusercontent.com/bensig/patoshi-addresses/main/patoshi_pubkeys_COMPLETE.csv
E,17172,0,1LC4qFQoQUrjAC4uT7gWQPSqwuvUYwBAfM,50.0,p2pk,https://raw.githubusercontent.com/bensig/patoshi-addresses/main/patoshi_pubkeys_COMPLETE.csv
E,17173,0,15p3fwZVGgmHdHfXqqy3pB2pzPZ9ZA51NG,50.0,p2pk,https://raw.githubusercontent.com/bensig/patoshi-addresses/main/patoshi_pubkeys_COMPLETE.csv
E,17174,0,1KoMVoBgcor4CLzo1YSs7PY58YGcJaVvRm,50.0,p2pk,https://raw.githubusercontent.com/bensig/patoshi-addresses/main/patoshi_pubkeys_COMPLETE.csv
E,17175,0,16zxfUCfXsxVhF3BnK1abLC7TLsVLvjEnX,50.0,p2pk,https://raw.githubusercontent.com/bensig/patoshi-addresses/main/patoshi_pubkeys_COMPLETE.csv
E,17177,0,11gbibW5B2vMvhDLB3NTbJbuwU8ZwzfRV,50.0,p2pk,https://raw.githubusercontent.com/bensig/patoshi-addresses/main/patoshi_pubkeys_COMPLETE.csv
E,17179,0,15SCv1LRcxaU58jGYCaiFCPuxoUNHh8TNY,50.0,p2pk,https://raw.githubusercontent.com/bensig/patoshi-addresses/main/patoshi_pubkeys_COMPLETE.csv
E,17180,0,12uvzCSaJ63QKadxTz1xxXtxJbtuz94hfb,50.0,p2pk,https://raw.githubusercontent.com/bensig/patoshi-addresses/main/patoshi_pubkeys_COMPLETE.csv
E,17182,0,12mWbUE3R5rt5tcCMgdnNTyA4vmTXe26Ar,50.0,p2pk,https://raw.githubusercontent.com/bensig/patoshi-addresses/main/patoshi_pubkeys_COMPLETE.csv
E,17184,0,1tTRkEwdPKvNhZgbj8SHPx5qHnm4PNQPq,50.0,p2pk,https://raw.githubusercontent.com/bensig/patoshi-addresses/main/patoshi_pubkeys_COMPLETE.csv
E,17186,0,1V6PNCKkx6FtzjDLN58fUXAtAJysuo6jF,50.0,p2pk,https://raw.githubusercontent.com/bensig/patoshi-addresses/main/patoshi_pubkeys_COMPLETE.csv
E,17187,0,1Ayc9DkVyw4nFM3mqYL6EZ2njxYnEL9UZ3,50.0,p2pk,https://raw.githubusercontent.com/bensig/patoshi-addresses/main/patoshi_pubkeys_COMPLETE.csv
E,17189,0,1N2VjjM4qHdkAtzH5rPSBB2PQoh7tQZYHB,50.0,p2pk,https://raw.githubusercontent.com/bensig/patoshi-addresses/main/patoshi_pubkeys_COMPLETE.csv
E,17190,0,1Q6PMLzD6xoR7CjrWJ4nvFyjYMbBcpzC6U,50.0,p2pk,https://raw.githubusercontent.com/bensig/patoshi-addresses/main/patoshi_pubkeys_COMPLETE.csv
E,17191,0,18dQbcJ6HHB6W3WwHAJjmD6nejTyxYcH2C,50.0,p2pk,https://raw.githubusercontent.com/bensig/patoshi-addresses/main/patoshi_pubkeys_COMPLETE.csv
E,17192,0,1L1r7SLrYoFbn7KtF6eiGLD9NexNKZDcxx,50.0,p2pk,https://raw.githubusercontent.com/bensig/patoshi-addresses/main/patoshi_pubkeys_COMPLETE.csv
E,17194,0,15xkpjZq7QUhHvsyyTKK7AJkUSVZ6DDwVk,50.0,p2pk,https://raw.githubusercontent.com/bensig/patoshi-addresses/main/patoshi_pubkeys_COMPLETE.csv
E,17196,0,1NLnaK48wNA1rk6XrrzDvg71RPBdLpZMLN,50.0,p2pk,https://raw.githubusercontent.com/bensig/patoshi-addresses/main/patoshi_pubkeys_COMPLETE.csv
E,17198,0,15LM7reeZ8qMMZScZa3cBFi5wa54pK1fzX,50.0,p2pk,https://raw.githubusercontent.com/bensig/patoshi-addresses/main/patoshi_pubkeys_COMPLETE.csv
E,17200,0,1C1P8cz8Vd35y5EjGbz2eU2oib23JE2cqT,50.0,p2pk,https://raw.githubusercontent.com/bensig/patoshi-addresses/main/patoshi_pubkeys_COMPLETE.csv
E,17201,0,1Kd2veTt4rYi6oh253fRCbaKvpPk9fLgEh,50.0,p2pk,https://raw.githubusercontent.com/bensig/patoshi-addresses/main/patoshi_pubkeys_COMPLETE.csv
E,17202,0,15tiDJxuB8suQGp9fvjgro8JkmEVZWWkRK,50.0,p2pk,https://raw.githubusercontent.com/bensig/patoshi-addresses/main/patoshi_pubkeys_COMPLETE.csv
E,17203,0,19CsmWrrKVW9b9bsXQxh6J9yWh6g2UvXQK,50.0,p2pk,https://raw.githubusercontent.com/bensig/patoshi-addresses/main/patoshi_pubkeys_COMPLETE.csv
E,17205,0,1PfwK3iyd6EP5JyahHUGwmhqiSPuBaPUxF,50.0,p2pk,https://raw.githubusercontent.com/bensig/patoshi-addresses/main/patoshi_pubkeys_COMPLETE.csv
E,17206,0,1BGFz55jVuvLcUw7wVapsJQsdkMUNwDZba,50.0,p2pk,https://raw.githubusercontent.com/bensig/patoshi-addresses/main/patoshi_pubkeys_COMPLETE.csv
E,17208,0,12sML798iRBifngEttfbfCp9q2qH7QfrQp,50.0,p2pk,https://raw.githubusercontent.com/bensig/patoshi-addresses/main/patoshi_pubkeys_COMPLETE.csv
E,17210,0,1QLRUD7G9qniUV7KpDacsJABDMdJiFybj9,50.0,p2pk,https://raw.githubusercontent.com/bensig/patoshi-addresses/main/patoshi_pubkeys_COMPLETE.csv
E,17212,0,1N1cAiTbSWiHtW18i1tCELxPXqTFwea2ZF,50.0,p2pk,https://raw.githubusercontent.com/bensig/patoshi-addresses/main/patoshi_pubkeys_COMPLETE.csv
E,17213,0,1ebvvhRGkuDkfAaUaAK7bzmkw1fdi8vHb,50.0,p2pk,https://raw.githubusercontent.com/bensig/patoshi-addresses/main/patoshi_pubkeys_COMPLETE.csv
E,17214,0,1K2w3yxjN366msocbVvFa25Pe3k8AS6fjJ,50.0,p2pk,https://raw.githubusercontent.com/bensig/patoshi-addresses/main/patoshi_pubkeys_COMPLETE.csv
E,17216,0,1Exf8GUYmcfpSXSJPDMNizG7KoniMFa4Yp,50.0,p2pk,https://raw.githubusercontent.com/bensig/patoshi-addresses/main/patoshi_pubkeys_COMPLETE.csv
E,17217,0,18QnfcUUvoeCxwvvUGkmdCu5T7eLgiqkE1,50.0,p2pk,https://raw.githubusercontent.com/bensig/patoshi-addresses/main/patoshi_pubkeys_COMPLETE.csv
E,17219,0,1GKzSFGvhtYJhHFLGbkf6v1dnVyFexR16x,50.0,p2pk,https://raw.githubusercontent.com/bensig/patoshi-addresses/main/patoshi_pubkeys_COMPLETE.csv
E,17220,0,1LXVUqx21kdTyu7uujddWYK2Fm3PrnrvNL,50.0,p2pk,https://raw.githubusercontent.com/bensig/patoshi-addresses/main/patoshi_pubkeys_COMPLETE.csv
E,17222,0,1FpBGY2ibvX85PPYaTZ3UZQuj821hKGjiT,50.0,p2pk,https://raw.githubusercontent.com/bensig/patoshi-addresses/main/patoshi_pubkeys_COMPLETE.csv
E,17223,0,16TX2kKTmGGrAHWfhiyYNPTDfP9jc1h9LV,50.0,p2pk,https://raw.githubusercontent.com/bensig/patoshi-addresses/main/patoshi_pubkeys_COMPLETE.csv
E,17224,0,1oDcLkrzgXQjogMvz7TTDNtCLcyNyK2K4,50.0,p2pk,https://raw.githubusercontent.com/bensig/patoshi-addresses/main/patoshi_pubkeys_COMPLETE.csv
E,17225,0,1GfxrTFRmBF73TBNbU9zgUxMaTiFtieG4j,50.0,p2pk,https://raw.githubusercontent.com/bensig/patoshi-addresses/main/patoshi_pubkeys_COMPLETE.csv
E,17226,0,18ZdCwWSmVPgpL7eh45xwTHvKbqavsauxM,50.0,p2pk,https://raw.githubusercontent.com/bensig/patoshi-addresses/main/patoshi_pubkeys_COMPLETE.csv
E,17227,0,17S53UwRsjvN3sdH7SZDsx46Vy5E9rCB1c,50.0,p2pk,https://raw.githubusercontent.com/bensig/patoshi-addresses/main/patoshi_pubkeys_COMPLETE.csv
E,17229,0,1HV9QcAPfTqRyDgURGttbSCxD3uLKHA7p2,50.0,p2pk,https://raw.githubusercontent.com/bensig/patoshi-addresses/main/patoshi_pubkeys_COMPLETE.csv
E,17231,0,1JmN1PpaAhm8nKcDUQqHFk9zvGWQa9TGff,50.0,p2pk,https://raw.githubusercontent.com/bensig/patoshi-addresses/main/patoshi_pubkeys_COMPLETE.csv
E,17232,0,1DZN9ToB8rtFh459uhjrb7moKGdrk58ALW,50.0,p2pk,https://raw.githubusercontent.com/bensig/patoshi-addresses/main/patoshi_pubkeys_COMPLETE.csv
E,17234,0,16JfhDf8TCL9KJtZjspRubF7ZhWryFpwwJ,50.0,p2pk,https://raw.githubusercontent.com/bensig/patoshi-addresses/main/patoshi_pubkeys_COMPLETE.csv
E,17235,0,1EsbisesFgkcQ4nFojfiMx7hMyoZZgo1y7,50.0,p2pk,https://raw.githubusercontent.com/bensig/patoshi-addresses/main/patoshi_pubkeys_COMPLETE.csv
E,17236,0,1EJPsebyVuAsc6NuCckkaj6mdYWxy7qmLh,50.0,p2pk,https://raw.githubusercontent.com/bensig/patoshi-addresses/main/patoshi_pubkeys_COMPLETE.csv
E,17238,0,18qjpZoduQmmEJ8ntvKQU24Fa2LbqaXtdN,50.0,p2pk,https://raw.githubusercontent.com/bensig/patoshi-addresses/main/patoshi_pubkeys_COMPLETE.csv
E,17239,0,1L1ZsMzREppjLbNEmtYHBVhBFNKYReSuwB,50.0,p2pk,https://raw.githubusercontent.com/bensig/patoshi-addresses/main/patoshi_pubkeys_COMPLETE.csv
E,17240,0,1JyS9FbxCvctQFeq6xX3jxzMdUrPHP7hWN,50.0,p2pk,https://raw.githubusercontent.com/bensig/patoshi-addresses/main/patoshi_pubkeys_COMPLETE.csv
E,17241,0,12M8jP74hVn3M8vp5QCyGMGSadjXrYc1rJ,50.0,p2pk,https://raw.githubusercontent.com/bensig/patoshi-addresses/main/patoshi_pubkeys_COMPLETE.csv
E,17243,0,19tvJ23Sp5whMrAv6ryVk1SGH7VfQXgPJx,50.0,p2pk,https://raw.githubusercontent.com/bensig/patoshi-addresses/main/patoshi_pubkeys_COMPLETE.csv
E,17245,0,1HUGCmAHfHPMBDab6uLaCHPp8XvVocJ5o1,50.0,p2pk,https://raw.githubusercontent.com/bensig/patoshi-addresses/main/patoshi_pubkeys_COMPLETE.csv
E,17247,0,12pVxgAS1eWdcFLhNQmtyZNsURA7TyA1wd,50.0,p2pk,https://raw.githubusercontent.com/bensig/patoshi-addresses/main/patoshi_pubkeys_COMPLETE.csv
E,17249,0,19nj177E11JdHqH7sYNui5iPxzYLg9w1wi,50.0,p2pk,https://raw.githubusercontent.com/bensig/patoshi-addresses/main/patoshi_pubkeys_COMPLETE.csv
E,17250,0,1BCCEsbkdiEko5ifND879VmRnsCpDDFkHe,50.0,p2pk,https://raw.githubusercontent.com/bensig/patoshi-addresses/main/patoshi_pubkeys_COMPLETE.csv
E,17251,0,1K7fPxvoj3WgWSn999YagqEBusg7iiUfB2,50.0,p2pk,https://raw.githubusercontent.com/bensig/patoshi-addresses/main/patoshi_pubkeys_COMPLETE.csv
E,17252,0,1526zx8e4trrHTxyHxVWqVrHohwewnciVd,50.0,p2pk,https://raw.githubusercontent.com/bensig/patoshi-addresses/main/patoshi_pubkeys_COMPLETE.csv
E,17253,0,1KdcwkePZSjkKaMXGW9Dza6rgavdHw6JYy,50.0,p2pk,https://raw.githubusercontent.com/bensig/patoshi-addresses/main/patoshi_pubkeys_COMPLETE.csv
E,17254,0,1NifXQ4y1yPUfmD46Sr8BiRza9EEva9P7x,50.0,p2pk,https://raw.githubusercontent.com/bensig/patoshi-addresses/main/patoshi_pubkeys_COMPLETE.csv
E,17256,0,1Wa4rhaQJQ2aEMAapMqALmA67rCrMYt8K,50.0,p2pk,https://raw.githubusercontent.com/bensig/patoshi-addresses/main/patoshi_pubkeys_COMPLETE.csv
E,17258,0,1P9Fcm7sstcBgMXkng2GfdBNvEVX4FnGZN,50.0,p2pk,https://raw.githubusercontent.com/bensig/patoshi-addresses/main/patoshi_pubkeys_COMPLETE.csv
E,17260,0,1N63qhKcfPTFR5zZMRFnF1GD1vvYAAugyN,50.0,p2pk,https://raw.githubusercontent.com/bensig/patoshi-addresses/main/patoshi_pubkeys_COMPLETE.csv
E,17261,0,1FjjmP1HEsneUar2j88pWC1uo1ucJuCJC8,50.0,p2pk,https://raw.githubusercontent.com/bensig/patoshi-addresses/main/patoshi_pubkeys_COMPLETE.csv
E,17263,0,19CKYwJCo8Dpjn7JuPPREm5fiQEKe4bqzY,50.0,p2pk,https://raw.githubusercontent.com/bensig/patoshi-addresses/main/patoshi_pubkeys_COMPLETE.csv
E,17266,0,14Z9atsu4PREn9NHUXPGBLfSaWeUsHApNB,50.0,p2pk,https://raw.githubusercontent.com/bensig/patoshi-addresses/main/patoshi_pubkeys_COMPLETE.csv
E,17267,0,18XQcczXU8b579Edo3m6g8ifAVTEgJXuNv,50.0,p2pk,https://raw.githubusercontent.com/bensig/patoshi-addresses/main/patoshi_pubkeys_COMPLETE.csv
E,17268,0,139fSSEitTfnhMyTsaCbR6k8cwmbM8YHrH,50.0,p2pk,https://raw.githubusercontent.com/bensig/patoshi-addresses/main/patoshi_pubkeys_COMPLETE.csv
E,17270,0,18qVtQ89wnWwf1bj63ihiajLzxjTUSn6tY,50.0,p2pk,https://raw.githubusercontent.com/bensig/patoshi-addresses/main/patoshi_pubkeys_COMPLETE.csv
E,17272,0,16AUp9qnLZ8EtL8Dme1pjJQBdVzPLekAB7,50.0,p2pk,https://raw.githubusercontent.com/bensig/patoshi-addresses/main/patoshi_pubkeys_COMPLETE.csv
E,17275,0,1MM8wNFpqctpPAgr3656KXDPDSPc3NTw7G,50.0,p2pk,https://raw.githubusercontent.com/bensig/patoshi-addresses/main/patoshi_pubkeys_COMPLETE.csv
E,17276,0,14jj6wXsWpzXsYVtHou8r4Pnt2wTVzxc7L,50.0,p2pk,https://raw.githubusercontent.com/bensig/patoshi-addresses/main/patoshi_pubkeys_COMPLETE.csv
E,17278,0,1434AmAsmsQTdNuswFF1NCRt8TW7a5gaVt,50.0,p2pk,https://raw.githubusercontent.com/bensig/patoshi-addresses/main/patoshi_pubkeys_COMPLETE.csv
E,17281,0,14iME5QT5KMnagKtdWQCYcn9Q6JqEjdcYU,50.0,p2pk,https://raw.githubusercontent.com/bensig/patoshi-addresses/main/patoshi_pubkeys_COMPLETE.csv
E,17282,0,1EgCDBVoCnCc4TWe4ACzqKwtsxRyYAomm3,50.0,p2pk,https://raw.githubusercontent.com/bensig/patoshi-addresses/main/patoshi_pubkeys_COMPLETE.csv
E,17284,0,1DNTmBLTyTjR7HUsUGSmdWKveBUMao7BAx,50.0,p2pk,https://raw.githubusercontent.com/bensig/patoshi-addresses/main/patoshi_pubkeys_COMPLETE.csv
E,17285,0,16i9aGZUenBPNFWGhsfgzrWoV2gmiELpxx,50.0,p2pk,https://raw.githubusercontent.com/bensig/patoshi-addresses/main/patoshi_pubkeys_COMPLETE.csv
E,17286,0,1PJC2sgXS7wgzx1t2znBiAiMmCRR6YvZgC,50.0,p2pk,https://raw.githubusercontent.com/bensig/patoshi-addresses/main/patoshi_pubkeys_COMPLETE.csv
E,17288,0,1Q3hVptvATrupKsPPCQiGdFWZLj8uVBKQs,50.0,p2pk,https://raw.githubusercontent.com/bensig/patoshi-addresses/main/patoshi_pubkeys_COMPLETE.csv
E,17289,0,1G1YuySmQx3zgo8tixb5oop726jQDCUpLL,50.0,p2pk,https://raw.githubusercontent.com/bensig/patoshi-addresses/main/patoshi_pubkeys_COMPLETE.csv
E,17290,0,1CpeL6mpKK1iwW2i6Mdc28KvuK84BrZEbG,50.0,p2pk,https://raw.githubusercontent.com/bensig/patoshi-addresses/main/patoshi_pubkeys_COMPLETE.csv
E,17291,0,1N7GF6t66N9ptxueYKxA4kG3UtrgyT49ds,50.0,p2pk,https://raw.githubusercontent.com/bensig/patoshi-addresses/main/patoshi_pubkeys_COMPLETE.csv
E,17292,0,1PSCbX3JjGYJvm82NhxSU65EfrTrh8Team,50.0,p2pk,https://raw.githubusercontent.com/bensig/patoshi-addresses/main/patoshi_pubkeys_COMPLETE.csv
E,17293,0,14u8SQKRj5AGYB6VsJrXsE14CDiMKYcCjE,50.0,p2pk,https://raw.githubusercontent.com/bensig/patoshi-addresses/main/patoshi_pubkeys_COMPLETE.csv
E,17294,0,1ECUYwrFPpBEXayoxpxpG6AimmU7fTf388,50.0,p2pk,https://raw.githubusercontent.com/bensig/patoshi-addresses/main/patoshi_pubkeys_COMPLETE.csv
E,17297,0,1ykmU2TCMBYZvjtWXc8Y6qcseYdT9nTsQ,50.0,p2pk,https://raw.githubusercontent.com/bensig/patoshi-addresses/main/patoshi_pubkeys_COMPLETE.csv
E,17299,0,1MzFmNGT2puUZ4gmwX74vat4nweHvL2zRV,50.0,p2pk,https://raw.githubusercontent.com/bensig/patoshi-addresses/main/patoshi_pubkeys_COMPLETE.csv
E,17300,0,18FVzUFJQXdwS2MFaeWE72xwPcJAB6e3xz,50.0,p2pk,https://raw.githubusercontent.com/bensig/patoshi-addresses/main/patoshi_pubkeys_COMPLETE.csv
E,17301,0,1FFxvCB9vvdrAFvAYpCuGFuha3PdztTLsY,50.0,p2pk,https://raw.githubusercontent.com/bensig/patoshi-addresses/main/patoshi_pubkeys_COMPLETE.csv
E,17302,0,1NqYzEsoSE4GbKXepE5856AUZXBWKsC7Gh,50.0,p2pk,https://raw.githubusercontent.com/bensig/patoshi-addresses/main/patoshi_pubkeys_COMPLETE.csv
E,17303,0,1E8qkmqdv87DbGrktwMNijK5JahQMR9yKU,50.0,p2pk,https://raw.githubusercontent.com/bensig/patoshi-addresses/main/patoshi_pubkeys_COMPLETE.csv
E,17304,0,15yyvFejNAL1iwtW5MjkcDKr1s59oB3yNE,50.0,p2pk,https://raw.githubusercontent.com/bensig/patoshi-addresses/main/patoshi_pubkeys_COMPLETE.csv
E,17305,0,1DacfwWF3Q3dUaz6R6cNzG42Kd2auZWn3,50.0,p2pk,https://raw.githubusercontent.com/bensig/patoshi-addresses/main/patoshi_pubkeys_COMPLETE.csv
E,17306,0,1LZ9K4qnHA5XDBmrqumuudCt3oWXugXXuu,50.0,p2pk,https://raw.githubusercontent.com/bensig/patoshi-addresses/main/patoshi_pubkeys_COMPLETE.csv
E,17307,0,1HwRg7BZx2kP9Ay3pXuAqL3ShF6U3huADa,50.0,p2pk,https://raw.githubusercontent.com/bensig/patoshi-addresses/main/patoshi_pubkeys_COMPLETE.csv
E,17308,0,1HsFBryP6UdyHpmd46x25Ydoxq9Yr3FG58,50.0,p2pk,https://raw.githubusercontent.com/bensig/patoshi-addresses/main/patoshi_pubkeys_COMPLETE.csv
E,17309,0,1GqoHEYbUxi67PXmcCsf1fmJdcW5BpQ2dk,50.0,p2pk,https://raw.githubusercontent.com/bensig/patoshi-addresses/main/patoshi_pubkeys_COMPLETE.csv
E,17311,0,17uCZ9qDZD8mGdU2QfgRmWxTsW1DmyYk3R,50.0,p2pk,https://raw.githubusercontent.com/bensig/patoshi-addresses/main/patoshi_pubkeys_COMPLETE.csv
E,17313,0,1Po6isexEwtzjW1nfPDDEPKcyuoAc3wT5b,50.0,p2pk,https://raw.githubusercontent.com/bensig/patoshi-addresses/main/patoshi_pubkeys_COMPLETE.csv
E,17314,0,1J3VmkMMUbEv7LDz9GKdyFn2vZSmH132Vj,50.0,p2pk,https://raw.githubusercontent.com/bensig/patoshi-addresses/main/patoshi_pubkeys_COMPLETE.csv
E,17315,0,1MxmAK9DQtzU2uEzKA8JWf8P6j5zSnHkqK,50.0,p2pk,https://raw.githubusercontent.com/bensig/patoshi-addresses/main/patoshi_pubkeys_COMPLETE.csv
E,17316,0,1GFuKgZ9AFS63YBmSgjDysszA2LiUMo5SY,50.0,p2pk,https://raw.githubusercontent.com/bensig/patoshi-addresses/main/patoshi_pubkeys_COMPLETE.csv
E,17317,0,1jihGEw5mLvPogKuyS9g216w7rP1riUDv,50.0,p2pk,https://raw.githubusercontent.com/bensig/patoshi-addresses/main/patoshi_pubkeys_COMPLETE.csv
E,17318,0,14wKyEYew9cMyXHivQfzMdMkjL9gWx8Z3V,50.0,p2pk,https://raw.githubusercontent.com/bensig/patoshi-addresses/main/patoshi_pubkeys_COMPLETE.csv
E,17319,0,16PcxDELHhKD8Zum6knoUYN3x3MWByhrR6,50.0,p2pk,https://raw.githubusercontent.com/bensig/patoshi-addresses/main/patoshi_pubkeys_COMPLETE.csv
E,17320,0,12uqVfsgkKfqD2ttfSekQLBT8dno5f9Ent,50.0,p2pk,https://raw.githubusercontent.com/bensig/patoshi-addresses/main/patoshi_pubkeys_COMPLETE.csv
E,17321,0,1qv2RRqRZ7n96v95K8i2VCcmdWXMigk4H,50.0,p2pk,https://raw.githubusercontent.com/bensig/patoshi-addresses/main/patoshi_pubkeys_COMPLETE.csv
E,17322,0,12up4Hd7wYq7NcgPaZ7yR5rGQhYaj6zqpQ,50.0,p2pk,https://raw.githubusercontent.com/bensig/patoshi-addresses/main/patoshi_pubkeys_COMPLETE.csv
E,17323,0,18Swgqi4yhucJ4p4fx22tMMztqYhMwZR5W,50.0,p2pk,https://raw.githubusercontent.com/bensig/patoshi-addresses/main/patoshi_pubkeys_COMPLETE.csv
E,17324,0,19A7rgrQMp9LkpC3qNHFUbPfzWBhdradSw,50.0,p2pk,https://raw.githubusercontent.com/bensig/patoshi-addresses/main/patoshi_pubkeys_COMPLETE.csv
E,17325,0,1973XGKvcAFWeQeGPUZLqKGiJ5VBAGmMU,50.0,p2pk,https://raw.githubusercontent.com/bensig/patoshi-addresses/main/patoshi_pubkeys_COMPLETE.csv
E,17326,0,1FNRg21GZYfbVBSPnhhkxjacgfwxSajB8C,50.0,p2pk,https://raw.githubusercontent.com/bensig/patoshi-addresses/main/patoshi_pubkeys_COMPLETE.csv
E,17328,0,15KPqF7ei66Egzu4f5e5fF4PdhiHGwnHoF,50.0,p2pk,https://raw.githubusercontent.com/bensig/patoshi-addresses/main/patoshi_pubkeys_COMPLETE.csv
E,17329,0,1A3oe1ttNVwZbDCKiLwdXj1oixrcFWcFP,50.0,p2pk,https://raw.githubusercontent.com/bensig/patoshi-addresses/main/patoshi_pubkeys_COMPLETE.csv
E,17331,0,18b1WDTDDWDDMeT9sC5JbkeuSJDU55kW7D,50.0,p2pk,https://raw.githubusercontent.com/bensig/patoshi-addresses/main/patoshi_pubkeys_COMPLETE.csv
E,17336,0,15UCAFUxSLspCeppv1T8j1QZigvFfQc43h,50.0,p2pk,https://raw.githubusercontent.com/bensig/patoshi-addresses/main/patoshi_pubkeys_COMPLETE.csv
E,17337,0,1JNTgZfCAwt8j2UhzRxRfELpcQvcgW6BuZ,50.0,p2pk,https://raw.githubusercontent.com/bensig/patoshi-addresses/main/patoshi_pubkeys_COMPLETE.csv
E,17339,0,19Gr1T1SGASf3a4ACdrmZqbEVumz1rRkfz,50.0,p2pk,https://raw.githubusercontent.com/bensig/patoshi-addresses/main/patoshi_pubkeys_COMPLETE.csv
E,17340,0,1Mw238bMHDBHvRzwDwcG2FRaKuQhteYrxu,50.0,p2pk,https://raw.githubusercontent.com/bensig/patoshi-addresses/main/patoshi_pubkeys_COMPLETE.csv
E,17341,0,1H1fYAyJacR7C9XcZRHhsA6MX5Aao7Yyyy,50.0,p2pk,https://raw.githubusercontent.com/bensig/patoshi-addresses/main/patoshi_pubkeys_COMPLETE.csv
E,17342,0,14q56nVSRFJJVYPtWTQXwKef9riro6QqKi,50.0,p2pk,https://raw.githubusercontent.com/bensig/patoshi-addresses/main/patoshi_pubkeys_COMPLETE.csv
E,17344,0,1EnKjTQgpcjHWece5ij5XCRj8cZD6q8aCy,50.0,p2pk,https://raw.githubusercontent.com/bensig/patoshi-addresses/main/patoshi_pubkeys_COMPLETE.csv
E,17345,0,1BEPbmiP5kp1YqGr4rkoJtXTuj5V4Bfxf5,50.0,p2pk,https://raw.githubusercontent.com/bensig/patoshi-addresses/main/patoshi_pubkeys_COMPLETE.csv
E,17347,0,1PDo1tesoLcDKacbSdEMkjhxuBTQmt1rQN,50.0,p2pk,https://raw.githubusercontent.com/bensig/patoshi-addresses/main/patoshi_pubkeys_COMPLETE.csv
E,17348,0,1AStsAwAYtecYRs74CugnynDEQHdxz69bt,50.0,p2pk,https://raw.githubusercontent.com/bensig/patoshi-addresses/main/patoshi_pubkeys_COMPLETE.csv
E,17349,0,15QNzzqS9zLVyBvMR4kFKvxQFkDq8fFVqo,50.0,p2pk,https://raw.githubusercontent.com/bensig/patoshi-addresses/main/patoshi_pubkeys_COMPLETE.csv
E,17350,0,14bfSuQ8BPadYoXUtNAw245QHK1K1Jti1D,50.0,p2pk,https://raw.githubusercontent.com/bensig/patoshi-addresses/main/patoshi_pubkeys_COMPLETE.csv
E,17351,0,13Uv7ZebkfDjPoKeWAfDYGWL2HRL1Hzh2M,50.0,p2pk,https://raw.githubusercontent.com/bensig/patoshi-addresses/main/patoshi_pubkeys_COMPLETE.csv
E,17352,0,17pzM1Y2Exg5uadP8upZx3d9Rf8SzF8iNf,50.0,p2pk,https://raw.githubusercontent.com/bensig/patoshi-addresses/main/patoshi_pubkeys_COMPLETE.csv
E,17353,0,15mUdKFizhEt1vktGZbkcsH4j6C488DM7N,50.0,p2pk,https://raw.githubusercontent.com/bensig/patoshi-addresses/main/patoshi_pubkeys_COMPLETE.csv
E,17354,0,1wC3mH7hFUjw6NGzhxtWiennZS26yvnHq,50.0,p2pk,https://raw.githubusercontent.com/bensig/patoshi-addresses/main/patoshi_pubkeys_COMPLETE.csv
E,17355,0,12kYoYA1RbW7w2YLgUCRQRr4zUkeGvYFjA,50.0,p2pk,https://raw.githubusercontent.com/bensig/patoshi-addresses/main/patoshi_pubkeys_COMPLETE.csv
E,17356,0,1P6pii88Dxj5GYxCMgXEdrEzhBmTPLu9dx,50.0,p2pk,https://raw.githubusercontent.com/bensig/patoshi-addresses/main/patoshi_pubkeys_COMPLETE.csv
E,17358,0,12JjWj65HVwF4ruf7KGGxq4wWoRQXpBkST,50.0,p2pk,https://raw.githubusercontent.com/bensig/patoshi-addresses/main/patoshi_pubkeys_COMPLETE.csv
E,17359,0,1KX4RVmL3eAkctDsDpHn77ETE29YinzrLi,50.0,p2pk,https://raw.githubusercontent.com/bensig/patoshi-addresses/main/patoshi_pubkeys_COMPLETE.csv
E,17360,0,19ZzN9ZDXF3ScbWUU11zkAuBo8Egsfau8t,50.0,p2pk,https://raw.githubusercontent.com/bensig/patoshi-addresses/main/patoshi_pubkeys_COMPLETE.csv
E,17361,0,1NdLPLSVNxAemQ3VnBAytxyzBmTVpetZrZ,50.0,p2pk,https://raw.githubusercontent.com/bensig/patoshi-addresses/main/patoshi_pubkeys_COMPLETE.csv
E,17362,0,1BH4TScGHUPXHMrQaGpEhjDvYS9itPMwTB,50.0,p2pk,https://raw.githubusercontent.com/bensig/patoshi-addresses/main/patoshi_pubkeys_COMPLETE.csv
E,17365,0,1HhDYSydixK5kpYjhqELTijqeTBd4e9T1V,50.0,p2pk,https://raw.githubusercontent.com/bensig/patoshi-addresses/main/patoshi_pubkeys_COMPLETE.csv
E,17369,0,1GQNHoLQLH1ACJcog7NYg6VgydXRLhmETJ,50.0,p2pk,https://raw.githubusercontent.com/bensig/patoshi-addresses/main/patoshi_pubkeys_COMPLETE.csv
E,17370,0,1AgFVsAvDSqYHb3ZiVqV3MLPSvC2SB5ja4,50.0,p2pk,https://raw.githubusercontent.com/bensig/patoshi-addresses/main/patoshi_pubkeys_COMPLETE.csv
E,17371,0,1Fx3DgMrxy8Z7aPm8i9VXaxjYu2qAoG4R6,50.0,p2pk,https://raw.githubusercontent.com/bensig/patoshi-addresses/main/patoshi_pubkeys_COMPLETE.csv
E,17372,0,1JQasnLDg86adfi6orGwsdWxFsRVnxnVdy,50.0,p2pk,https://raw.githubusercontent.com/bensig/patoshi-addresses/main/patoshi_pubkeys_COMPLETE.csv
E,17373,0,1LNtfi3ZcEWbXcS1JvvSRSnYDGdKTjGsWV,50.0,p2pk,https://raw.githubusercontent.com/bensig/patoshi-addresses/main/patoshi_pubkeys_COMPLETE.csv
E,17375,0,1F1Wc9cnnQXNT4BbSB3o1Ns8h6DDtQHicQ,50.0,p2pk,https://raw.githubusercontent.com/bensig/patoshi-addresses/main/patoshi_pubkeys_COMPLETE.csv
E,17377,0,1J8W2ZPkucWznebVnwZdo6i2jojtqB9vid,50.0,p2pk,https://raw.githubusercontent.com/bensig/patoshi-addresses/main/patoshi_pubkeys_COMPLETE.csv
E,17378,0,15AzJXurQCoAMjfC2cNyT58a3zsZCwdHcn,50.0,p2pk,https://raw.githubusercontent.com/bensig/patoshi-addresses/main/patoshi_pubkeys_COMPLETE.csv
E,17381,0,1ebSDWLfCh6T3NCu2hWGN6ZWnqYqWVUws,50.0,p2pk,https://raw.githubusercontent.com/bensig/patoshi-addresses/main/patoshi_pubkeys_COMPLETE.csv
E,17382,0,15fQMMeR2i1SBHRfEU3YM2Wo8veZrhAFhK,50.0,p2pk,https://raw.githubusercontent.com/bensig/patoshi-addresses/main/patoshi_pubkeys_COMPLETE.csv
E,17383,0,1BYu7snJCeuMiPL9qR8PmhYg1fWRjMMMwY,50.0,p2pk,https://raw.githubusercontent.com/bensig/patoshi-addresses/main/patoshi_pubkeys_COMPLETE.csv
E,17384,0,14cnfX2kUdja3vkteo16wPMuVCraKk12kz,50.0,p2pk,https://raw.githubusercontent.com/bensig/patoshi-addresses/main/patoshi_pubkeys_COMPLETE.csv
E,17385,0,1LMUNXFLqYT9hqcLV84TsCyGJY6yvB577i,50.0,p2pk,https://raw.githubusercontent.com/bensig/patoshi-addresses/main/patoshi_pubkeys_COMPLETE.csv
E,17386,0,1LPAJj3jvBRi6UQ26SP9vzZdSQ1U39wZFZ,50.0,p2pk,https://raw.githubusercontent.com/bensig/patoshi-addresses/main/patoshi_pubkeys_COMPLETE.csv
E,17387,0,1PkCkJiQ31xawmRLjp6cqM9brrDNkACmWu,50.0,p2pk,https://raw.githubusercontent.com/bensig/patoshi-addresses/main/patoshi_pubkeys_COMPLETE.csv
E,17389,0,17BFautpjWF5mSDcU9aCqKfPXPMXZaFyg,50.0,p2pk,https://raw.githubusercontent.com/bensig/patoshi-addresses/main/patoshi_pubkeys_COMPLETE.csv
E,17390,0,1JQnJsbvtsCyjhFz6EUjW3Qt2CFztgDTni,50.0,p2pk,https://raw.githubusercontent.com/bensig/patoshi-addresses/main/patoshi_pubkeys_COMPLETE.csv
E,17391,0,1BfJxeAUNEqnsBJdgyLRpZ7Hfqu8ndTYpP,50.0,p2pk,https://raw.githubusercontent.com/bensig/patoshi-addresses/main/patoshi_pubkeys_COMPLETE.csv
E,17392,0,1zn6RvAtZdsiNFBtivFpdv1ALeXLUyLH3,50.0,p2pk,https://raw.githubusercontent.com/bensig/patoshi-addresses/main/patoshi_pubkeys_COMPLETE.csv
E,17393,0,1Ke9iirD4dFVfWt5JC6dtZQ8wv5oBLsSbK,50.0,p2pk,https://raw.githubusercontent.com/bensig/patoshi-addresses/main/patoshi_pubkeys_COMPLETE.csv
E,17394,0,1Ew2Xhj4MfyvKc1HWEBJCk3BrjDZP3znGs,50.0,p2pk,https://raw.githubusercontent.com/bensig/patoshi-addresses/main/patoshi_pubkeys_COMPLETE.csv
E,17395,0,18rDjVzf1qPXFBkV8qY9udeDyf8nHAWQrN,50.0,p2pk,https://raw.githubusercontent.com/bensig/patoshi-addresses/main/patoshi_pubkeys_COMPLETE.csv
E,17396,0,1Ges1vr23jnJngmCDfTviaEyzAmCPcUohh,50.0,p2pk,https://raw.githubusercontent.com/bensig/patoshi-addresses/main/patoshi_pubkeys_COMPLETE.csv
E,17397,0,12GwCPmzZ7NYugE5FKQNC9uDVemPnzTsVm,50.0,p2pk,https://raw.githubusercontent.com/bensig/patoshi-addresses/main/patoshi_pubkeys_COMPLETE.csv
E,17398,0,1zvh7SktLm9rXZLYia5dLVqavCTdbYm6p,50.0,p2pk,https://raw.githubusercontent.com/bensig/patoshi-addresses/main/patoshi_pubkeys_COMPLETE.csv
E,17399,0,1MAbki4tVBkYHVgLX1PbY5nwpS4rWCWV9v,50.0,p2pk,https://raw.githubusercontent.com/bensig/patoshi-addresses/main/patoshi_pubkeys_COMPLETE.csv
E,17400,0,1NsgjbqFQ3X734gFzPqtwDbzxTecDXk3wg,50.0,p2pk,https://raw.githubusercontent.com/bensig/patoshi-addresses/main/patoshi_pubkeys_COMPLETE.csv
E,17401,0,1MHn3zwCkUXX5xi6PF5UNpEZQcbHAJFdi2,50.0,p2pk,https://raw.githubusercontent.com/bensig/patoshi-addresses/main/patoshi_pubkeys_COMPLETE.csv
E,17402,0,188xomRsJHB8ktbrHY2XBdHEtLhLkDMb9M,50.0,p2pk,https://raw.githubusercontent.com/bensig/patoshi-addresses/main/patoshi_pubkeys_COMPLETE.csv
E,17403,0,1Gi9FPUmpTn8fBWGEwxjNGXHTHPkWhD7xV,50.0,p2pk,https://raw.githubusercontent.com/bensig/patoshi-addresses/main/patoshi_pubkeys_COMPLETE.csv
E,17405,0,1sFYDsAx8pvJ7FLWWtmqayB7UHEY6HZf2,50.0,p2pk,https://raw.githubusercontent.com/bensig/patoshi-addresses/main/patoshi_pubkeys_COMPLETE.csv
E,17406,0,1Dnn48mnDQvCPYoE3s8NoP1eKyYaKwo5h,50.0,p2pk,https://raw.githubusercontent.com/bensig/patoshi-addresses/main/patoshi_pubkeys_COMPLETE.csv
E,17408,0,17r4S9qE6xFHoG1nwnqadkLC9KbvvzHSUC,50.0,p2pk,https://raw.githubusercontent.com/bensig/patoshi-addresses/main/patoshi_pubkeys_COMPLETE.csv
E,17409,0,169v4ojaRVZQAjAEknEisri7XrEW2sx25w,50.0,p2pk,https://raw.githubusercontent.com/bensig/patoshi-addresses/main/patoshi_pubkeys_COMPLETE.csv
E,17411,0,15316Gg3Xgq6wiHyfrQsbCcNst1rZqCmfe,50.0,p2pk,https://raw.githubusercontent.com/bensig/patoshi-addresses/main/patoshi_pubkeys_COMPLETE.csv
E,17412,0,17RS4mxY3RXei1KFZSDE6m8ffeS7AHPJqN,50.0,p2pk,https://raw.githubusercontent.com/bensig/patoshi-addresses/main/patoshi_pubkeys_COMPLETE.csv
E,17413,0,1A6CxzaKMyAXKonGdUo9QLj6evgAT7feXf,50.0,p2pk,https://raw.githubusercontent.com/bensig/patoshi-addresses/main/patoshi_pubkeys_COMPLETE.csv
E,17416,0,1AMeLC7sw8KULpPix8eXoaZvLdPEHqNHXQ,50.0,p2pk,https://raw.githubusercontent.com/bensig/patoshi-addresses/main/patoshi_pubkeys_COMPLETE.csv
E,17417,0,1P36eWpjiB5ci7uANKqyGRTECe4CwfR9xe,50.0,p2pk,https://raw.githubusercontent.com/bensig/patoshi-addresses/main/patoshi_pubkeys_COMPLETE.csv
E,17421,0,1LTnLaGFQ5sAgFA96XQEXceUWh9memDUEX,50.0,p2pk,https://raw.githubusercontent.com/bensig/patoshi-addresses/main/patoshi_pubkeys_COMPLETE.csv
E,17422,0,1GrtpVZuSeTdDcVK6bKC7FpnYM6QGEYURv,50.0,p2pk,https://raw.githubusercontent.com/bensig/patoshi-addresses/main/patoshi_pubkeys_COMPLETE.csv
E,17426,0,18hj4XrAgrhPqeNbTfA8HMP7BPkYj7agXr,50.0,p2pk,https://raw.githubusercontent.com/bensig/patoshi-addresses/main/patoshi_pubkeys_COMPLETE.csv
E,17429,0,19GUZZFfxtNJg6e2tvJRNqFpRL2JywYX9n,50.0,p2pk,https://raw.githubusercontent.com/bensig/patoshi-addresses/main/patoshi_pubkeys_COMPLETE.csv
E,17430,0,1GfPmSXqsNQHMq9pbz8z1EZsqC52YT6X5A,50.0,p2pk,https://raw.githubusercontent.com/bensig/patoshi-addresses/main/patoshi_pubkeys_COMPLETE.csv
E,17431,0,15WhKxmUY2X34UiHUvqYxoJrFpYdk3mwBQ,50.0,p2pk,https://raw.githubusercontent.com/bensig/patoshi-addresses/main/patoshi_pubkeys_COMPLETE.csv
E,17432,0,1L3QSiQBavNF9GSJKQBuSfA1porwiqZwaP,50.0,p2pk,https://raw.githubusercontent.com/bensig/patoshi-addresses/main/patoshi_pubkeys_COMPLETE.csv
E,17435,0,1BczVaWw7MddWRLZ9VFTA3LzFUdTzrFFy7,50.0,p2pk,https://raw.githubusercontent.com/bensig/patoshi-addresses/main/patoshi_pubkeys_COMPLETE.csv
E,17437,0,19dJwoM6tfBdcBGEKtsFpmvAm7uW41mJhP,50.0,p2pk,https://raw.githubusercontent.com/bensig/patoshi-addresses/main/patoshi_pubkeys_COMPLETE.csv
E,17438,0,1QR9ftkAXQxzY3hQxuPDqdTGNUo8jAfeX,50.0,p2pk,https://raw.githubusercontent.com/bensig/patoshi-addresses/main/patoshi_pubkeys_COMPLETE.csv
E,17442,0,1MJCbzgzqN2j6F2c1UYTScMARtD7t49Ltk,50.0,p2pk,https://raw.githubusercontent.com/bensig/patoshi-addresses/main/patoshi_pubkeys_COMPLETE.csv
E,17443,0,1Ltpn1AKaDv8yqJFfBgkFJaCQvA76aDEvD,50.0,p2pk,https://raw.githubusercontent.com/bensig/patoshi-addresses/main/patoshi_pubkeys_COMPLETE.csv
E,17445,0,1JtcpJ7fPPpPkSeGx1aZX6nsw6zwgi9QEF,50.0,p2pk,https://raw.githubusercontent.com/bensig/patoshi-addresses/main/patoshi_pubkeys_COMPLETE.csv
E,17446,0,1DtwCiUv3fu5nov8dJuQ5naeeSkLo6vBte,50.0,p2pk,https://raw.githubusercontent.com/bensig/patoshi-addresses/main/patoshi_pubkeys_COMPLETE.csv
E,17447,0,12mkJ9DhbDJZb8ennohVbDbYDs8kvcXEPv,50.0,p2pk,https://raw.githubusercontent.com/bensig/patoshi-addresses/main/patoshi_pubkeys_COMPLETE.csv
E,17448,0,1AuJcpCRMBKKSv1RjWkgftT5EHDV3n1wfz,50.0,p2pk,https://raw.githubusercontent.com/bensig/patoshi-addresses/main/patoshi_pubkeys_COMPLETE.csv
E,17450,0,1Cuo7THe7vMgFPLdTwziD6XM5tqcsaDEki,50.0,p2pk,https://raw.githubusercontent.com/bensig/patoshi-addresses/main/patoshi_pubkeys_COMPLETE.csv
E,17451,0,1EtVhEJztT9FxAkEMDjR6zB2wM2MuWLWAb,50.0,p2pk,https://raw.githubusercontent.com/bensig/patoshi-addresses/main/patoshi_pubkeys_COMPLETE.csv
E,17454,0,15Kfjt14GxTkUzsMVKzpfmQRxekBP4kfC8,50.0,p2pk,https://raw.githubusercontent.com/bensig/patoshi-addresses/main/patoshi_pubkeys_COMPLETE.csv
E,17455,0,19JEw92UBMA3eAPPrbMVEG9qTjqSt4KiQw,50.0,p2pk,https://raw.githubusercontent.com/bensig/patoshi-addresses/main/patoshi_pubkeys_COMPLETE.csv
E,17457,0,14vRmCg4Vg4UnbQbTRaGqZDyjCvJcCJLyo,50.0,p2pk,https://raw.githubusercontent.com/bensig/patoshi-addresses/main/patoshi_pubkeys_COMPLETE.csv
E,17459,0,1NYJ1JXTKVyws8JyQ4gTqL5CF4spGhbcMP,50.0,p2pk,https://raw.githubusercontent.com/bensig/patoshi-addresses/main/patoshi_pubkeys_COMPLETE.csv
E,17460,0,14yScXEiTGvpmwd4JtcttGPqC4cMC5vpPw,50.0,p2pk,https://raw.githubusercontent.com/bensig/patoshi-addresses/main/patoshi_pubkeys_COMPLETE.csv
E,17461,0,19zNhwebE5pTZMAo96DFANqWFgWia4EHst,50.0,p2pk,https://raw.githubusercontent.com/bensig/patoshi-addresses/main/patoshi_pubkeys_COMPLETE.csv
E,17462,0,1Ms41EAZz67ymFpLzGqkyjWdGMXL4yFJN1,50.0,p2pk,https://raw.githubusercontent.com/bensig/patoshi-addresses/main/patoshi_pubkeys_COMPLETE.csv
E,17463,0,1ATFjmDTwwerpZo8KVz2EQaBAQb85P8b6U,50.0,p2pk,https://raw.githubusercontent.com/bensig/patoshi-addresses/main/patoshi_pubkeys_COMPLETE.csv
E,17464,0,1LgdNuUpLPk55PMo321o28fp5XnigQx5V,50.0,p2pk,https://raw.githubusercontent.com/bensig/patoshi-addresses/main/patoshi_pubkeys_COMPLETE.csv
E,17465,0,1C8c1wfPA6AHCFhwTU1ajHiy6ing4tHhjf,50.0,p2pk,https://raw.githubusercontent.com/bensig/patoshi-addresses/main/patoshi_pubkeys_COMPLETE.csv
E,17467,0,1v5AryP9h2nZDFz8hyCT5acrMNF2eKLTJ,50.0,p2pk,https://raw.githubusercontent.com/bensig/patoshi-addresses/main/patoshi_pubkeys_COMPLETE.csv
E,17468,0,133ir1nLbRzBpzZ66uYj7ewL1Kd8JsJqK9,50.0,p2pk,https://raw.githubusercontent.com/bensig/patoshi-addresses/main/patoshi_pubkeys_COMPLETE.csv
E,17469,0,1BPgpEtWVoFLuS7jprJiu4TZabKU4vj7t4,50.0,p2pk,https://raw.githubusercontent.com/bensig/patoshi-addresses/main/patoshi_pubkeys_COMPLETE.csv
E,17470,0,155z11CaQ8x74KbhVG783g1NHeES4kAJXv,50.0,p2pk,https://raw.githubusercontent.com/bensig/patoshi-addresses/main/patoshi_pubkeys_COMPLETE.csv
E,17471,0,1EEsYUa1Tr8WEmUazYzhTxxNYS3ktH1qPT,50.0,p2pk,https://raw.githubusercontent.com/bensig/patoshi-addresses/main/patoshi_pubkeys_COMPLETE.csv
E,17472,0,1MUiwkk6rJ2qKtVedRtkh1BCbm2ZJiXSA6,50.0,p2pk,https://raw.githubusercontent.com/bensig/patoshi-addresses/main/patoshi_pubkeys_COMPLETE.csv
E,17473,0,1FPbXW4UUfpqYQkxAFw4ske3pZeE7CQ1LH,50.0,p2pk,https://raw.githubusercontent.com/bensig/patoshi-addresses/main/patoshi_pubkeys_COMPLETE.csv
E,17474,0,1GpDLSeqeWpigHz6QxMAxSdyzoq3wXpBcN,50.0,p2pk,https://raw.githubusercontent.com/bensig/patoshi-addresses/main/patoshi_pubkeys_COMPLETE.csv
E,17476,0,15mojAic59FhYB7KSU6mJbWKQtDTYHwefL,50.0,p2pk,https://raw.githubusercontent.com/bensig/patoshi-addresses/main/patoshi_pubkeys_COMPLETE.csv
E,17477,0,1CttATyVBE8SGx6R7dpX6VA9p69EnMRGrc,50.0,p2pk,https://raw.githubusercontent.com/bensig/patoshi-addresses/main/patoshi_pubkeys_COMPLETE.csv
E,17478,0,1M5NSHge8km3Az4AHfWhBgnuMKMJ5nf5iH,50.0,p2pk,https://raw.githubusercontent.com/bensig/patoshi-addresses/main/patoshi_pubkeys_COMPLETE.csv
E,17479,0,1NH4ZFanhRJkjBYTvU2PwhTfTmrSkhvTTQ,50.0,p2pk,https://raw.githubusercontent.com/bensig/patoshi-addresses/main/patoshi_pubkeys_COMPLETE.csv
E,17481,0,1AUsFtGVGNYAqND9eKVHtkJQgBaYKYNUmt,50.0,p2pk,https://raw.githubusercontent.com/bensig/patoshi-addresses/main/patoshi_pubkeys_COMPLETE.csv
E,17482,0,158eQxSdWNGJpXmpr9CxsEfoUiY97G5QqT,50.0,p2pk,https://raw.githubusercontent.com/bensig/patoshi-addresses/main/patoshi_pubkeys_COMPLETE.csv
E,17484,0,14nrm1vJu6G1wSSxFbhWoDWdX8ZCFM3q9S,50.0,p2pk,https://raw.githubusercontent.com/bensig/patoshi-addresses/main/patoshi_pubkeys_COMPLETE.csv
E,17485,0,1JJ6p4qwP6NfNyZpUCvCLzkznKtEXNTW1S,50.0,p2pk,https://raw.githubusercontent.com/bensig/patoshi-addresses/main/patoshi_pubkeys_COMPLETE.csv
E,17486,0,1AHH7bwR1RXnhx8gPaZquKJtZxhXmF3QAh,50.0,p2pk,https://raw.githubusercontent.com/bensig/patoshi-addresses/main/patoshi_pubkeys_COMPLETE.csv
E,17487,0,1Gj68dYtcCrRm8BkJJXJH9dgSj8ENoTTUV,50.0,p2pk,https://raw.githubusercontent.com/bensig/patoshi-addresses/main/patoshi_pubkeys_COMPLETE.csv
E,17489,0,1AzYonoyuVmMuB9XW3h5U6Dmmiv3g5bZiJ,50.0,p2pk,https://raw.githubusercontent.com/bensig/patoshi-addresses/main/patoshi_pubkeys_COMPLETE.csv
E,17490,0,1P5gFBZYXor4dcF6KJtV49TmSsdeM8eLc5,50.0,p2pk,https://raw.githubusercontent.com/bensig/patoshi-addresses/main/patoshi_pubkeys_COMPLETE.csv
E,17491,0,1H8LVagnJwG3JjPcbLfBJmW2vxYMUfSXnR,50.0,p2pk,https://raw.githubusercontent.com/bensig/patoshi-addresses/main/patoshi_pubkeys_COMPLETE.csv
E,17492,0,13NBr7kuPJQRKZqJyGFHN9kxw1Kyh6zeM7,50.0,p2pk,https://raw.githubusercontent.com/bensig/patoshi-addresses/main/patoshi_pubkeys_COMPLETE.csv
E,17493,0,1Bsoz6jPLUUBsq8CWXXDCZpgKu2hJBkMAQ,50.0,p2pk,https://raw.githubusercontent.com/bensig/patoshi-addresses/main/patoshi_pubkeys_COMPLETE.csv
E,17494,0,19pFhu6WpYQrzBuwqv4WqnLT8fcmCjJjpC,50.0,p2pk,https://raw.githubusercontent.com/bensig/patoshi-addresses/main/patoshi_pubkeys_COMPLETE.csv
E,17495,0,16ULTtWnuo1fDHJXJQ9CZcyr589qjMGvJ4,50.0,p2pk,https://raw.githubusercontent.com/bensig/patoshi-addresses/main/patoshi_pubkeys_COMPLETE.csv
E,17496,0,1PdSEgdJvz5L4m6ECEnUDrWkp52ryGK8RN,50.0,p2pk,https://raw.githubusercontent.com/bensig/patoshi-addresses/main/patoshi_pubkeys_COMPLETE.csv
E,17497,0,17wMSWcezAa6Z4THPYUdgYyjHEnifyKbDP,50.0,p2pk,https://raw.githubusercontent.com/bensig/patoshi-addresses/main/patoshi_pubkeys_COMPLETE.csv
E,17499,0,1ChRhNGH9zweA9dVW9jkr8gjmazosw7kNm,50.0,p2pk,https://raw.githubusercontent.com/bensig/patoshi-addresses/main/patoshi_pubkeys_COMPLETE.csv
E,17501,0,1FMounhbZ1wrZzE5CeNeEi9C5JPQ5E5xkQ,50.0,p2pk,https://raw.githubusercontent.com/bensig/patoshi-addresses/main/patoshi_pubkeys_COMPLETE.csv
E,17504,0,17DvKex6c7UG1X3yWaXsFCPo4b2kg1AYmS,50.0,p2pk,https://raw.githubusercontent.com/bensig/patoshi-addresses/main/patoshi_pubkeys_COMPLETE.csv
E,17507,0,1Koedc4FZ5mdoM46b5jKLzVqmhH5ZrR8pk,50.0,p2pk,https://raw.githubusercontent.com/bensig/patoshi-addresses/main/patoshi_pubkeys_COMPLETE.csv
E,17509,0,1DGeiyZ3RSxmVZksgnibG7wsQW8Rk2YgiM,50.0,p2pk,https://raw.githubusercontent.com/bensig/patoshi-addresses/main/patoshi_pubkeys_COMPLETE.csv
E,17510,0,1JYrNfW7yWqnweheMWryJuhDnxhP3uQDGk,50.0,p2pk,https://raw.githubusercontent.com/bensig/patoshi-addresses/main/patoshi_pubkeys_COMPLETE.csv
E,17511,0,19m5HgY66fNTbxrazBjjfgi7BRB2imgfKQ,50.0,p2pk,https://raw.githubusercontent.com/bensig/patoshi-addresses/main/patoshi_pubkeys_COMPLETE.csv
E,17513,0,1EqxRt3p51oMn1zEwaC79cFGVWQ527hZuX,50.0,p2pk,https://raw.githubusercontent.com/bensig/patoshi-addresses/main/patoshi_pubkeys_COMPLETE.csv
E,17515,0,1G3NrMT5XxYVdfbSWfPWvzcVr7mJGGsn2P,50.0,p2pk,https://raw.githubusercontent.com/bensig/patoshi-addresses/main/patoshi_pubkeys_COMPLETE.csv
E,17516,0,1AeJxqBy4UeNJKDdEpyoikNJzZ8M81ztYL,50.0,p2pk,https://raw.githubusercontent.com/bensig/patoshi-addresses/main/patoshi_pubkeys_COMPLETE.csv
E,17519,0,1MiJbG8cWL82siAEiKyEwpD37x5bpjnhSn,50.0,p2pk,https://raw.githubusercontent.com/bensig/patoshi-addresses/main/patoshi_pubkeys_COMPLETE.csv
E,17521,0,1P6bA3RLucuNB7FJwpPsAA7T8ptjoQKy5w,50.0,p2pk,https://raw.githubusercontent.com/bensig/patoshi-addresses/main/patoshi_pubkeys_COMPLETE.csv
E,17522,0,14N3jpzDjXy4AaykEp5JUYuwGNKSp2TuK9,50.0,p2pk,https://raw.githubusercontent.com/bensig/patoshi-addresses/main/patoshi_pubkeys_COMPLETE.csv
E,17523,0,1QDtKw1hA242kdqERhrZkGWFxkxaB6F7Z1,50.0,p2pk,https://raw.githubusercontent.com/bensig/patoshi-addresses/main/patoshi_pubkeys_COMPLETE.csv
E,17524,0,1L6iWpLuAbtiuWYd3ayrsbSmayWBGYURTX,50.0,p2pk,https://raw.githubusercontent.com/bensig/patoshi-addresses/main/patoshi_pubkeys_COMPLETE.csv
E,17526,0,1MM7p4RCPanNAVoGS2EC9UvJaWmVbLXBjZ,50.0,p2pk,https://raw.githubusercontent.com/bensig/patoshi-addresses/main/patoshi_pubkeys_COMPLETE.csv
E,17527,0,1VoGXrADm8AmCq4VVVYvYFWZAYwsvUgfA,50.0,p2pk,https://raw.githubusercontent.com/bensig/patoshi-addresses/main/patoshi_pubkeys_COMPLETE.csv
E,17528,0,1DiCJZqSYw7U5CpyhxSkjKy3oAGKhBKG7r,50.0,p2pk,https://raw.githubusercontent.com/bensig/patoshi-addresses/main/patoshi_pubkeys_COMPLETE.csv
E,17530,0,1JuqZH3jFfs7mibuAqai551nGdny7wiVvh,50.0,p2pk,https://raw.githubusercontent.com/bensig/patoshi-addresses/main/patoshi_pubkeys_COMPLETE.csv
E,17532,0,16ho1EzvZMEdFu45fGnswhpeLsre8z1Ayj,50.0,p2pk,https://raw.githubusercontent.com/bensig/patoshi-addresses/main/patoshi_pubkeys_COMPLETE.csv
E,17534,0,1GBEy71EUa3LAwJGMqnKan5WU4weLZziF,50.0,p2pk,https://raw.githubusercontent.com/bensig/patoshi-addresses/main/patoshi_pubkeys_COMPLETE.csv
E,17536,0,1FBcS1wrrGSxsm8dVLneP6PCDzXgW3QW42,50.0,p2pk,https://raw.githubusercontent.com/bensig/patoshi-addresses/main/patoshi_pubkeys_COMPLETE.csv
E,17539,0,1LeTu5D6tAiKxLrZnkw4kZ2EhX637vVRZx,50.0,p2pk,https://raw.githubusercontent.com/bensig/patoshi-addresses/main/patoshi_pubkeys_COMPLETE.csv
E,17541,0,1Niz6u5UQh7WcgQSzrwMNr5Xk3idMH2UUw,50.0,p2pk,https://raw.githubusercontent.com/bensig/patoshi-addresses/main/patoshi_pubkeys_COMPLETE.csv
E,17542,0,16j1KCLgCLTR85fZ3KC7tAC8bU9kZzes7g,50.0,p2pk,https://raw.githubusercontent.com/bensig/patoshi-addresses/main/patoshi_pubkeys_COMPLETE.csv
E,17543,0,1A6apuhaQuuf37Jyj8n4RtA1rWd3z62otF,50.0,p2pk,https://raw.githubusercontent.com/bensig/patoshi-addresses/main/patoshi_pubkeys_COMPLETE.csv
E,17544,0,1B8qhjmXiaLdgGKvRoL61NQi7HE9cD1nCE,50.0,p2pk,https://raw.githubusercontent.com/bensig/patoshi-addresses/main/patoshi_pubkeys_COMPLETE.csv
E,17547,0,1EHXYyR2JusgMen5wEG7mFcGhLaSbYi4AD,50.0,p2pk,https://raw.githubusercontent.com/bensig/patoshi-addresses/main/patoshi_pubkeys_COMPLETE.csv
E,17548,0,14Z5qgxZefJR8rtrnHHVBWLx9LFJA7sUZH,50.0,p2pk,https://raw.githubusercontent.com/bensig/patoshi-addresses/main/patoshi_pubkeys_COMPLETE.csv
E,17550,0,1JwLycKSYXu9puZh3CL7rBqucWdDZ27VR3,50.0,p2pk,https://raw.githubusercontent.com/bensig/patoshi-addresses/main/patoshi_pubkeys_COMPLETE.csv
E,17551,0,1JtqnSbn7zfVbmtadQENfcm3WeieRit28Z,50.0,p2pk,https://raw.githubusercontent.com/bensig/patoshi-addresses/main/patoshi_pubkeys_COMPLETE.csv
E,17553,0,1JMs9tG3saqtWhRzjdgS4jwmD9an5QHdjK,50.0,p2pk,https://raw.githubusercontent.com/bensig/patoshi-addresses/main/patoshi_pubkeys_COMPLETE.csv
E,17556,0,1FBnhFMGrtnSU7mg7JPKXBi2BJJycRKF5y,50.0,p2pk,https://raw.githubusercontent.com/bensig/patoshi-addresses/main/patoshi_pubkeys_COMPLETE.csv
E,17557,0,16S9cYb8spPLaxgahCh1kSbyVjfXVzHaLS,50.0,p2pk,https://raw.githubusercontent.com/bensig/patoshi-addresses/main/patoshi_pubkeys_COMPLETE.csv
E,17559,0,1GsfmHdvp8CQ1Jn5tgZLSg3S7RPEe8HByj,50.0,p2pk,https://raw.githubusercontent.com/bensig/patoshi-addresses/main/patoshi_pubkeys_COMPLETE.csv
E,17560,0,1LhA1WDYoENLCN3qsiFXoeuNPSguECRk8G,50.0,p2pk,https://raw.githubusercontent.com/bensig/patoshi-addresses/main/patoshi_pubkeys_COMPLETE.csv
E,17562,0,12YNgFWX9H8zErmF5VZdjwFqs4ZnS6ogxr,50.0,p2pk,https://raw.githubusercontent.com/bensig/patoshi-addresses/main/patoshi_pubkeys_COMPLETE.csv
E,17563,0,12xEjXFZCT7e5aXEdMryysfsATyet1Wkft,50.0,p2pk,https://raw.githubusercontent.com/bensig/patoshi-addresses/main/patoshi_pubkeys_COMPLETE.csv
E,17564,0,1PvfT6WgMG1bicC9LbYpPAy6XVSVscPsSt,50.0,p2pk,https://raw.githubusercontent.com/bensig/patoshi-addresses/main/patoshi_pubkeys_COMPLETE.csv
E,17566,0,12qUtkUc7X8c2Dtvit8J7b4JeBWZBGktxj,50.0,p2pk,https://raw.githubusercontent.com/bensig/patoshi-addresses/main/patoshi_pubkeys_COMPLETE.csv
E,17567,0,1MJerGvtCw88qX4sioVNMtuX5a2YVQmBic,50.0,p2pk,https://raw.githubusercontent.com/bensig/patoshi-addresses/main/patoshi_pubkeys_COMPLETE.csv
E,17568,0,1QKvgv57D2RjHPddbVcQ9sVZ55RrxFHw1Y,50.0,p2pk,https://raw.githubusercontent.com/bensig/patoshi-addresses/main/patoshi_pubkeys_COMPLETE.csv
E,17569,0,17nmPJamKpF8xn4z1VaEVtejrZo1m9YkQ,50.0,p2pk,https://raw.githubusercontent.com/bensig/patoshi-addresses/main/patoshi_pubkeys_COMPLETE.csv
E,17570,0,1M3Sx4fgL547o5ZcVX9UyTJiBDYJWd8PZL,50.0,p2pk,https://raw.githubusercontent.com/bensig/patoshi-addresses/main/patoshi_pubkeys_COMPLETE.csv
E,17571,0,1KcaXu3XwbgrHs4VUtnmqxDXTwZo1yCqcE,50.0,p2pk,https://raw.githubusercontent.com/bensig/patoshi-addresses/main/patoshi_pubkeys_COMPLETE.csv
E,17574,0,12UgPWr8cezdQMXSQkyBzwHMiGRreS3fnn,50.0,p2pk,https://raw.githubusercontent.com/bensig/patoshi-addresses/main/patoshi_pubkeys_COMPLETE.csv
E,17575,0,13AGvRwEWN5BGR6yEgctDARhzwCn6YwwRK,50.0,p2pk,https://raw.githubusercontent.com/bensig/patoshi-addresses/main/patoshi_pubkeys_COMPLETE.csv
E,17578,0,16TZhRa6n7AQCNqrhEijP7zwUcGfJy8JEm,50.0,p2pk,https://raw.githubusercontent.com/bensig/patoshi-addresses/main/patoshi_pubkeys_COMPLETE.csv
E,17579,0,1298MVTnnpcV9uLTZ86HZY7YeJhcoRnHhq,50.0,p2pk,https://raw.githubusercontent.com/bensig/patoshi-addresses/main/patoshi_pubkeys_COMPLETE.csv
E,17581,0,1DKzLgxNFhzDohYqcDtkngJenoePuMd2h,50.0,p2pk,https://raw.githubusercontent.com/bensig/patoshi-addresses/main/patoshi_pubkeys_COMPLETE.csv
E,17582,0,181U85sz44DTZhSqkTqhytPES7GkH9VRUr,50.0,p2pk,https://raw.githubusercontent.com/bensig/patoshi-addresses/main/patoshi_pubkeys_COMPLETE.csv
E,17583,0,1F4SKnf29v1bqqkAEi8M2mHG3t4r6G6rFV,50.0,p2pk,https://raw.githubusercontent.com/bensig/patoshi-addresses/main/patoshi_pubkeys_COMPLETE.csv
E,17584,0,1B7UW5QaV4SzSVgoSJM7PcnaXX8wL7wYCy,50.0,p2pk,https://raw.githubusercontent.com/bensig/patoshi-addresses/main/patoshi_pubkeys_COMPLETE.csv
E,17586,0,15pTprbjkGUoep3uokEZTXQVgKWQ9szGrr,50.0,p2pk,https://raw.githubusercontent.com/bensig/patoshi-addresses/main/patoshi_pubkeys_COMPLETE.csv
E,17587,0,1GFyvWvix2b3ebuBzVbtxvJrTB4tta9vhN,50.0,p2pk,https://raw.githubusercontent.com/bensig/patoshi-addresses/main/patoshi_pubkeys_COMPLETE.csv
E,17588,0,1DBzstD5YvuNbZD45AS7MVXiruTjVr2pQM,50.0,p2pk,https://raw.githubusercontent.com/bensig/patoshi-addresses/main/patoshi_pubkeys_COMPLETE.csv
E,17590,0,14EczCMSvSJjArC6kQwhiaG4z6dsLNvaDZ,50.0,p2pk,https://raw.githubusercontent.com/bensig/patoshi-addresses/main/patoshi_pubkeys_COMPLETE.csv
E,17592,0,1G5bAJXt2b5uR1Vv4g5QeXqSdG5Z8ri3jt,50.0,p2pk,https://raw.githubusercontent.com/bensig/patoshi-addresses/main/patoshi_pubkeys_COMPLETE.csv
E,17594,0,1JhsLrvxHM8fERtx2npSgSp3CCugc3EZqX,50.0,p2pk,https://raw.githubusercontent.com/bensig/patoshi-addresses/main/patoshi_pubkeys_COMPLETE.csv
E,17595,0,1Hpagq53vrRpKBygz8X5CD9gY8u6RcV4Wm,50.0,p2pk,https://raw.githubusercontent.com/bensig/patoshi-addresses/main/patoshi_pubkeys_COMPLETE.csv
E,17596,0,1E4yKSyo5utmhgu5Tk8w24R4z3KwvR3hSb,50.0,p2pk,https://raw.githubusercontent.com/bensig/patoshi-addresses/main/patoshi_pubkeys_COMPLETE.csv
E,17597,0,1CUVuZp24GADHS2C4qd7R6bEHCkvwuhhvs,50.0,p2pk,https://raw.githubusercontent.com/bensig/patoshi-addresses/main/patoshi_pubkeys_COMPLETE.csv
E,17600,0,1JEddx6kfPqMxH9PxXPJ9qsnRRKRx7MiXs,50.0,p2pk,https://raw.githubusercontent.com/bensig/patoshi-addresses/main/patoshi_pubkeys_COMPLETE.csv
E,17601,0,1NKBuUga3H3YspCnohUtEa1YNYfKDYcBaM,50.0,p2pk,https://raw.githubusercontent.com/bensig/patoshi-addresses/main/patoshi_pubkeys_COMPLETE.csv
E,17602,0,1L6ihkhruSJjcnQUYQfPfyB9UXPrtYGWPm,50.0,p2pk,https://raw.githubusercontent.com/bensig/patoshi-addresses/main/patoshi_pubkeys_COMPLETE.csv
E,17603,0,1567mig9g1cBtt1dpHVDC2LvPnMkHdHdwC,50.0,p2pk,https://raw.githubusercontent.com/bensig/patoshi-addresses/main/patoshi_pubkeys_COMPLETE.csv
E,17604,0,1KPG2aWXnYWeBgPfu48V3HDA7xs62e9LFv,50.0,p2pk,https://raw.githubusercontent.com/bensig/patoshi-addresses/main/patoshi_pubkeys_COMPLETE.csv
E,17605,0,179LksEpMvSWMxYxrdK8STDeD5T7TbFNpu,50.0,p2pk,https://raw.githubusercontent.com/bensig/patoshi-addresses/main/patoshi_pubkeys_COMPLETE.csv
E,17607,0,18VTQykkNEdk2Z1sTUYU5PcLqDy81dvZyP,50.0,p2pk,https://raw.githubusercontent.com/bensig/patoshi-addresses/main/patoshi_pubkeys_COMPLETE.csv
E,17608,0,15Qsoo1YHi8wTubK4NgA5DQedRpXfbdNCQ,50.0,p2pk,https://raw.githubusercontent.com/bensig/patoshi-addresses/main/patoshi_pubkeys_COMPLETE.csv
E,17609,0,13TXWjpbnF7A5dhSV2VKPR9nfeWBi9bShw,50.0,p2pk,https://raw.githubusercontent.com/bensig/patoshi-addresses/main/patoshi_pubkeys_COMPLETE.csv
E,17610,0,14ASgi4etLSKiAJTPXyo5vZXXtu4KM4zHH,50.0,p2pk,https://raw.githubusercontent.com/bensig/patoshi-addresses/main/patoshi_pubkeys_COMPLETE.csv
E,17611,0,15GzhGMtjAKLxzLyYBo1WPaQoasMnpoMfD,50.0,p2pk,https://raw.githubusercontent.com/bensig/patoshi-addresses/main/patoshi_pubkeys_COMPLETE.csv
E,17612,0,1KgdupEVDRkTMFEJLxk5Wbs5hqr8LTHiPX,50.0,p2pk,https://raw.githubusercontent.com/bensig/patoshi-addresses/main/patoshi_pubkeys_COMPLETE.csv
E,17614,0,14dzrz2RaHkoLe2sfyRBYaUeHHvEgL3gNn,50.0,p2pk,https://raw.githubusercontent.com/bensig/patoshi-addresses/main/patoshi_pubkeys_COMPLETE.csv
E,17615,0,1PGXCaprPtn8FBNcWz8iNjsV7Nk4TVKXpx,50.0,p2pk,https://raw.githubusercontent.com/bensig/patoshi-addresses/main/patoshi_pubkeys_COMPLETE.csv
E,17620,0,1Nze3PYHunqKVK81LvkK2VdYdfYau3R11i,50.0,p2pk,https://raw.githubusercontent.com/bensig/patoshi-addresses/main/patoshi_pubkeys_COMPLETE.csv
E,17621,0,1B98z8VsPbgstzLMCcGA7SgocpSaHwmnjN,50.0,p2pk,https://raw.githubusercontent.com/bensig/patoshi-addresses/main/patoshi_pubkeys_COMPLETE.csv
E,17622,0,1JhWRewPnE86PUmTmT3S4WybX7S4ix6Jb7,50.0,p2pk,https://raw.githubusercontent.com/bensig/patoshi-addresses/main/patoshi_pubkeys_COMPLETE.csv
E,17624,0,13uvc4FoSFtpjKCtxUNDGK1fcGN35QroaU,50.0,p2pk,https://raw.githubusercontent.com/bensig/patoshi-addresses/main/patoshi_pubkeys_COMPLETE.csv
E,17625,0,192EVTHBp5DChPaP93SYf3nJjsgWRgrBE1,50.0,p2pk,https://raw.githubusercontent.com/bensig/patoshi-addresses/main/patoshi_pubkeys_COMPLETE.csv
E,17626,0,15w2kZT5z5tDx5oeZP7nEsLjEXwoUctEUF,50.0,p2pk,https://raw.githubusercontent.com/bensig/patoshi-addresses/main/patoshi_pubkeys_COMPLETE.csv
E,17629,0,1iiQm2ENXWYYojwocBeq1PyZsNiPprvTe,50.0,p2pk,https://raw.githubusercontent.com/bensig/patoshi-addresses/main/patoshi_pubkeys_COMPLETE.csv
E,17630,0,1NQc9EomG3ujmWQuJ5Aann1hgiEqKYMw48,50.0,p2pk,https://raw.githubusercontent.com/bensig/patoshi-addresses/main/patoshi_pubkeys_COMPLETE.csv
E,17634,0,1CEYj12TjB851pzgSgfNBYULrcx38jkn43,50.0,p2pk,https://raw.githubusercontent.com/bensig/patoshi-addresses/main/patoshi_pubkeys_COMPLETE.csv
E,17635,0,1PNHkJzy9MNpf4yVTgvPdoG5NHmzPXFtML,50.0,p2pk,https://raw.githubusercontent.com/bensig/patoshi-addresses/main/patoshi_pubkeys_COMPLETE.csv
E,17636,0,1MYNRHNRDP7dDZZf2Jffi1kjnR3FPCAaZg,50.0,p2pk,https://raw.githubusercontent.com/bensig/patoshi-addresses/main/patoshi_pubkeys_COMPLETE.csv
E,17637,0,1D695eTdKwHVjRjCWnvBPprWmKpNucemah,50.0,p2pk,https://raw.githubusercontent.com/bensig/patoshi-addresses/main/patoshi_pubkeys_COMPLETE.csv
E,17638,0,1AKr92dW9LvN2ujtA4F9ae6J3q2R7apE1x,50.0,p2pk,https://raw.githubusercontent.com/bensig/patoshi-addresses/main/patoshi_pubkeys_COMPLETE.csv
E,17639,0,13VdiXgMyZuf1QqSSGcHpKDZYbrr2LJRgR,50.0,p2pk,https://raw.githubusercontent.com/bensig/patoshi-addresses/main/patoshi_pubkeys_COMPLETE.csv
E,17640,0,1PQjLh2dj45TtjUZaJcQcqdFeX89hErDdY,50.0,p2pk,https://raw.githubusercontent.com/bensig/patoshi-addresses/main/patoshi_pubkeys_COMPLETE.csv
E,17641,0,1AZGrLefJ63fCPJfVfkgrvncrZhLLLszqR,50.0,p2pk,https://raw.githubusercontent.com/bensig/patoshi-addresses/main/patoshi_pubkeys_COMPLETE.csv
E,17642,0,1MTGR2WP9uVPiCWppU5MMsqveonQekvhs8,50.0,p2pk,https://raw.githubusercontent.com/bensig/patoshi-addresses/main/patoshi_pubkeys_COMPLETE.csv
E,17643,0,1DsEXTwnvjyEkhynftuLT2xA4PviM9kVpC,50.0,p2pk,https://raw.githubusercontent.com/bensig/patoshi-addresses/main/patoshi_pubkeys_COMPLETE.csv
E,17644,0,1KnBeWqoez5bhBqbQBpVZ21uiKsmEWeCKt,50.0,p2pk,https://raw.githubusercontent.com/bensig/patoshi-addresses/main/patoshi_pubkeys_COMPLETE.csv
E,17647,0,1M7aey9CCpAVMZNvFqZqzsK3PBJ9WgbkV8,50.0,p2pk,https://raw.githubusercontent.com/bensig/patoshi-addresses/main/patoshi_pubkeys_COMPLETE.csv
E,17650,0,1JXNNvaz31cJEgfS9cf4an8DE8TZ9CNVBT,50.0,p2pk,https://raw.githubusercontent.com/bensig/patoshi-addresses/main/patoshi_pubkeys_COMPLETE.csv
E,17652,0,1JLjStBUgJRyjXLh6yeQg1v6oJkzM6s3y6,50.0,p2pk,https://raw.githubusercontent.com/bensig/patoshi-addresses/main/patoshi_pubkeys_COMPLETE.csv
E,17655,0,1JcZSTjESmga2D5Q8gnrThi8ZnmYdmvcEg,50.0,p2pk,https://raw.githubusercontent.com/bensig/patoshi-addresses/main/patoshi_pubkeys_COMPLETE.csv
E,17656,0,17n4kS3Ywzau65nsPbkVjdRBpFETfmBJ1A,50.0,p2pk,https://raw.githubusercontent.com/bensig/patoshi-addresses/main/patoshi_pubkeys_COMPLETE.csv
E,17659,0,1Kt4LetcuUezuCkNWpeTtVbkqpgUhGLS8Q,50.0,p2pk,https://raw.githubusercontent.com/bensig/patoshi-addresses/main/patoshi_pubkeys_COMPLETE.csv
E,17660,0,12Ds12XEAXPovnCnC51LhPZbzYDfnJjm4K,50.0,p2pk,https://raw.githubusercontent.com/bensig/patoshi-addresses/main/patoshi_pubkeys_COMPLETE.csv
E,17662,0,164gk5ijw5J3HZ1k8yvN8vBxvb994vCCQa,50.0,p2pk,https://raw.githubusercontent.com/bensig/patoshi-addresses/main/patoshi_pubkeys_COMPLETE.csv
E,17663,0,1HN83CHs3aV2mkmDka7PBuyoBxaUPBfRyW,50.0,p2pk,https://raw.githubusercontent.com/bensig/patoshi-addresses/main/patoshi_pubkeys_COMPLETE.csv
E,17664,0,18mrf879UZgPMYKqyCA8o4zZbpyQCn94s5,50.0,p2pk,https://raw.githubusercontent.com/bensig/patoshi-addresses/main/patoshi_pubkeys_COMPLETE.csv
E,17665,0,1P8yMvkaga3q2NLzkbzQrcC5N9GhYq3RZd,50.0,p2pk,https://raw.githubusercontent.com/bensig/patoshi-addresses/main/patoshi_pubkeys_COMPLETE.csv
E,17666,0,131H5CNHcxwKdi1BLt5GkwKNTUNcqBXCDT,50.0,p2pk,https://raw.githubusercontent.com/bensig/patoshi-addresses/main/patoshi_pubkeys_COMPLETE.csv
E,17667,0,13RQNJobYNz37hihtxxiuE8HnWsnMM48SE,50.0,p2pk,https://raw.githubusercontent.com/bensig/patoshi-addresses/main/patoshi_pubkeys_COMPLETE.csv
E,17669,0,1Q9JZHaVGqJZ4hcSNbygQmM3jwJ2GB1vcN,50.0,p2pk,https://raw.githubusercontent.com/bensig/patoshi-addresses/main/patoshi_pubkeys_COMPLETE.csv
E,17670,0,1Lq7zaV9nRQhsqFZMmgSH245gctfKNY6qD,50.0,p2pk,https://raw.githubusercontent.com/bensig/patoshi-addresses/main/patoshi_pubkeys_COMPLETE.csv
E,17674,0,1JuPx35tN3SjsupzxyFwtn8FmBSwV9X8TC,50.0,p2pk,https://raw.githubusercontent.com/bensig/patoshi-addresses/main/patoshi_pubkeys_COMPLETE.csv
E,17675,0,1B8euYPkvGsSTDDNSc7XkxcuzjafGJDKjA,50.0,p2pk,https://raw.githubusercontent.com/bensig/patoshi-addresses/main/patoshi_pubkeys_COMPLETE.csv
E,17676,0,15tbSDqck3t86nTd8NjakBTJa4Ud6riwv6,50.0,p2pk,https://raw.githubusercontent.com/bensig/patoshi-addresses/main/patoshi_pubkeys_COMPLETE.csv
E,17677,0,14uUMU7N7ckRciE4VjwwBn18KX46tZaiyy,50.0,p2pk,https://raw.githubusercontent.com/bensig/patoshi-addresses/main/patoshi_pubkeys_COMPLETE.csv
E,17678,0,1M5PttUGVTf3MiDFSAM6RZsvRc19iVv6DN,50.0,p2pk,https://raw.githubusercontent.com/bensig/patoshi-addresses/main/patoshi_pubkeys_COMPLETE.csv
E,17679,0,1KXHG9V9h45EhjW94rLVSkt8jimLsyjCnq,50.0,p2pk,https://raw.githubusercontent.com/bensig/patoshi-addresses/main/patoshi_pubkeys_COMPLETE.csv
E,17682,0,17PTpZE5DU5kukMzEbxQkrPjTW9BgUM84F,50.0,p2pk,https://raw.githubusercontent.com/bensig/patoshi-addresses/main/patoshi_pubkeys_COMPLETE.csv
E,17683,0,1ByHfgFn3UpkAuXCG6b7AaJ6p74YTidPE7,50.0,p2pk,https://raw.githubusercontent.com/bensig/patoshi-addresses/main/patoshi_pubkeys_COMPLETE.csv
E,17684,0,17WRs3qg71XNa8WRoxbZvNUsXue6umRcfr,50.0,p2pk,https://raw.githubusercontent.com/bensig/patoshi-addresses/main/patoshi_pubkeys_COMPLETE.csv
E,17685,0,14T1sUcFHwZ5BF35CqJcQzTJ4V1gGD5SaZ,50.0,p2pk,https://raw.githubusercontent.com/bensig/patoshi-addresses/main/patoshi_pubkeys_COMPLETE.csv
E,17686,0,1P4qRb5CnEoPP8FkbgPJ7v6r1tWyRMUWbf,50.0,p2pk,https://raw.githubusercontent.com/bensig/patoshi-addresses/main/patoshi_pubkeys_COMPLETE.csv
E,17687,0,1Dti8zhhd2ANsUWcwGaBWZCozwv9yEz5H9,50.0,p2pk,https://raw.githubusercontent.com/bensig/patoshi-addresses/main/patoshi_pubkeys_COMPLETE.csv
E,17688,0,17ik3Ypeyr7DVnn3voAKbcH19dT6r8DLud,50.0,p2pk,https://raw.githubusercontent.com/bensig/patoshi-addresses/main/patoshi_pubkeys_COMPLETE.csv
E,17689,0,1Au2EFYQMzLvuyhngd3kVPDLL7qmnLLS6b,50.0,p2pk,https://raw.githubusercontent.com/bensig/patoshi-addresses/main/patoshi_pubkeys_COMPLETE.csv
E,17690,0,19dNAo5f1mwdNkyZZLSADndEgHY6CLXKtP,50.0,p2pk,https://raw.githubusercontent.com/bensig/patoshi-addresses/main/patoshi_pubkeys_COMPLETE.csv
E,17692,0,1DT1WXQx1h1Xv3J6nhMG8Wiuqya5foHWWd,50.0,p2pk,https://raw.githubusercontent.com/bensig/patoshi-addresses/main/patoshi_pubkeys_COMPLETE.csv
E,17694,0,17ryXaRuQneAt2YCfMqSchu73sSNrw9en6,50.0,p2pk,https://raw.githubusercontent.com/bensig/patoshi-addresses/main/patoshi_pubkeys_COMPLETE.csv
E,17696,0,1P5tBajhzdxBJGqjVJXafZi5YmPe3P4HrY,50.0,p2pk,https://raw.githubusercontent.com/bensig/patoshi-addresses/main/patoshi_pubkeys_COMPLETE.csv
E,17697,0,1BheV2v5wkFcsWGH665Qwsc6b2Y1Xi5ivh,50.0,p2pk,https://raw.githubusercontent.com/bensig/patoshi-addresses/main/patoshi_pubkeys_COMPLETE.csv
E,17698,0,1FpPcKaFJe76DvVRLWAAWfBD4qAs2APqRU,50.0,p2pk,https://raw.githubusercontent.com/bensig/patoshi-addresses/main/patoshi_pubkeys_COMPLETE.csv
E,17701,0,159vnUaYZ8cFBHjfbeModKVwdsibWq49Ka,50.0,p2pk,https://raw.githubusercontent.com/bensig/patoshi-addresses/main/patoshi_pubkeys_COMPLETE.csv
E,17702,0,1K7ywg8hyxypqRB9c6SCymbqKe9ma5aLVd,50.0,p2pk,https://raw.githubusercontent.com/bensig/patoshi-addresses/main/patoshi_pubkeys_COMPLETE.csv
E,17703,0,1AFpriNAdvz7z1LXGz2ZiWVMf73mPmGWNr,50.0,p2pk,https://raw.githubusercontent.com/bensig/patoshi-addresses/main/patoshi_pubkeys_COMPLETE.csv
E,17705,0,19vaJRUtvf6i8kfb4CJpoA6dKE8xTkRqaS,50.0,p2pk,https://raw.githubusercontent.com/bensig/patoshi-addresses/main/patoshi_pubkeys_COMPLETE.csv
E,17706,0,1LmDU6oP4K46rFqLHsVErMkEiDtHjGfvpM,50.0,p2pk,https://raw.githubusercontent.com/bensig/patoshi-addresses/main/patoshi_pubkeys_COMPLETE.csv
E,17707,0,1A1jR2gcYshiHgekNozHyD4m6RSCVtzBzX,50.0,p2pk,https://raw.githubusercontent.com/bensig/patoshi-addresses/main/patoshi_pubkeys_COMPLETE.csv
E,17708,0,19btWgHVUR9sADCkrvVyeFjFEKXaB5nWTF,50.0,p2pk,https://raw.githubusercontent.com/bensig/patoshi-addresses/main/patoshi_pubkeys_COMPLETE.csv
E,17710,0,17iqnL2xavAeNgXE1pZrgm2YjERgc4nZRz,50.0,p2pk,https://raw.githubusercontent.com/bensig/patoshi-addresses/main/patoshi_pubkeys_COMPLETE.csv
E,17711,0,1vAJu5JtahPy5D6nbSb69tRUfjKMxeFb8,50.0,p2pk,https://raw.githubusercontent.com/bensig/patoshi-addresses/main/patoshi_pubkeys_COMPLETE.csv
E,17714,0,1P5a9rX1z26WjWyKnR3PeoTM4991aGJzcF,50.0,p2pk,https://raw.githubusercontent.com/bensig/patoshi-addresses/main/patoshi_pubkeys_COMPLETE.csv
E,17716,0,1M6YETJ3zmgVPu77e9kiotZ17AmBVPmkQA,50.0,p2pk,https://raw.githubusercontent.com/bensig/patoshi-addresses/main/patoshi_pubkeys_COMPLETE.csv
E,17717,0,1EfdTiefoAqSgCucCVs6SwWwzjPt8KTzwg,50.0,p2pk,https://raw.githubusercontent.com/bensig/patoshi-addresses/main/patoshi_pubkeys_COMPLETE.csv
E,17718,0,1Gfd6UtGqpo7wsy67mPx8wiasHE86GuAYj,50.0,p2pk,https://raw.githubusercontent.com/bensig/patoshi-addresses/main/patoshi_pubkeys_COMPLETE.csv
E,17721,0,1EFoDnRZ7FZmyf2uYTT4QS21YAnFLTaypR,50.0,p2pk,https://raw.githubusercontent.com/bensig/patoshi-addresses/main/patoshi_pubkeys_COMPLETE.csv
E,17722,0,1JBYNqGZ85RyxWGdtnbn4oovoE7eXqsFnv,50.0,p2pk,https://raw.githubusercontent.com/bensig/patoshi-addresses/main/patoshi_pubkeys_COMPLETE.csv
E,17723,0,1MeinKLdKNHsrbaYkTaJ8NQwLkWqY9rwZg,50.0,p2pk,https://raw.githubusercontent.com/bensig/patoshi-addresses/main/patoshi_pubkeys_COMPLETE.csv
E,17725,0,1BaR2vZn1LhGqMYuRwakR4ajoFYgEWBny4,50.0,p2pk,https://raw.githubusercontent.com/bensig/patoshi-addresses/main/patoshi_pubkeys_COMPLETE.csv
E,17726,0,13pGqc3o5bUyGcTygMK8dwkvibkoCr5XQg,50.0,p2pk,https://raw.githubusercontent.com/bensig/patoshi-addresses/main/patoshi_pubkeys_COMPLETE.csv
E,17727,0,1MjcbRXUqhT8W6Y467Tjs6rGoLD5yBDcqG,50.0,p2pk,https://raw.githubusercontent.com/bensig/patoshi-addresses/main/patoshi_pubkeys_COMPLETE.csv
E,17728,0,1CGpctNLYbrJxKzkg6oxUqa6vf9oCkrDtW,50.0,p2pk,https://raw.githubusercontent.com/bensig/patoshi-addresses/main/patoshi_pubkeys_COMPLETE.csv
E,17730,0,13FyBpC7xazptawX4D6grx9dwETdGWrsU9,50.0,p2pk,https://raw.githubusercontent.com/bensig/patoshi-addresses/main/patoshi_pubkeys_COMPLETE.csv
E,17731,0,1DTvJaoXtvwdTeENXRF3Tvz2HVqSyZxY6T,50.0,p2pk,https://raw.githubusercontent.com/bensig/patoshi-addresses/main/patoshi_pubkeys_COMPLETE.csv
E,17733,0,19RLK1wzhnARBqMdzBCrBEemoZ2noX3ucc,50.0,p2pk,https://raw.githubusercontent.com/bensig/patoshi-addresses/main/patoshi_pubkeys_COMPLETE.csv
E,17735,0,14E2p6bsBeW8Lc7SU2GYXRVwdYx6XK3LVs,50.0,p2pk,https://raw.githubusercontent.com/bensig/patoshi-addresses/main/patoshi_pubkeys_COMPLETE.csv
E,17738,0,1A31tZLyBz2ppg2y6LQEiD5oVTqrvC8xMm,50.0,p2pk,https://raw.githubusercontent.com/bensig/patoshi-addresses/main/patoshi_pubkeys_COMPLETE.csv
E,17739,0,1GvptiyCpSuXTcvuQ2iXXpUxub8RXEYFKA,50.0,p2pk,https://raw.githubusercontent.com/bensig/patoshi-addresses/main/patoshi_pubkeys_COMPLETE.csv
E,17740,0,17MhtzGXJVoy15GXpeZXiqdZ6t2ErktWsE,50.0,p2pk,https://raw.githubusercontent.com/bensig/patoshi-addresses/main/patoshi_pubkeys_COMPLETE.csv
E,17741,0,1EvABJR9cVVENG3GJQi3mx47yZzmzVYMks,50.0,p2pk,https://raw.githubusercontent.com/bensig/patoshi-addresses/main/patoshi_pubkeys_COMPLETE.csv
E,17743,0,1LW7erZnXcXubz4BNx5t29NRqyfyw3jY7x,50.0,p2pk,https://raw.githubusercontent.com/bensig/patoshi-addresses/main/patoshi_pubkeys_COMPLETE.csv
E,17744,0,12UW7TDqabDRzZii8t8bkVsnftRr22Wk2E,50.0,p2pk,https://raw.githubusercontent.com/bensig/patoshi-addresses/main/patoshi_pubkeys_COMPLETE.csv
E,17745,0,12BGJkyJdD7FEhZg2yUxE45xtpBxw9ghyy,50.0,p2pk,https://raw.githubusercontent.com/bensig/patoshi-addresses/main/patoshi_pubkeys_COMPLETE.csv
E,17746,0,1Gqcc985zntQF4kde7ojC7T2exHR49Uzvq,50.0,p2pk,https://raw.githubusercontent.com/bensig/patoshi-addresses/main/patoshi_pubkeys_COMPLETE.csv
E,17747,0,1CEhfUifKxeSKJQVcrHbDgxtmvc7s9FKFZ,50.0,p2pk,https://raw.githubusercontent.com/bensig/patoshi-addresses/main/patoshi_pubkeys_COMPLETE.csv
E,17748,0,1CUg4PkSACmjLNksoGEWqv2BzZhnF8o2AW,50.0,p2pk,https://raw.githubusercontent.com/bensig/patoshi-addresses/main/patoshi_pubkeys_COMPLETE.csv
E,17749,0,1Fz1ogq7UgLTYA7uFVtzRNqGfRhrg8Z4RW,50.0,p2pk,https://raw.githubusercontent.com/bensig/patoshi-addresses/main/patoshi_pubkeys_COMPLETE.csv
E,17750,0,1HFpfb7WUutNEhZwcrNCeL4HHz9UEWb1pw,50.0,p2pk,https://raw.githubusercontent.com/bensig/patoshi-addresses/main/patoshi_pubkeys_COMPLETE.csv
E,17751,0,1Gxyp3HDNwUAFT7oVwhYEGiHTFwbMDGTU7,50.0,p2pk,https://raw.githubusercontent.com/bensig/patoshi-addresses/main/patoshi_pubkeys_COMPLETE.csv
E,17752,0,146L5YRVCAqZYpc2DXoriUs2U89QtprgYr,50.0,p2pk,https://raw.githubusercontent.com/bensig/patoshi-addresses/main/patoshi_pubkeys_COMPLETE.csv
E,17753,0,19pLeFhJ5nB8tgWLLgcQ9sRMaCYn4smEef,50.0,p2pk,https://raw.githubusercontent.com/bensig/patoshi-addresses/main/patoshi_pubkeys_COMPLETE.csv
E,17756,0,198LV1upFXVihZsky3n1MjFgSUiDg6vgGE,50.0,p2pk,https://raw.githubusercontent.com/bensig/patoshi-addresses/main/patoshi_pubkeys_COMPLETE.csv
E,17757,0,1FKdja1qbhMQNeWnNPxy85TFJnEL7cY4Y,50.0,p2pk,https://raw.githubusercontent.com/bensig/patoshi-addresses/main/patoshi_pubkeys_COMPLETE.csv
E,17758,0,1EfLVVh41XFZWm9b7Uxbv3TxfB4M5SHDRS,50.0,p2pk,https://raw.githubusercontent.com/bensig/patoshi-addresses/main/patoshi_pubkeys_COMPLETE.csv
E,17759,0,131xafUqgYZqgypqGcT1esb15YBCp2RXfk,50.0,p2pk,https://raw.githubusercontent.com/bensig/patoshi-addresses/main/patoshi_pubkeys_COMPLETE.csv
E,17760,0,1JosYVyfCjM76gTjKxMMJVcQgofgfJsVWy,50.0,p2pk,https://raw.githubusercontent.com/bensig/patoshi-addresses/main/patoshi_pubkeys_COMPLETE.csv
E,17762,0,149GDPYP6S1Ek3LFFEGuUXtn94ZGVhaYTg,50.0,p2pk,https://raw.githubusercontent.com/bensig/patoshi-addresses/main/patoshi_pubkeys_COMPLETE.csv
E,17764,0,1eLN6Z3TumrhDQbrW1q67iYiZgUGNrobn,50.0,p2pk,https://raw.githubusercontent.com/bensig/patoshi-addresses/main/patoshi_pubkeys_COMPLETE.csv
E,17765,0,16SPvpUM2B5fkn76o94otBZrxYfcbW6p9Y,50.0,p2pk,https://raw.githubusercontent.com/bensig/patoshi-addresses/main/patoshi_pubkeys_COMPLETE.csv
E,17767,0,1FL6duUw4EaPANauKTEnEjyWLKmvn3CuVx,50.0,p2pk,https://raw.githubusercontent.com/bensig/patoshi-addresses/main/patoshi_pubkeys_COMPLETE.csv
E,17769,0,1PTDtY1YiNeGVyFnHs2wSrYRLuFipR6aMa,50.0,p2pk,https://raw.githubusercontent.com/bensig/patoshi-addresses/main/patoshi_pubkeys_COMPLETE.csv
E,17772,0,1Au7rcyQqeBd9f2upjtHQrUDreaB8F8N6f,50.0,p2pk,https://raw.githubusercontent.com/bensig/patoshi-addresses/main/patoshi_pubkeys_COMPLETE.csv
E,17773,0,1EChqbXLLW41kBgc4Q1wUii6TFF65XGX2j,50.0,p2pk,https://raw.githubusercontent.com/bensig/patoshi-addresses/main/patoshi_pubkeys_COMPLETE.csv
E,17778,0,17mdCq2ZQPy7JdsazxYVX5fHShcET4mieA,50.0,p2pk,https://raw.githubusercontent.com/bensig/patoshi-addresses/main/patoshi_pubkeys_COMPLETE.csv
E,17779,0,1Gyb2dbNLVoPhVEhtHZ15n7YSERSmK6QnK,50.0,p2pk,https://raw.githubusercontent.com/bensig/patoshi-addresses/main/patoshi_pubkeys_COMPLETE.csv
E,17781,0,1EieWNqujsQ15jGiYK7QZCyAnfvsfXe6Lt,50.0,p2pk,https://raw.githubusercontent.com/bensig/patoshi-addresses/main/patoshi_pubkeys_COMPLETE.csv
E,17783,0,1h81UA3goXU9xC5cd9PcZqhmhesWZPKFy,50.0,p2pk,https://raw.githubusercontent.com/bensig/patoshi-addresses/main/patoshi_pubkeys_COMPLETE.csv
E,17786,0,1EerCAG9gcozgE9z7oJwwH7MxPbP5a33u6,50.0,p2pk,https://raw.githubusercontent.com/bensig/patoshi-addresses/main/patoshi_pubkeys_COMPLETE.csv
E,17788,0,17HwiACvbiW5Kun5o8bxikBfdNPqw8H6hJ,50.0,p2pk,https://raw.githubusercontent.com/bensig/patoshi-addresses/main/patoshi_pubkeys_COMPLETE.csv
E,17789,0,1L7CnMnEijQ3Zv4h2WhRTjXeKZuvsxzbct,50.0,p2pk,https://raw.githubusercontent.com/bensig/patoshi-addresses/main/patoshi_pubkeys_COMPLETE.csv
E,17790,0,1Q23LEP69nfe9HxeR55ffsUSmHsRuJaaz,50.0,p2pk,https://raw.githubusercontent.com/bensig/patoshi-addresses/main/patoshi_pubkeys_COMPLETE.csv
E,17791,0,1RdnjmbuFnqdsDdVLTfzjbgJdotPeaNpg,50.0,p2pk,https://raw.githubusercontent.com/bensig/patoshi-addresses/main/patoshi_pubkeys_COMPLETE.csv
E,17792,0,1JJZ7CG6KyU6hQSr8VR5co18rMScUWC4vr,50.0,p2pk,https://raw.githubusercontent.com/bensig/patoshi-addresses/main/patoshi_pubkeys_COMPLETE.csv
E,17793,0,1D9k7HfZ9y1Ez3SY8cVffqbjN4h5XLidbJ,50.0,p2pk,https://raw.githubusercontent.com/bensig/patoshi-addresses/main/patoshi_pubkeys_COMPLETE.csv
E,17795,0,1QFYXV6685Dq1mjjiagP9mFKjKmePNSh5Z,50.0,p2pk,https://raw.githubusercontent.com/bensig/patoshi-addresses/main/patoshi_pubkeys_COMPLETE.csv
E,17796,0,1N6G6SFT3Ji7UBgRgxxEgRXyoaYSH8HU5s,50.0,p2pk,https://raw.githubusercontent.com/bensig/patoshi-addresses/main/patoshi_pubkeys_COMPLETE.csv
E,17797,0,13MqKkTVXrkVqi41Zjw4zcXZM2aCocTvVv,50.0,p2pk,https://raw.githubusercontent.com/bensig/patoshi-addresses/main/patoshi_pubkeys_COMPLETE.csv
E,17799,0,1PGGs22sgZkE5Sy7yqEZGLMLwAiE4DHD7P,50.0,p2pk,https://raw.githubusercontent.com/bensig/patoshi-addresses/main/patoshi_pubkeys_COMPLETE.csv
E,17800,0,15XJ8YjT6dttk4jfJ9phwezcZtfJhVq7sM,50.0,p2pk,https://raw.githubusercontent.com/bensig/patoshi-addresses/main/patoshi_pubkeys_COMPLETE.csv
E,17801,0,1MfkQTajQveEpQxAEzHgAvVUQZXE77yz5,50.0,p2pk,https://raw.githubusercontent.com/bensig/patoshi-addresses/main/patoshi_pubkeys_COMPLETE.csv
E,17804,0,1JVpCY4rDTxkn7rgJENvHebtTRU1oojczV,50.0,p2pk,https://raw.githubusercontent.com/bensig/patoshi-addresses/main/patoshi_pubkeys_COMPLETE.csv
E,17805,0,1NRUFJgnNesWZEt6V2Qm1yXqyAXCLm1a84,50.0,p2pk,https://raw.githubusercontent.com/bensig/patoshi-addresses/main/patoshi_pubkeys_COMPLETE.csv
E,17806,0,1PqwpA3ZHvszz7pGHZEfEcQxneeo4Evusf,50.0,p2pk,https://raw.githubusercontent.com/bensig/patoshi-addresses/main/patoshi_pubkeys_COMPLETE.csv
E,17807,0,1CUiCn4Dydve85b269dN1mpPXqau6jHpGK,50.0,p2pk,https://raw.githubusercontent.com/bensig/patoshi-addresses/main/patoshi_pubkeys_COMPLETE.csv
E,17808,0,18BgXyhuqn8xLUwktnPg9rKHtPbj3vUAdw,50.0,p2pk,https://raw.githubusercontent.com/bensig/patoshi-addresses/main/patoshi_pubkeys_COMPLETE.csv
E,17809,0,1K8mKcZQN766re4CN1vY85nih53ptaD7dm,50.0,p2pk,https://raw.githubusercontent.com/bensig/patoshi-addresses/main/patoshi_pubkeys_COMPLETE.csv
E,17810,0,1GcUG88QzJ1Bv4a645nd3bJvyrY4xYek3F,50.0,p2pk,https://raw.githubusercontent.com/bensig/patoshi-addresses/main/patoshi_pubkeys_COMPLETE.csv
E,17811,0,12cHuQyx7okzB5CPpAv2SYGpSwEkGFeC5c,50.0,p2pk,https://raw.githubusercontent.com/bensig/patoshi-addresses/main/patoshi_pubkeys_COMPLETE.csv
E,17813,0,1Jsq3NMBnruwv7tY4tUaoEFpio8QJikzJa,50.0,p2pk,https://raw.githubusercontent.com/bensig/patoshi-addresses/main/patoshi_pubkeys_COMPLETE.csv
E,17815,0,1ANpJLF919mrpgxS1caiKWBPeb95yHCFZZ,50.0,p2pk,https://raw.githubusercontent.com/bensig/patoshi-addresses/main/patoshi_pubkeys_COMPLETE.csv
E,17817,0,1EKV5MSPv5c9oAhsjq5vgyqATHr7n5PFgv,50.0,p2pk,https://raw.githubusercontent.com/bensig/patoshi-addresses/main/patoshi_pubkeys_COMPLETE.csv
E,17818,0,13VVpRwdyeU96XFyR9Qcaigk35cw2m2kCe,50.0,p2pk,https://raw.githubusercontent.com/bensig/patoshi-addresses/main/patoshi_pubkeys_COMPLETE.csv
E,17819,0,19HVwKMZYXzG36hF4CWyKaE45WAguqBebq,50.0,p2pk,https://raw.githubusercontent.com/bensig/patoshi-addresses/main/patoshi_pubkeys_COMPLETE.csv
E,17821,0,18asmUrScMUHgTb3Dj6yCh5rzFcgdBUFwC,50.0,p2pk,https://raw.githubusercontent.com/bensig/patoshi-addresses/main/patoshi_pubkeys_COMPLETE.csv
E,17822,0,1AztU3HJVeMmbRdzqjYdhuzR4UKajobVRk,50.0,p2pk,https://raw.githubusercontent.com/bensig/patoshi-addresses/main/patoshi_pubkeys_COMPLETE.csv
E,17823,0,1ETgp8MMkRYkRv21yZhqxoweKSq6fxSCti,50.0,p2pk,https://raw.githubusercontent.com/bensig/patoshi-addresses/main/patoshi_pubkeys_COMPLETE.csv
E,17824,0,15XXWQtUrAXEoXDBmp9QcYZP1FDnJEtT26,50.0,p2pk,https://raw.githubusercontent.com/bensig/patoshi-addresses/main/patoshi_pubkeys_COMPLETE.csv
E,17826,0,1C2MN9LgYrpnEUQF2HNuwPNyUBzgxK6dDC,50.0,p2pk,https://raw.githubusercontent.com/bensig/patoshi-addresses/main/patoshi_pubkeys_COMPLETE.csv
E,17827,0,1L5xDzTA2517GEFGqgXGx9fB9wNdqiViPG,50.0,p2pk,https://raw.githubusercontent.com/bensig/patoshi-addresses/main/patoshi_pubkeys_COMPLETE.csv
E,17828,0,15SjjhBBpQ26BDeskc7Npd6y19FNphBY7a,50.0,p2pk,https://raw.githubusercontent.com/bensig/patoshi-addresses/main/patoshi_pubkeys_COMPLETE.csv
E,17830,0,1NdeLJPbnwXk4oxsFkiNJ9WqESZcHXJAcX,50.0,p2pk,https://raw.githubusercontent.com/bensig/patoshi-addresses/main/patoshi_pubkeys_COMPLETE.csv
E,17832,0,12GSds3M3knhycG8NQRBeTNKCeuKvD9jzw,50.0,p2pk,https://raw.githubusercontent.com/bensig/patoshi-addresses/main/patoshi_pubkeys_COMPLETE.csv
E,17833,0,16vNVcGci7PzhEPocM4tLK1AWZif4aNe9N,50.0,p2pk,https://raw.githubusercontent.com/bensig/patoshi-addresses/main/patoshi_pubkeys_COMPLETE.csv
E,17834,0,18kW6GEzJfB74t4GDJ5PJrj4cP8ULce7nj,50.0,p2pk,https://raw.githubusercontent.com/bensig/patoshi-addresses/main/patoshi_pubkeys_COMPLETE.csv
E,17836,0,1H3f2mZMqA76o4Ev94esj5DukKeBmJU32n,50.0,p2pk,https://raw.githubusercontent.com/bensig/patoshi-addresses/main/patoshi_pubkeys_COMPLETE.csv
E,17837,0,12TaSZ7v6qnSBkqThSptCT8LnXWknzpmjN,50.0,p2pk,https://raw.githubusercontent.com/bensig/patoshi-addresses/main/patoshi_pubkeys_COMPLETE.csv
E,17838,0,1M6UYn5pCVfDUCWaPzZZY3bT7Rz2nJT9Py,50.0,p2pk,https://raw.githubusercontent.com/bensig/patoshi-addresses/main/patoshi_pubkeys_COMPLETE.csv
E,17839,0,1HMYTSp1ouDqNxQw1h4vhkid64GhYau5AG,50.0,p2pk,https://raw.githubusercontent.com/bensig/patoshi-addresses/main/patoshi_pubkeys_COMPLETE.csv
E,17840,0,1JietbTKiwxXf4y48kYoXxdBjAAYrzzKpf,50.0,p2pk,https://raw.githubusercontent.com/bensig/patoshi-addresses/main/patoshi_pubkeys_COMPLETE.csv
E,17841,0,15yU6HbmobtdtHgpbzH4ViUGERjKWcJ919,50.0,p2pk,https://raw.githubusercontent.com/bensig/patoshi-addresses/main/patoshi_pubkeys_COMPLETE.csv
E,17844,0,1J2yjtgpLeKYz1hpP2e9XNJbCLW4kgLx8K,50.0,p2pk,https://raw.githubusercontent.com/bensig/patoshi-addresses/main/patoshi_pubkeys_COMPLETE.csv
E,17847,0,15KRBdqAyKgW3fWHpnTfUQ46y1znFr9qLu,50.0,p2pk,https://raw.githubusercontent.com/bensig/patoshi-addresses/main/patoshi_pubkeys_COMPLETE.csv
E,17852,0,15FxDAohpKD1aequnT7AhD5nbMtHv45nm1,50.0,p2pk,https://raw.githubusercontent.com/bensig/patoshi-addresses/main/patoshi_pubkeys_COMPLETE.csv
E,17853,0,165j8o2PqifX2RkH5qdFLmcbX1SghGDAL2,50.0,p2pk,https://raw.githubusercontent.com/bensig/patoshi-addresses/main/patoshi_pubkeys_COMPLETE.csv
E,17854,0,1BAMwdekTDANMwiPMvaGfhGD12evbPokv3,50.0,p2pk,https://raw.githubusercontent.com/bensig/patoshi-addresses/main/patoshi_pubkeys_COMPLETE.csv
E,17855,0,1Cv44Yf3JUDkjTxpYM1j52kmivYsMt9v5o,50.0,p2pk,https://raw.githubusercontent.com/bensig/patoshi-addresses/main/patoshi_pubkeys_COMPLETE.csv
E,17856,0,1HYDLJLgc5DXfn2ZbKe48oDoMiLdV2GLFM,50.0,p2pk,https://raw.githubusercontent.com/bensig/patoshi-addresses/main/patoshi_pubkeys_COMPLETE.csv
E,17858,0,1DEU3b4dsVDFQAb97VwWmRzcqC9eCefF3j,50.0,p2pk,https://raw.githubusercontent.com/bensig/patoshi-addresses/main/patoshi_pubkeys_COMPLETE.csv
E,17862,0,1Px1w1XtPUvzg3ZPGogtUUjCEozi4nx7rS,50.0,p2pk,https://raw.githubusercontent.com/bensig/patoshi-addresses/main/patoshi_pubkeys_COMPLETE.csv
E,17863,0,1Nk2tXdxmdP575v5SpBELrRxAiAcqTuCYq,50.0,p2pk,https://raw.githubusercontent.com/bensig/patoshi-addresses/main/patoshi_pubkeys_COMPLETE.csv
E,17864,0,1PujSibuQCdTz7kiSxFX39eZjhd3pr3Rfg,50.0,p2pk,https://raw.githubusercontent.com/bensig/patoshi-addresses/main/patoshi_pubkeys_COMPLETE.csv
E,17865,0,1FjMWs47KfC3NwKZtpXFDbCctr3rK2ixaP,50.0,p2pk,https://raw.githubusercontent.com/bensig/patoshi-addresses/main/patoshi_pubkeys_COMPLETE.csv
E,17866,0,1EpuQxm9qUeRy82PPZe551JUhhLQwcLo4Q,50.0,p2pk,https://raw.githubusercontent.com/bensig/patoshi-addresses/main/patoshi_pubkeys_COMPLETE.csv
E,17867,0,1Yk5h7HKZYYopRzFVdP1a8wNB4QxCydbQ,50.0,p2pk,https://raw.githubusercontent.com/bensig/patoshi-addresses/main/patoshi_pubkeys_COMPLETE.csv
E,17868,0,1PPTXdH5z1vDj61Bh98DT14ZsiDtBXSA9i,50.0,p2pk,https://raw.githubusercontent.com/bensig/patoshi-addresses/main/patoshi_pubkeys_COMPLETE.csv
E,17870,0,132NJtdSNJVhkbXZCqihghYisCxF7uxgMp,50.0,p2pk,https://raw.githubusercontent.com/bensig/patoshi-addresses/main/patoshi_pubkeys_COMPLETE.csv
E,17872,0,1GyrL3okcY5ToAKnBkyV7MHsHJgVzZUnyK,50.0,p2pk,https://raw.githubusercontent.com/bensig/patoshi-addresses/main/patoshi_pubkeys_COMPLETE.csv
E,17873,0,15hUqV8uiP1Mbqs8ZCLZ8XHEfiDhEQoscZ,50.0,p2pk,https://raw.githubusercontent.com/bensig/patoshi-addresses/main/patoshi_pubkeys_COMPLETE.csv
E,17876,0,19nr7WvPz9Q6B2QttkpjWCQYEMXvdrrmCk,50.0,p2pk,https://raw.githubusercontent.com/bensig/patoshi-addresses/main/patoshi_pubkeys_COMPLETE.csv
E,17877,0,17PZhr8P6YeBBSsd6dAkdivkzy81YJiPRE,50.0,p2pk,https://raw.githubusercontent.com/bensig/patoshi-addresses/main/patoshi_pubkeys_COMPLETE.csv
E,17879,0,1HEf7FyWjii87gZU3BmvDwET776vjn5tYo,50.0,p2pk,https://raw.githubusercontent.com/bensig/patoshi-addresses/main/patoshi_pubkeys_COMPLETE.csv
E,17880,0,1N23zHwq6yRrWLzGxzYz4tSQQG8PjHqa9r,50.0,p2pk,https://raw.githubusercontent.com/bensig/patoshi-addresses/main/patoshi_pubkeys_COMPLETE.csv
E,17881,0,1DcdiGHFbaj4n23cTaZcY8Dayk8oUfY9Mc,50.0,p2pk,https://raw.githubusercontent.com/bensig/patoshi-addresses/main/patoshi_pubkeys_COMPLETE.csv
E,17882,0,1CaPxqvqJiToUdssG8h3kjzW3nebKMQbqQ,50.0,p2pk,https://raw.githubusercontent.com/bensig/patoshi-addresses/main/patoshi_pubkeys_COMPLETE.csv
E,17883,0,1GcumTFcaNk1ta1Vk64MP6XN1M7a8tz2hJ,50.0,p2pk,https://raw.githubusercontent.com/bensig/patoshi-addresses/main/patoshi_pubkeys_COMPLETE.csv
E,17884,0,12X75DrFjyC4wvdfu6VsVKxeuEmKbXkSNZ,50.0,p2pk,https://raw.githubusercontent.com/bensig/patoshi-addresses/main/patoshi_pubkeys_COMPLETE.csv
E,17886,0,1CkvFmdH4WaY5MANFXnZeCUX8hQ7CEy1mc,50.0,p2pk,https://raw.githubusercontent.com/bensig/patoshi-addresses/main/patoshi_pubkeys_COMPLETE.csv
E,17888,0,1BTmuxZy8jVU16rXo8KGiyiiwgT1VqebCR,50.0,p2pk,https://raw.githubusercontent.com/bensig/patoshi-addresses/main/patoshi_pubkeys_COMPLETE.csv
E,17889,0,12479JJE93hsEQ6U9LAKC4eGtgCHr7dnjB,50.0,p2pk,https://raw.githubusercontent.com/bensig/patoshi-addresses/main/patoshi_pubkeys_COMPLETE.csv
E,17890,0,1NaVGNnPJfNsnn5TRcQJpg9SYWaUAaG6fq,50.0,p2pk,https://raw.githubusercontent.com/bensig/patoshi-addresses/main/patoshi_pubkeys_COMPLETE.csv
E,17891,0,1LiSFp2NSMHz1wYAQ9cSDhacG2tAyiwJ9g,50.0,p2pk,https://raw.githubusercontent.com/bensig/patoshi-addresses/main/patoshi_pubkeys_COMPLETE.csv
E,17892,0,1HtBJzjFUi1QhAbRZcobd2Zb42jwzgLVSt,50.0,p2pk,https://raw.githubusercontent.com/bensig/patoshi-addresses/main/patoshi_pubkeys_COMPLETE.csv
E,17894,0,1PFEFzEKuAzJuZVxLDdrwK5h2SC9L9qvyy,50.0,p2pk,https://raw.githubusercontent.com/bensig/patoshi-addresses/main/patoshi_pubkeys_COMPLETE.csv
E,17895,0,1JtSBMVyeX1AsC6cozci1SCe9AEehi5MsD,50.0,p2pk,https://raw.githubusercontent.com/bensig/patoshi-addresses/main/patoshi_pubkeys_COMPLETE.csv
E,17896,0,19Q6YQZ4CiEw2Tz87BtvR7Vv182ttc46Gp,50.0,p2pk,https://raw.githubusercontent.com/bensig/patoshi-addresses/main/patoshi_pubkeys_COMPLETE.csv
E,17897,0,12dL1Bi1kCcYHdwdRJLoVr5z4a5UDmvUXZ,50.0,p2pk,https://raw.githubusercontent.com/bensig/patoshi-addresses/main/patoshi_pubkeys_COMPLETE.csv
E,17898,0,1K9L5BWbVHwXNnJPZy3nybefQQVqdd5h3t,50.0,p2pk,https://raw.githubusercontent.com/bensig/patoshi-addresses/main/patoshi_pubkeys_COMPLETE.csv
E,17899,0,1V9DvRBnWSEtojxoM3sJxPdh4gFSXgDxd,50.0,p2pk,https://raw.githubusercontent.com/bensig/patoshi-addresses/main/patoshi_pubkeys_COMPLETE.csv
E,17900,0,1AmhTaR7xbUQAwRGTg7g6kTFdshs7efZHu,50.0,p2pk,https://raw.githubusercontent.com/bensig/patoshi-addresses/main/patoshi_pubkeys_COMPLETE.csv
E,17901,0,13qjKnv5doYum95VSBgN8aQFVuvZhm1LiV,50.0,p2pk,https://raw.githubusercontent.com/bensig/patoshi-addresses/main/patoshi_pubkeys_COMPLETE.csv
E,17902,0,15H9Ehg7aYfnyPTAvi6VEPg2WXS1F5RwBc,50.0,p2pk,https://raw.githubusercontent.com/bensig/patoshi-addresses/main/patoshi_pubkeys_COMPLETE.csv
E,17905,0,1LHxWJuEGdVpuUf6vsh83CsHythBkEcZi5,50.0,p2pk,https://raw.githubusercontent.com/bensig/patoshi-addresses/main/patoshi_pubkeys_COMPLETE.csv
E,17906,0,1FVprEg6AGLGcduER9FX5YemiAnfW4rAV,50.0,p2pk,https://raw.githubusercontent.com/bensig/patoshi-addresses/main/patoshi_pubkeys_COMPLETE.csv
E,17907,0,13f5PEBdMiEmyEKVruaPh9bqAhjujcAPvE,50.0,p2pk,https://raw.githubusercontent.com/bensig/patoshi-addresses/main/patoshi_pubkeys_COMPLETE.csv
E,17909,0,18qwJ94fPjTFKJMSqbyTKV6S8cLaYTA66P,50.0,p2pk,https://raw.githubusercontent.com/bensig/patoshi-addresses/main/patoshi_pubkeys_COMPLETE.csv
E,17910,0,16PAhxAFmGTqt2Rmyie2z3UhyEr2YND6QA,50.0,p2pk,https://raw.githubusercontent.com/bensig/patoshi-addresses/main/patoshi_pubkeys_COMPLETE.csv
E,17911,0,12EPrw5mjeaNDFLDqTLLQSTPtg5MTSmiz3,50.0,p2pk,https://raw.githubusercontent.com/bensig/patoshi-addresses/main/patoshi_pubkeys_COMPLETE.csv
E,17913,0,152mL5MhxBDz2z9wJfm2STFBVBENTae8JV,50.0,p2pk,https://raw.githubusercontent.com/bensig/patoshi-addresses/main/patoshi_pubkeys_COMPLETE.csv
E,17915,0,1621DXKpEnXaStFKV7QJPJMmZ35sZ9Mvqw,50.0,p2pk,https://raw.githubusercontent.com/bensig/patoshi-addresses/main/patoshi_pubkeys_COMPLETE.csv
E,17916,0,1K5zrMxtE9inoR5t5yWVEXWMc4iuDsVo26,50.0,p2pk,https://raw.githubusercontent.com/bensig/patoshi-addresses/main/patoshi_pubkeys_COMPLETE.csv
E,17920,0,1K4Lw6WBzK7EodawBqjcDxjC93MVNpFgQr,50.0,p2pk,https://raw.githubusercontent.com/bensig/patoshi-addresses/main/patoshi_pubkeys_COMPLETE.csv
E,17921,0,1J7iWueJtipguoqv9fVCc2Q4YJD86xwV6u,50.0,p2pk,https://raw.githubusercontent.com/bensig/patoshi-addresses/main/patoshi_pubkeys_COMPLETE.csv
E,17922,0,17ko6bfN3g3XEPJHbSkr4RQda9hpKE4Hdc,50.0,p2pk,https://raw.githubusercontent.com/bensig/patoshi-addresses/main/patoshi_pubkeys_COMPLETE.csv
E,17923,0,1DznsRboJr4rUWe6X5dXAbWK5qCZQXpBsG,50.0,p2pk,https://raw.githubusercontent.com/bensig/patoshi-addresses/main/patoshi_pubkeys_COMPLETE.csv
E,17929,0,12nkzuysVZg3ht7442F67jxwXZo66aho9U,50.0,p2pk,https://raw.githubusercontent.com/bensig/patoshi-addresses/main/patoshi_pubkeys_COMPLETE.csv
E,17930,0,1CNqKMcyn6K5ZdP1fu4sL1DrgC3t14UTwV,50.0,p2pk,https://raw.githubusercontent.com/bensig/patoshi-addresses/main/patoshi_pubkeys_COMPLETE.csv
E,17932,0,1JEtf2tdiqGmVt4jMc1FyqAwq6GUSzWPWX,50.0,p2pk,https://raw.githubusercontent.com/bensig/patoshi-addresses/main/patoshi_pubkeys_COMPLETE.csv
E,17933,0,1FhwxjT8B6BfiGWRfjdnN8u7aeDY8a82dq,50.0,p2pk,https://raw.githubusercontent.com/bensig/patoshi-addresses/main/patoshi_pubkeys_COMPLETE.csv
E,17937,0,17EaSxG1NrN9hEg8zdM8abUMsLrY2EnCaf,50.0,p2pk,https://raw.githubusercontent.com/bensig/patoshi-addresses/main/patoshi_pubkeys_COMPLETE.csv
E,17939,0,1GdGLYUjGVwie78Wrg5vh8HAPk9LvN2bCA,50.0,p2pk,https://raw.githubusercontent.com/bensig/patoshi-addresses/main/patoshi_pubkeys_COMPLETE.csv
E,17943,0,1Gu36SCpR212Gtc6SMymiEjxAu1ipV512s,50.0,p2pk,https://raw.githubusercontent.com/bensig/patoshi-addresses/main/patoshi_pubkeys_COMPLETE.csv
E,17944,0,18tJWMYUwVXicuEs48f5bK4kXQPbMX6oez,50.0,p2pk,https://raw.githubusercontent.com/bensig/patoshi-addresses/main/patoshi_pubkeys_COMPLETE.csv
E,17947,0,19o2PmfaWnCBb4aQK5WSLa3Zf1fbxejGxy,50.0,p2pk,https://raw.githubusercontent.com/bensig/patoshi-addresses/main/patoshi_pubkeys_COMPLETE.csv
E,17948,0,1GF8RSuJ33TSMn71HxkaocWgPSfDqnU839,50.0,p2pk,https://raw.githubusercontent.com/bensig/patoshi-addresses/main/patoshi_pubkeys_COMPLETE.csv
E,17950,0,14drYkEnn86uDWUH32BbGGjzcvBBMgW3vS,50.0,p2pk,https://raw.githubusercontent.com/bensig/patoshi-addresses/main/patoshi_pubkeys_COMPLETE.csv
E,17951,0,18nSe2pxqCmJb2pGksFvE5GNYhxo69h74U,50.0,p2pk,https://raw.githubusercontent.com/bensig/patoshi-addresses/main/patoshi_pubkeys_COMPLETE.csv
E,17953,0,1K2kJrMPTN1J5bcjSrFkTJ98FFXboYhBs2,50.0,p2pk,https://raw.githubusercontent.com/bensig/patoshi-addresses/main/patoshi_pubkeys_COMPLETE.csv
E,17954,0,1GQUUiZ9GtL63Dw6CbPfiNPvJi9SKngGxE,50.0,p2pk,https://raw.githubusercontent.com/bensig/patoshi-addresses/main/patoshi_pubkeys_COMPLETE.csv
E,17956,0,1Jqvr9vnrSHzMVLgtY1U79JgB8i19C35b,50.0,p2pk,https://raw.githubusercontent.com/bensig/patoshi-addresses/main/patoshi_pubkeys_COMPLETE.csv
E,17958,0,1PyHZFcNXamrxPK7ggMkETh2aSWmtxrAqQ,50.0,p2pk,https://raw.githubusercontent.com/bensig/patoshi-addresses/main/patoshi_pubkeys_COMPLETE.csv
E,17959,0,1q5MBZePCLPRN2rh8Kv1j8XACW7JzmU6n,50.0,p2pk,https://raw.githubusercontent.com/bensig/patoshi-addresses/main/patoshi_pubkeys_COMPLETE.csv
E,17960,0,1DRoV8RRbVwyxii5gtDgmJSZQpARAqYNyh,50.0,p2pk,https://raw.githubusercontent.com/bensig/patoshi-addresses/main/patoshi_pubkeys_COMPLETE.csv
E,17962,0,1GBzpMFntfo1RGNFjeW7C26LLpFNAoLpS1,50.0,p2pk,https://raw.githubusercontent.com/bensig/patoshi-addresses/main/patoshi_pubkeys_COMPLETE.csv
E,17963,0,19RgnNSwy51ErhsXtsHjE4FfQB4PFB8xuA,50.0,p2pk,https://raw.githubusercontent.com/bensig/patoshi-addresses/main/patoshi_pubkeys_COMPLETE.csv
E,17964,0,1HiHBwuTVx9yh2KCpqYvRfKPRN7ptxz9iB,50.0,p2pk,https://raw.githubusercontent.com/bensig/patoshi-addresses/main/patoshi_pubkeys_COMPLETE.csv
E,17967,0,1jP2PiS7N9Pue6HXQdqJV4akfdhPPoY8H,50.0,p2pk,https://raw.githubusercontent.com/bensig/patoshi-addresses/main/patoshi_pubkeys_COMPLETE.csv
E,17969,0,13cXPjveFhec3do4DDjvGD14zB5877JERU,50.0,p2pk,https://raw.githubusercontent.com/bensig/patoshi-addresses/main/patoshi_pubkeys_COMPLETE.csv
E,17970,0,1PCRrgDNf2mXEgopQQcUiHxBfxy6Vuu8C6,50.0,p2pk,https://raw.githubusercontent.com/bensig/patoshi-addresses/main/patoshi_pubkeys_COMPLETE.csv
E,17971,0,1Eb5hJAjqcXz45qSbB3RrxWAv1PsSRrBvM,50.0,p2pk,https://raw.githubusercontent.com/bensig/patoshi-addresses/main/patoshi_pubkeys_COMPLETE.csv
E,17972,0,12qCnv8t5Q248ti8JuhLynkoX7uCwVDxZU,50.0,p2pk,https://raw.githubusercontent.com/bensig/patoshi-addresses/main/patoshi_pubkeys_COMPLETE.csv
E,17976,0,18v6nyCdFQfXB6j6u4X85mvQTF2efw3L6h,50.0,p2pk,https://raw.githubusercontent.com/bensig/patoshi-addresses/main/patoshi_pubkeys_COMPLETE.csv
E,17978,0,18UDMogcZtmxRtmSjDD7U9CcC2pMpuaKgh,50.0,p2pk,https://raw.githubusercontent.com/bensig/patoshi-addresses/main/patoshi_pubkeys_COMPLETE.csv
E,17981,0,14m2AxMrFi9Mwj3mT8wbUpEDdznCHrvmmD,50.0,p2pk,https://raw.githubusercontent.com/bensig/patoshi-addresses/main/patoshi_pubkeys_COMPLETE.csv
E,17983,0,16jtcB5GePETjkbBKUjU4maf7CqFftfFEe,50.0,p2pk,https://raw.githubusercontent.com/bensig/patoshi-addresses/main/patoshi_pubkeys_COMPLETE.csv
E,17986,0,12BCgwdsCvnzS5sRCSCuDkMCJ2WGn9gdtX,50.0,p2pk,https://raw.githubusercontent.com/bensig/patoshi-addresses/main/patoshi_pubkeys_COMPLETE.csv
E,17987,0,16DRdWo6QSfVXB7ChFVbRSFpD1RA4pQf3L,50.0,p2pk,https://raw.githubusercontent.com/bensig/patoshi-addresses/main/patoshi_pubkeys_COMPLETE.csv
E,17988,0,1ACxcyMqMaNdLqJMvkVAHwX4yMAxBPdLZ9,50.0,p2pk,https://raw.githubusercontent.com/bensig/patoshi-addresses/main/patoshi_pubkeys_COMPLETE.csv
E,17991,0,1LSYBq87ZDSfT9TryU8dwNkX7tzrbopA9U,50.0,p2pk,https://raw.githubusercontent.com/bensig/patoshi-addresses/main/patoshi_pubkeys_COMPLETE.csv
E,17992,0,1FHJbARPBxgaeK14xf9hhkkWfxaknUUiRr,50.0,p2pk,https://raw.githubusercontent.com/bensig/patoshi-addresses/main/patoshi_pubkeys_COMPLETE.csv
E,17994,0,14VuRkKtop5s3W7Ce9ssc75wiE3mcMeLUv,50.0,p2pk,https://raw.githubusercontent.com/bensig/patoshi-addresses/main/patoshi_pubkeys_COMPLETE.csv
E,17995,0,1G5rsSrZgVZnpUUWRYvomN8y9xiWYfvdAW,50.0,p2pk,https://raw.githubusercontent.com/bensig/patoshi-addresses/main/patoshi_pubkeys_COMPLETE.csv
E,17996,0,1BEcadFVBWgCqD5YiXvLXFzhVKEmUhWvst,50.0,p2pk,https://raw.githubusercontent.com/bensig/patoshi-addresses/main/patoshi_pubkeys_COMPLETE.csv
E,17999,0,1EHuQd4XuEyu4k2jc7LNrna8LQjk4SHCzF,50.0,p2pk,https://raw.githubusercontent.com/bensig/patoshi-addresses/main/patoshi_pubkeys_COMPLETE.csv
E,18000,0,1JbQcxMwVsrbUfWXP7whVuHAN898qhJiZz,50.0,p2pk,https://raw.githubusercontent.com/bensig/patoshi-addresses/main/patoshi_pubkeys_COMPLETE.csv
E,18001,0,1H1TAe5HY3AYMav6xV3JG2ePT1jZuKDXsi,50.0,p2pk,https://raw.githubusercontent.com/bensig/patoshi-addresses/main/patoshi_pubkeys_COMPLETE.csv
E,18002,0,1K2sxepbfA8cmdvW4947Zb36yRw2Yi71Fw,50.0,p2pk,https://raw.githubusercontent.com/bensig/patoshi-addresses/main/patoshi_pubkeys_COMPLETE.csv
E,18004,0,19DQy47m8P5VKBpj2fjHEJ1Tnc2M4nMfHp,50.0,p2pk,https://raw.githubusercontent.com/bensig/patoshi-addresses/main/patoshi_pubkeys_COMPLETE.csv
E,18006,0,1EhQqdy6GK4DMuLx9ruB1woyQxypEgeBjr,50.0,p2pk,https://raw.githubusercontent.com/bensig/patoshi-addresses/main/patoshi_pubkeys_COMPLETE.csv
E,18009,0,17DdRVgHYDzPkVsz4fhEAPrctLw94FBTVe,50.0,p2pk,https://raw.githubusercontent.com/bensig/patoshi-addresses/main/patoshi_pubkeys_COMPLETE.csv
E,18011,0,17DVUEjTHTQ7UE6Lbfm5WVfhKt5F7wppsh,50.0,p2pk,https://raw.githubusercontent.com/bensig/patoshi-addresses/main/patoshi_pubkeys_COMPLETE.csv
E,18013,0,1Q46woLQrfbsDbpLgVP8XjD9TD379qDkrL,50.0,p2pk,https://raw.githubusercontent.com/bensig/patoshi-addresses/main/patoshi_pubkeys_COMPLETE.csv
E,18014,0,19QixPmPZsEXJ1sCBR7t1sipDNxXnr77Gt,50.0,p2pk,https://raw.githubusercontent.com/bensig/patoshi-addresses/main/patoshi_pubkeys_COMPLETE.csv
E,18015,0,1GPpmn4TB9At69VVjXdG7tLvWdkYzAYBPF,50.0,p2pk,https://raw.githubusercontent.com/bensig/patoshi-addresses/main/patoshi_pubkeys_COMPLETE.csv
E,18033,0,1CEMn8PaJhY776ZoWaTz1PzjNoUiiLWXLi,50.0,p2pk,https://raw.githubusercontent.com/bensig/patoshi-addresses/main/patoshi_pubkeys_COMPLETE.csv
E,18034,0,12Cz1Tby3X4uswwfVTS8y76b6FnvKNmmvV,50.0,p2pk,https://raw.githubusercontent.com/bensig/patoshi-addresses/main/patoshi_pubkeys_COMPLETE.csv
E,18035,0,14HFjoisnhMMSr2xbxJNCiokgWo3pP4rxC,50.0,p2pk,https://raw.githubusercontent.com/bensig/patoshi-addresses/main/patoshi_pubkeys_COMPLETE.csv
E,18036,0,12eNmCo3k1gtMdD4VAPeHEuf7E7PTF2MQM,50.0,p2pk,https://raw.githubusercontent.com/bensig/patoshi-addresses/main/patoshi_pubkeys_COMPLETE.csv
E,18037,0,1QFtwu8sQ4xYTHnYwnqWj1y7MxEhNHRr1d,50.0,p2pk,https://raw.githubusercontent.com/bensig/patoshi-addresses/main/patoshi_pubkeys_COMPLETE.csv
E,18042,0,1F6L6FZvWyqHvTdCL2gk6xxeTpQ3ACAQZo,50.0,p2pk,https://raw.githubusercontent.com/bensig/patoshi-addresses/main/patoshi_pubkeys_COMPLETE.csv
E,18044,0,16spbne6wyjgf9Mc9CYUxWnoFZQ1Uj3bAW,50.0,p2pk,https://raw.githubusercontent.com/bensig/patoshi-addresses/main/patoshi_pubkeys_COMPLETE.csv
E,18046,0,1PuDWKcCPaR2pcX1oRDpXtjsBtZnQ2HT9H,50.0,p2pk,https://raw.githubusercontent.com/bensig/patoshi-addresses/main/patoshi_pubkeys_COMPLETE.csv
E,18049,0,1A5W5xwzLCZ3MUTqVkJ7LpvUEuc8Fzhghd,50.0,p2pk,https://raw.githubusercontent.com/bensig/patoshi-addresses/main/patoshi_pubkeys_COMPLETE.csv
E,18052,0,13S7H5pBHHnDoUsB4M5inTwU12sPnKiEit,50.0,p2pk,https://raw.githubusercontent.com/bensig/patoshi-addresses/main/patoshi_pubkeys_COMPLETE.csv
E,18053,0,1G9ZHWGcbymEWKVrcbRdtrMAjTufhVwCEc,50.0,p2pk,https://raw.githubusercontent.com/bensig/patoshi-addresses/main/patoshi_pubkeys_COMPLETE.csv
E,18054,0,1G56UEQWYHhK7e86xSKZbtrvoZWBw5FgPe,50.0,p2pk,https://raw.githubusercontent.com/bensig/patoshi-addresses/main/patoshi_pubkeys_COMPLETE.csv
E,18058,0,1Ktvu5tZmvJ5exN72VfAdwyUkkqPP4Ef4b,50.0,p2pk,https://raw.githubusercontent.com/bensig/patoshi-addresses/main/patoshi_pubkeys_COMPLETE.csv
E,18059,0,1AU735CXxn4o525DUbTEeu3qfJujiTRRAk,50.0,p2pk,https://raw.githubusercontent.com/bensig/patoshi-addresses/main/patoshi_pubkeys_COMPLETE.csv
E,18060,0,19ek6twcqbtvoWTdr2BZbozERN4mdfs12k,50.0,p2pk,https://raw.githubusercontent.com/bensig/patoshi-addresses/main/patoshi_pubkeys_COMPLETE.csv
E,18063,0,1SRESgKqjzSiDJiSW1zF43opQvcQhkGvB,50.0,p2pk,https://raw.githubusercontent.com/bensig/patoshi-addresses/main/patoshi_pubkeys_COMPLETE.csv
E,18064,0,1Nz4qQC2fowsW8NAtnYb927m1mNqt5FzWD,50.0,p2pk,https://raw.githubusercontent.com/bensig/patoshi-addresses/main/patoshi_pubkeys_COMPLETE.csv
E,18065,0,1MzoCQYiViVZ5DEDsNibN5hBfMK7zUoo6X,50.0,p2pk,https://raw.githubusercontent.com/bensig/patoshi-addresses/main/patoshi_pubkeys_COMPLETE.csv
E,18069,0,1L7QyjuYijWcGGF5zBrgCHW2UpyiVSaxHr,50.0,p2pk,https://raw.githubusercontent.com/bensig/patoshi-addresses/main/patoshi_pubkeys_COMPLETE.csv
E,18070,0,181AxNKWXHshnk7eKjnwmdMF6nBMhS5qMo,50.0,p2pk,https://raw.githubusercontent.com/bensig/patoshi-addresses/main/patoshi_pubkeys_COMPLETE.csv
E,18073,0,14QfysdF3PC7AaQ7LyPfXsnXjDh6sCBoB6,50.0,p2pk,https://raw.githubusercontent.com/bensig/patoshi-addresses/main/patoshi_pubkeys_COMPLETE.csv
E,18076,0,1LCiLKTHUEtcFqzuWCUiUuXHgrPRyiEjw1,50.0,p2pk,https://raw.githubusercontent.com/bensig/patoshi-addresses/main/patoshi_pubkeys_COMPLETE.csv
E,18079,0,1EVmnios5sfaSEzRtEANkPSxqJU8S1YAAx,50.0,p2pk,https://raw.githubusercontent.com/bensig/patoshi-addresses/main/patoshi_pubkeys_COMPLETE.csv
E,18081,0,1Hk9a2wteCzvLBjPrTbidNMA1yhFhXSxbP,50.0,p2pk,https://raw.githubusercontent.com/bensig/patoshi-addresses/main/patoshi_pubkeys_COMPLETE.csv
E,18083,0,1FZEJPvxe9Zg41ATjNai4tt8Ymqcx63w5b,50.0,p2pk,https://raw.githubusercontent.com/bensig/patoshi-addresses/main/patoshi_pubkeys_COMPLETE.csv
E,18084,0,1NXU748QFcRXCfNNUqVMzJf5wotcTxcrZm,50.0,p2pk,https://raw.githubusercontent.com/bensig/patoshi-addresses/main/patoshi_pubkeys_COMPLETE.csv
E,18086,0,17G1gVY2efmCQUvVbYoVigG4UBAf8ddy7s,50.0,p2pk,https://raw.githubusercontent.com/bensig/patoshi-addresses/main/patoshi_pubkeys_COMPLETE.csv
E,18087,0,1Asm1B3LPVD4XkZncEqrzx7DzpxMquvLTg,50.0,p2pk,https://raw.githubusercontent.com/bensig/patoshi-addresses/main/patoshi_pubkeys_COMPLETE.csv
E,18088,0,1DPmMDezCQsoz8Q25WqRGqBVaXw3JNPV42,50.0,p2pk,https://raw.githubusercontent.com/bensig/patoshi-addresses/main/patoshi_pubkeys_COMPLETE.csv
E,18089,0,1DgET5uLs2UF8eLnW5G1KeJ92RaiM6N9Uc,50.0,p2pk,https://raw.githubusercontent.com/bensig/patoshi-addresses/main/patoshi_pubkeys_COMPLETE.csv
E,18092,0,1BE4p6f3D5YHniKS6J5qgUwvkxXDMF5Ur2,50.0,p2pk,https://raw.githubusercontent.com/bensig/patoshi-addresses/main/patoshi_pubkeys_COMPLETE.csv
E,18093,0,1PU19GbwTXzDDj5Q7WPzXCM65wvmHx66qy,50.0,p2pk,https://raw.githubusercontent.com/bensig/patoshi-addresses/main/patoshi_pubkeys_COMPLETE.csv
E,18094,0,1PiKmpsg1JeYc8E2aVTvZS9dh9Kb8eznTP,50.0,p2pk,https://raw.githubusercontent.com/bensig/patoshi-addresses/main/patoshi_pubkeys_COMPLETE.csv
E,18095,0,15DVquAfNFm8yccBEi7o4Y91gVUnRfgbjB,50.0,p2pk,https://raw.githubusercontent.com/bensig/patoshi-addresses/main/patoshi_pubkeys_COMPLETE.csv
E,18097,0,1LFXLNgyfaEy1DkNT64zReBv2CKvFTuhVN,50.0,p2pk,https://raw.githubusercontent.com/bensig/patoshi-addresses/main/patoshi_pubkeys_COMPLETE.csv
E,18098,0,14H6mx2A5xUgQWziWHRR8dUBzPNutny9WK,50.0,p2pk,https://raw.githubusercontent.com/bensig/patoshi-addresses/main/patoshi_pubkeys_COMPLETE.csv
E,18101,0,1DNyPk954PA3j7viN6u4gQkNkyxUUWv5p1,50.0,p2pk,https://raw.githubusercontent.com/bensig/patoshi-addresses/main/patoshi_pubkeys_COMPLETE.csv
E,18103,0,1JZTQ3vYL2yKQmrPQofHAmUxXdVn6L93pC,50.0,p2pk,https://raw.githubusercontent.com/bensig/patoshi-addresses/main/patoshi_pubkeys_COMPLETE.csv
E,18105,0,1Gr2UMBkdxvfFt2R3WEFxzvXtVZJecm2nP,50.0,p2pk,https://raw.githubusercontent.com/bensig/patoshi-addresses/main/patoshi_pubkeys_COMPLETE.csv
E,18107,0,1KDddwD5jR37ezZPmA95kknSa6t9Dvxa6Y,50.0,p2pk,https://raw.githubusercontent.com/bensig/patoshi-addresses/main/patoshi_pubkeys_COMPLETE.csv
E,18108,0,16y1m72oxvCAGQyN2ie8R3JA2Y2JAEvwoX,50.0,p2pk,https://raw.githubusercontent.com/bensig/patoshi-addresses/main/patoshi_pubkeys_COMPLETE.csv
E,18109,0,1MJk7juEzPHSg31CS2bi3j5KhErXLQP83L,50.0,p2pk,https://raw.githubusercontent.com/bensig/patoshi-addresses/main/patoshi_pubkeys_COMPLETE.csv
E,18110,0,14gKXeG5fBZsPCaryCyp8xFEUfy49N6fWR,50.0,p2pk,https://raw.githubusercontent.com/bensig/patoshi-addresses/main/patoshi_pubkeys_COMPLETE.csv
E,18111,0,1W7PDetXCcAbXnN6YQyWmAdz65WZecJs5,50.0,p2pk,https://raw.githubusercontent.com/bensig/patoshi-addresses/main/patoshi_pubkeys_COMPLETE.csv
E,18112,0,1SCFLaWw9uE2wECavcEZvDKF7T1LPqMF2,50.0,p2pk,https://raw.githubusercontent.com/bensig/patoshi-addresses/main/patoshi_pubkeys_COMPLETE.csv
E,18113,0,1F5rxAmWNDDtW9piaUepbFPZTmDE4q72nw,50.0,p2pk,https://raw.githubusercontent.com/bensig/patoshi-addresses/main/patoshi_pubkeys_COMPLETE.csv
E,18114,0,1CMahmKH53qkk2WNp1C1iAGa56P2AhysWs,50.0,p2pk,https://raw.githubusercontent.com/bensig/patoshi-addresses/main/patoshi_pubkeys_COMPLETE.csv
E,18115,0,1FRXpGTmHmK5aP2q4fV7okuJWuho21EKMV,50.0,p2pk,https://raw.githubusercontent.com/bensig/patoshi-addresses/main/patoshi_pubkeys_COMPLETE.csv
E,18117,0,1AhGdsVmZbk9pZXLBGU42sSovqeUS3yjJB,50.0,p2pk,https://raw.githubusercontent.com/bensig/patoshi-addresses/main/patoshi_pubkeys_COMPLETE.csv
E,18118,0,13ReuGJHt16YMFnVWeh7oMmLrtsJZ13HAR,50.0,p2pk,https://raw.githubusercontent.com/bensig/patoshi-addresses/main/patoshi_pubkeys_COMPLETE.csv
E,18120,0,179X7hzmLUKSrxJXCW4rKonXRaPy4e6oiA,50.0,p2pk,https://raw.githubusercontent.com/bensig/patoshi-addresses/main/patoshi_pubkeys_COMPLETE.csv
E,18124,0,1DNzcVDVNTy7Rmy9RxSqmuxSP98X78ckBk,50.0,p2pk,https://raw.githubusercontent.com/bensig/patoshi-addresses/main/patoshi_pubkeys_COMPLETE.csv
E,18127,0,14UQgBD4Jdecfe7GSqmQ9utRPxwCjpiAen,50.0,p2pk,https://raw.githubusercontent.com/bensig/patoshi-addresses/main/patoshi_pubkeys_COMPLETE.csv
E,18128,0,1AfcMxPWyziUpfzcKCba7zEALfwWmfayt2,50.0,p2pk,https://raw.githubusercontent.com/bensig/patoshi-addresses/main/patoshi_pubkeys_COMPLETE.csv
E,18129,0,1332MNA8MiECgxhCh3PBvVbz9dTGnj5fat,50.0,p2pk,https://raw.githubusercontent.com/bensig/patoshi-addresses/main/patoshi_pubkeys_COMPLETE.csv
E,18131,0,1H6e1BwxTWL2w8iwbpuHKjGWKR65LkvT48,50.0,p2pk,https://raw.githubusercontent.com/bensig/patoshi-addresses/main/patoshi_pubkeys_COMPLETE.csv
E,18132,0,1HsaeqWo1wkjERsVXczaLBeoGqCRogdTK4,50.0,p2pk,https://raw.githubusercontent.com/bensig/patoshi-addresses/main/patoshi_pubkeys_COMPLETE.csv
E,18134,0,1F2XKbbWajVSMurBetxpyGPUV3m1moPa72,50.0,p2pk,https://raw.githubusercontent.com/bensig/patoshi-addresses/main/patoshi_pubkeys_COMPLETE.csv
E,18135,0,1812XcVMastzAdMpAnP7HhMop4F3R3z9Sc,50.0,p2pk,https://raw.githubusercontent.com/bensig/patoshi-addresses/main/patoshi_pubkeys_COMPLETE.csv
E,18137,0,18YUpJqvY3qeRubWoH4PbuowpYoD4s7jK3,50.0,p2pk,https://raw.githubusercontent.com/bensig/patoshi-addresses/main/patoshi_pubkeys_COMPLETE.csv
E,18138,0,1246y2496HEn5GRQcG8Px6ryEjctWB8het,50.0,p2pk,https://raw.githubusercontent.com/bensig/patoshi-addresses/main/patoshi_pubkeys_COMPLETE.csv
E,18139,0,13m5WwLEfTBzE72vLQBBBFFJLXxRpLkjj1,50.0,p2pk,https://raw.githubusercontent.com/bensig/patoshi-addresses/main/patoshi_pubkeys_COMPLETE.csv
E,18142,0,14da5QuTPSfP3SGwxxVzCi99htYocLYzuf,50.0,p2pk,https://raw.githubusercontent.com/bensig/patoshi-addresses/main/patoshi_pubkeys_COMPLETE.csv
E,18145,0,1CK24RxdmmRfkiFVna8T5heXUTDcg8BjyD,50.0,p2pk,https://raw.githubusercontent.com/bensig/patoshi-addresses/main/patoshi_pubkeys_COMPLETE.csv
E,18146,0,14nHUsfAoH9cu1mX5PCDx4xyAsadDYjYrE,50.0,p2pk,https://raw.githubusercontent.com/bensig/patoshi-addresses/main/patoshi_pubkeys_COMPLETE.csv
E,18147,0,1Pfev8gaD9McLSZPExLGroiDEA2gUF1fdk,50.0,p2pk,https://raw.githubusercontent.com/bensig/patoshi-addresses/main/patoshi_pubkeys_COMPLETE.csv
E,18149,0,145goizQtPDFEfJYTktouAzvMdeYeoo8u1,50.0,p2pk,https://raw.githubusercontent.com/bensig/patoshi-addresses/main/patoshi_pubkeys_COMPLETE.csv
E,18151,0,18yTJwHA8vCKr5v9C1ZsfR9Pp4ZjxJ3nfd,50.0,p2pk,https://raw.githubusercontent.com/bensig/patoshi-addresses/main/patoshi_pubkeys_COMPLETE.csv
E,18155,0,16Cv7CHCmeth2ofAGJgQNaawuVPAZgE9oH,50.0,p2pk,https://raw.githubusercontent.com/bensig/patoshi-addresses/main/patoshi_pubkeys_COMPLETE.csv
E,18157,0,1oWY66owv38o9mrL3MKGiAERtRJQRWttj,50.0,p2pk,https://raw.githubusercontent.com/bensig/patoshi-addresses/main/patoshi_pubkeys_COMPLETE.csv
E,18158,0,17Wv6irao153MQ7NveHX1aHi2zZeTF89jH,50.0,p2pk,https://raw.githubusercontent.com/bensig/patoshi-addresses/main/patoshi_pubkeys_COMPLETE.csv
E,18160,0,14gm5crELH8XyMsAniiATJNvfNihyr2Efg,50.0,p2pk,https://raw.githubusercontent.com/bensig/patoshi-addresses/main/patoshi_pubkeys_COMPLETE.csv
E,18161,0,1huxDiHw7dsYymXtJHNZiEZYqMJxHVL5R,50.0,p2pk,https://raw.githubusercontent.com/bensig/patoshi-addresses/main/patoshi_pubkeys_COMPLETE.csv
E,18162,0,17GKbcf1Gscc4QPbAJSq4YueJ1qwMeSnaE,50.0,p2pk,https://raw.githubusercontent.com/bensig/patoshi-addresses/main/patoshi_pubkeys_COMPLETE.csv
E,18163,0,12VmBtue1NynATx7Gss3Qc35FrEyGRHJnP,50.0,p2pk,https://raw.githubusercontent.com/bensig/patoshi-addresses/main/patoshi_pubkeys_COMPLETE.csv
E,18164,0,1MCaiABJ9yyANF2mH5nsvPZwTXWch8zTKB,50.0,p2pk,https://raw.githubusercontent.com/bensig/patoshi-addresses/main/patoshi_pubkeys_COMPLETE.csv
E,18166,0,1M9qxZNWHVkG1DMHkqY2zfUviRAQ9ag1xS,50.0,p2pk,https://raw.githubusercontent.com/bensig/patoshi-addresses/main/patoshi_pubkeys_COMPLETE.csv
E,18167,0,15ZRGugsseehjD7wX1RhAy35o1zcdyHpzY,50.0,p2pk,https://raw.githubusercontent.com/bensig/patoshi-addresses/main/patoshi_pubkeys_COMPLETE.csv
E,18168,0,1GyW4bJd1bLmv9TSju6tSVqWiVQvk3TyGc,50.0,p2pk,https://raw.githubusercontent.com/bensig/patoshi-addresses/main/patoshi_pubkeys_COMPLETE.csv
E,18170,0,16xKWvUxt5Bnkb7Mo3UVhM39BbVaCVCvHc,50.0,p2pk,https://raw.githubusercontent.com/bensig/patoshi-addresses/main/patoshi_pubkeys_COMPLETE.csv
E,18171,0,1Ba1ec1dT4WyZdSViQ3aAEcSrNm8VvA13H,50.0,p2pk,https://raw.githubusercontent.com/bensig/patoshi-addresses/main/patoshi_pubkeys_COMPLETE.csv
E,18173,0,1NHZK4XaWYTqkdKPDjWEoTKiA1qUhEQpYD,50.0,p2pk,https://raw.githubusercontent.com/bensig/patoshi-addresses/main/patoshi_pubkeys_COMPLETE.csv
E,18174,0,1EcNqLZ6v26KAvuVRVd1eicvTdUHCwFqCP,50.0,p2pk,https://raw.githubusercontent.com/bensig/patoshi-addresses/main/patoshi_pubkeys_COMPLETE.csv
E,18175,0,1HK4MTKPxr1AVFCwU6UQq2GrVq87LUine9,50.0,p2pk,https://raw.githubusercontent.com/bensig/patoshi-addresses/main/patoshi_pubkeys_COMPLETE.csv
E,18177,0,1CVvbjAYz6QPqKRBpnDaFpKZoPNeHadVbT,50.0,p2pk,https://raw.githubusercontent.com/bensig/patoshi-addresses/main/patoshi_pubkeys_COMPLETE.csv
E,18178,0,1H7jCT47ZCpJh4jxe9bgRJfVrD8av9r34R,50.0,p2pk,https://raw.githubusercontent.com/bensig/patoshi-addresses/main/patoshi_pubkeys_COMPLETE.csv
E,18179,0,1FpeYpiqoyyGnwqRDBQnmafuDHV4ncoJZi,50.0,p2pk,https://raw.githubusercontent.com/bensig/patoshi-addresses/main/patoshi_pubkeys_COMPLETE.csv
E,18180,0,14rujy6Dxd1JcGAFbxckopbRpq7rDh37on,50.0,p2pk,https://raw.githubusercontent.com/bensig/patoshi-addresses/main/patoshi_pubkeys_COMPLETE.csv
E,18181,0,197Qb1UWuURq72XttPhTFVkM5Axmt3SZbL,50.0,p2pk,https://raw.githubusercontent.com/bensig/patoshi-addresses/main/patoshi_pubkeys_COMPLETE.csv
E,18184,0,19EgnzCGuvmetc2AQ4srh7SVeAAQiGiKFP,50.0,p2pk,https://raw.githubusercontent.com/bensig/patoshi-addresses/main/patoshi_pubkeys_COMPLETE.csv
E,18185,0,1FaUUSLdMzTugaEVYJrmFHphWBBa7jiiWd,50.0,p2pk,https://raw.githubusercontent.com/bensig/patoshi-addresses/main/patoshi_pubkeys_COMPLETE.csv
E,18188,0,1LkAUzqxdUGSaT93F6MNFoSPcYWzTSn5qd,50.0,p2pk,https://raw.githubusercontent.com/bensig/patoshi-addresses/main/patoshi_pubkeys_COMPLETE.csv
E,18189,0,19vhhDS78KczMHA6Y6JdLBxLMLuspQFk34,50.0,p2pk,https://raw.githubusercontent.com/bensig/patoshi-addresses/main/patoshi_pubkeys_COMPLETE.csv
E,18192,0,1KFQd4ofcf4Hsws5Cs6AaSuLMT562A1inH,50.0,p2pk,https://raw.githubusercontent.com/bensig/patoshi-addresses/main/patoshi_pubkeys_COMPLETE.csv
E,18194,0,1AGSoRwkjbAHrNK7DaV3YHrM1pDx5GSc5P,50.0,p2pk,https://raw.githubusercontent.com/bensig/patoshi-addresses/main/patoshi_pubkeys_COMPLETE.csv
E,18195,0,12BaPbWE9bY2hjMXoget5kcDP7fPBtdfxm,50.0,p2pk,https://raw.githubusercontent.com/bensig/patoshi-addresses/main/patoshi_pubkeys_COMPLETE.csv
E,18196,0,1D4f5YtNWfpbsKnDWWPNxRNMhpXwJcK4qK,50.0,p2pk,https://raw.githubusercontent.com/bensig/patoshi-addresses/main/patoshi_pubkeys_COMPLETE.csv
E,18198,0,1Fm6Fe7Hp3L2DUnWvgT9FySmEuk5H1iqt,50.0,p2pk,https://raw.githubusercontent.com/bensig/patoshi-addresses/main/patoshi_pubkeys_COMPLETE.csv
E,18199,0,1HHcqzNkY1dK3WJD1PehHrrDtHVmREKDuA,50.0,p2pk,https://raw.githubusercontent.com/bensig/patoshi-addresses/main/patoshi_pubkeys_COMPLETE.csv
E,18200,0,18GzG5khyjusHDFwbEiZ67N6NdcXunJpuV,50.0,p2pk,https://raw.githubusercontent.com/bensig/patoshi-addresses/main/patoshi_pubkeys_COMPLETE.csv
E,18202,0,1H1J1k1xhdUct3zYE6cDcVMopM6bbdoi4j,50.0,p2pk,https://raw.githubusercontent.com/bensig/patoshi-addresses/main/patoshi_pubkeys_COMPLETE.csv
E,18204,0,1K2rT7XaTpVgYktmnSDKn8SctT2pwnSnYB,50.0,p2pk,https://raw.githubusercontent.com/bensig/patoshi-addresses/main/patoshi_pubkeys_COMPLETE.csv
E,18205,0,1PgYkWCKc6DkcPJvXkZtfz2hV3KtVgFjcL,50.0,p2pk,https://raw.githubusercontent.com/bensig/patoshi-addresses/main/patoshi_pubkeys_COMPLETE.csv
E,18206,0,1GP2pHXVamXHG8cP2yJbpv1rLsahER9LTJ,50.0,p2pk,https://raw.githubusercontent.com/bensig/patoshi-addresses/main/patoshi_pubkeys_COMPLETE.csv
E,18208,0,1KxZQCFFHayuHS6oXnztVBKosSRcrXaFun,50.0,p2pk,https://raw.githubusercontent.com/bensig/patoshi-addresses/main/patoshi_pubkeys_COMPLETE.csv
E,18210,0,12QpgitP3kAQyNXAJG1KGV5LLinz2rwovs,50.0,p2pk,https://raw.githubusercontent.com/bensig/patoshi-addresses/main/patoshi_pubkeys_COMPLETE.csv
E,18212,0,16NdLPRxSr8NkuEZbrerVa9whabDvu8rV6,50.0,p2pk,https://raw.githubusercontent.com/bensig/patoshi-addresses/main/patoshi_pubkeys_COMPLETE.csv
E,18214,0,1Q4Z7U5vqs8j5YchFvUdhH3zgQG5ESvM45,50.0,p2pk,https://raw.githubusercontent.com/bensig/patoshi-addresses/main/patoshi_pubkeys_COMPLETE.csv
E,18216,0,1MJNrTwuiSi8sYqLPgkawWgS3stsui2vUx,50.0,p2pk,https://raw.githubusercontent.com/bensig/patoshi-addresses/main/patoshi_pubkeys_COMPLETE.csv
E,18217,0,1KoNXyBCpVrYmxeXVVsNFFBbCTn9WG1rP9,50.0,p2pk,https://raw.githubusercontent.com/bensig/patoshi-addresses/main/patoshi_pubkeys_COMPLETE.csv
E,18221,0,17hvQ3KSyVj3tYDoXn1uEf4p58zUJpbfuZ,50.0,p2pk,https://raw.githubusercontent.com/bensig/patoshi-addresses/main/patoshi_pubkeys_COMPLETE.csv
E,18222,0,1QEsduMksc5QBeN6LPZrwWFbCMw4QsJKGY,50.0,p2pk,https://raw.githubusercontent.com/bensig/patoshi-addresses/main/patoshi_pubkeys_COMPLETE.csv
E,18223,0,16T8GEjA68UxQnXyH97KHTVaDLpVEwWfnE,50.0,p2pk,https://raw.githubusercontent.com/bensig/patoshi-addresses/main/patoshi_pubkeys_COMPLETE.csv
E,18224,0,1PsZ5zaqeokfKfc6JLmwsGapxb3SWe79EC,50.0,p2pk,https://raw.githubusercontent.com/bensig/patoshi-addresses/main/patoshi_pubkeys_COMPLETE.csv
E,18225,0,1Q6Vvr8rjjLySwNNHu6bkuHieszs2zPffh,50.0,p2pk,https://raw.githubusercontent.com/bensig/patoshi-addresses/main/patoshi_pubkeys_COMPLETE.csv
E,18227,0,1NWpuABhdAJPwxZfowAru3VMRRWGFDs3hm,50.0,p2pk,https://raw.githubusercontent.com/bensig/patoshi-addresses/main/patoshi_pubkeys_COMPLETE.csv
E,18232,0,13yc6HvE7w5u77pbiYndrmBw5pmncnrEPF,50.0,p2pk,https://raw.githubusercontent.com/bensig/patoshi-addresses/main/patoshi_pubkeys_COMPLETE.csv
E,18233,0,1QEpPWNLgx5595QX3cdA5TTD2MofzJb7J9,50.0,p2pk,https://raw.githubusercontent.com/bensig/patoshi-addresses/main/patoshi_pubkeys_COMPLETE.csv
E,18234,0,1MWY7gzqUqDang2CbUc35yn2ykLN2MqB61,50.0,p2pk,https://raw.githubusercontent.com/bensig/patoshi-addresses/main/patoshi_pubkeys_COMPLETE.csv
E,18235,0,16FUMTuxHnjcAaBdY3FerQ1bRaZnRHjtSN,50.0,p2pk,https://raw.githubusercontent.com/bensig/patoshi-addresses/main/patoshi_pubkeys_COMPLETE.csv
E,18236,0,1LLfmnTmmc7r8KQSWpvWz1JivqeLUpJaFU,50.0,p2pk,https://raw.githubusercontent.com/bensig/patoshi-addresses/main/patoshi_pubkeys_COMPLETE.csv
E,18237,0,1P566UmWRDHRiojcMxTAGQaE31c4HBMnPM,50.0,p2pk,https://raw.githubusercontent.com/bensig/patoshi-addresses/main/patoshi_pubkeys_COMPLETE.csv
E,18238,0,1FhEK6h7x7ck1xvRQzSSp8BPDkwD3qWTE1,50.0,p2pk,https://raw.githubusercontent.com/bensig/patoshi-addresses/main/patoshi_pubkeys_COMPLETE.csv
E,18239,0,1BvZbUmpmQnbSmvbd5pKeFi1GEQndZXBfC,50.0,p2pk,https://raw.githubusercontent.com/bensig/patoshi-addresses/main/patoshi_pubkeys_COMPLETE.csv
E,18240,0,1G8EgrJVnX16i7Xh1Qn5pN9S6WzKto8Npk,50.0,p2pk,https://raw.githubusercontent.com/bensig/patoshi-addresses/main/patoshi_pubkeys_COMPLETE.csv
E,18241,0,1PAaeDrYeijJyd4FTMimXie7uj1LJifkBn,50.0,p2pk,https://raw.githubusercontent.com/bensig/patoshi-addresses/main/patoshi_pubkeys_COMPLETE.csv
E,18243,0,1odgmNibF3o5oagLg9h9zxZEy6yWTsheu,50.0,p2pk,https://raw.githubusercontent.com/bensig/patoshi-addresses/main/patoshi_pubkeys_COMPLETE.csv
E,18245,0,1JWHhyQryhzewzFvPsdpZtT5DDsMtk3D7x,50.0,p2pk,https://raw.githubusercontent.com/bensig/patoshi-addresses/main/patoshi_pubkeys_COMPLETE.csv
E,18246,0,1ws7JcYeRvJcX3tmPs4c3Jeo6hpe87VGj,50.0,p2pk,https://raw.githubusercontent.com/bensig/patoshi-addresses/main/patoshi_pubkeys_COMPLETE.csv
E,18247,0,1YfokFrZM5GgxEz84frvf8g4GWnei5HJ5,50.0,p2pk,https://raw.githubusercontent.com/bensig/patoshi-addresses/main/patoshi_pubkeys_COMPLETE.csv
E,18248,0,1KB8Qt7hfM2fJpXaRYbY1hgySk5LF9KkQe,50.0,p2pk,https://raw.githubusercontent.com/bensig/patoshi-addresses/main/patoshi_pubkeys_COMPLETE.csv
E,18250,0,1LYeMePK2pNFLiLjVQd3vcNTZVeYJgAnyq,50.0,p2pk,https://raw.githubusercontent.com/bensig/patoshi-addresses/main/patoshi_pubkeys_COMPLETE.csv
E,18251,0,12Y9BoJmGrzTt8K4sD8JTFFXnCh9fHyTFz,50.0,p2pk,https://raw.githubusercontent.com/bensig/patoshi-addresses/main/patoshi_pubkeys_COMPLETE.csv
E,18265,0,13d4DRvYU2ym7kti9MjXV5WH1hAfd41KDX,50.0,p2pk,https://raw.githubusercontent.com/bensig/patoshi-addresses/main/patoshi_pubkeys_COMPLETE.csv
E,18266,0,186HsCzGaN3KJ8cEBbP9gRPEtwGGdPwJzV,50.0,p2pk,https://raw.githubusercontent.com/bensig/patoshi-addresses/main/patoshi_pubkeys_COMPLETE.csv
E,18267,0,15CdeNEa8wrep56n4fJ8sY513k6PmnvFd3,50.0,p2pk,https://raw.githubusercontent.com/bensig/patoshi-addresses/main/patoshi_pubkeys_COMPLETE.csv
E,18268,0,1EvhL3VJoUDBGRnk3Jvd88kopy1k9qrvgk,50.0,p2pk,https://raw.githubusercontent.com/bensig/patoshi-addresses/main/patoshi_pubkeys_COMPLETE.csv
E,18269,0,14gnc5ydmDTT8seBNmg2GSSKsaysv4MQyv,50.0,p2pk,https://raw.githubusercontent.com/bensig/patoshi-addresses/main/patoshi_pubkeys_COMPLETE.csv
E,18270,0,1KvurUGC9fa91sNkX6FaWgkCVzZvmodKau,50.0,p2pk,https://raw.githubusercontent.com/bensig/patoshi-addresses/main/patoshi_pubkeys_COMPLETE.csv
E,18271,0,1DGsCqZz1WAdk2KnJWz6LhQDnDVyNxRU7H,50.0,p2pk,https://raw.githubusercontent.com/bensig/patoshi-addresses/main/patoshi_pubkeys_COMPLETE.csv
E,18272,0,12ESubKermESon84UcCCyFtR775PxBxNFh,50.0,p2pk,https://raw.githubusercontent.com/bensig/patoshi-addresses/main/patoshi_pubkeys_COMPLETE.csv
E,18274,0,19J4Xz6ZiULewwVL7g27czCWeq4oar4ESz,50.0,p2pk,https://raw.githubusercontent.com/bensig/patoshi-addresses/main/patoshi_pubkeys_COMPLETE.csv
E,18275,0,1CpMFjBnubetXrFMxPYuvVnHMyMttaJWjv,50.0,p2pk,https://raw.githubusercontent.com/bensig/patoshi-addresses/main/patoshi_pubkeys_COMPLETE.csv
E,18277,0,1GkX2DLzQvT3WDJ2H6e8qmMmS7svSZp3Cm,50.0,p2pk,https://raw.githubusercontent.com/bensig/patoshi-addresses/main/patoshi_pubkeys_COMPLETE.csv
E,18278,0,19xpivUPYD7H96WTVhvFMXpWWiSYTXmdG6,50.0,p2pk,https://raw.githubusercontent.com/bensig/patoshi-addresses/main/patoshi_pubkeys_COMPLETE.csv
E,18280,0,1JqE3vyujBbJu4E4nx76tDM6afLeFBm5Fm,50.0,p2pk,https://raw.githubusercontent.com/bensig/patoshi-addresses/main/patoshi_pubkeys_COMPLETE.csv
E,18281,0,1B8wkNoGdaHnKRw5CPa9PbxJU91jyoFQBG,50.0,p2pk,https://raw.githubusercontent.com/bensig/patoshi-addresses/main/patoshi_pubkeys_COMPLETE.csv
E,18282,0,14spi4DHkqA2xhomzv36GJykPwdMVEJ3BL,50.0,p2pk,https://raw.githubusercontent.com/bensig/patoshi-addresses/main/patoshi_pubkeys_COMPLETE.csv
E,18283,0,15HfkQzGJKz3vc9Jvbr9WM4gU7qnUzGkKz,50.0,p2pk,https://raw.githubusercontent.com/bensig/patoshi-addresses/main/patoshi_pubkeys_COMPLETE.csv
E,18286,0,1LdXhPBVoLsRkQaS2k1P9bNL32pGZk1x9S,50.0,p2pk,https://raw.githubusercontent.com/bensig/patoshi-addresses/main/patoshi_pubkeys_COMPLETE.csv
E,18288,0,1CTZkg48WuJAetAUusE41sybWVsHuNbZBJ,50.0,p2pk,https://raw.githubusercontent.com/bensig/patoshi-addresses/main/patoshi_pubkeys_COMPLETE.csv
E,18289,0,1JmWsGupNyF15FzSC5hkA3nyD3JxdeFmYD,50.0,p2pk,https://raw.githubusercontent.com/bensig/patoshi-addresses/main/patoshi_pubkeys_COMPLETE.csv
E,18291,0,1K7VoyAgXM9vhrvguCVSLLN42m1515zXfz,50.0,p2pk,https://raw.githubusercontent.com/bensig/patoshi-addresses/main/patoshi_pubkeys_COMPLETE.csv
E,18293,0,1HKEzL6oe2GjdHtsy9ykhJPihCrJfTkFUg,50.0,p2pk,https://raw.githubusercontent.com/bensig/patoshi-addresses/main/patoshi_pubkeys_COMPLETE.csv
E,18294,0,1PYRfFA7dJq1fexg551SyYmbU2Q4rgRPcH,50.0,p2pk,https://raw.githubusercontent.com/bensig/patoshi-addresses/main/patoshi_pubkeys_COMPLETE.csv
E,18295,0,178iB2sQNcjH2GrYNqT6eUjVjutGaWXwid,50.0,p2pk,https://raw.githubusercontent.com/bensig/patoshi-addresses/main/patoshi_pubkeys_COMPLETE.csv
E,18296,0,18kceTkx6Eeg839bnXtdv1NSScakS4fRYX,50.0,p2pk,https://raw.githubusercontent.com/bensig/patoshi-addresses/main/patoshi_pubkeys_COMPLETE.csv
E,18298,0,1FD1E9QzemiZggJTyeSdfYvEftfSfFz4qC,50.0,p2pk,https://raw.githubusercontent.com/bensig/patoshi-addresses/main/patoshi_pubkeys_COMPLETE.csv
E,18299,0,1KzYf9JFSjBZ6qLWtkNGSJUAkhHFZMpazS,50.0,p2pk,https://raw.githubusercontent.com/bensig/patoshi-addresses/main/patoshi_pubkeys_COMPLETE.csv
E,18301,0,1G1erWP7hBq2MrU7a8hnEMFhNeRcSG3tCo,50.0,p2pk,https://raw.githubusercontent.com/bensig/patoshi-addresses/main/patoshi_pubkeys_COMPLETE.csv
E,18302,0,191kUXpWNBLG2wFjjeCCKNWicdyAtNLRE5,50.0,p2pk,https://raw.githubusercontent.com/bensig/patoshi-addresses/main/patoshi_pubkeys_COMPLETE.csv
E,18303,0,1Jg2vw6xfvozhXHi8cFm85XtaXGuctTN8v,50.0,p2pk,https://raw.githubusercontent.com/bensig/patoshi-addresses/main/patoshi_pubkeys_COMPLETE.csv
E,18305,0,1KPDNLkJFwhS9J2AFg9LBL25d82ssks1yp,50.0,p2pk,https://raw.githubusercontent.com/bensig/patoshi-addresses/main/patoshi_pubkeys_COMPLETE.csv
E,18306,0,1PGAH64retLvzEM3CSwdUYNk3gdTCj1Zom,50.0,p2pk,https://raw.githubusercontent.com/bensig/patoshi-addresses/main/patoshi_pubkeys_COMPLETE.csv
E,18308,0,1EgwxU6Js4e6Y3mkdJb3nKcZzL9APZJdsb,50.0,p2pk,https://raw.githubusercontent.com/bensig/patoshi-addresses/main/patoshi_pubkeys_COMPLETE.csv
E,18309,0,1CaZTUQktmrFGb51Seq1g5JN3Qz8jY8kx3,50.0,p2pk,https://raw.githubusercontent.com/bensig/patoshi-addresses/main/patoshi_pubkeys_COMPLETE.csv
E,18312,0,1FkvEdKCRtZ73W5nq6JcraW9rHQ9GKZJkS,50.0,p2pk,https://raw.githubusercontent.com/bensig/patoshi-addresses/main/patoshi_pubkeys_COMPLETE.csv
E,18313,0,1NGZu8ZZ3oCREimSMdV4n9a65h5rGFuNpq,50.0,p2pk,https://raw.githubusercontent.com/bensig/patoshi-addresses/main/patoshi_pubkeys_COMPLETE.csv
E,18314,0,1MjuuLc8MMzYn8vpWMZCXX2H91bgDvg3fY,50.0,p2pk,https://raw.githubusercontent.com/bensig/patoshi-addresses/main/patoshi_pubkeys_COMPLETE.csv
E,18315,0,1KfnDNAy864aav9SKx7YewSxQmmHV7iSCu,50.0,p2pk,https://raw.githubusercontent.com/bensig/patoshi-addresses/main/patoshi_pubkeys_COMPLETE.csv
E,18317,0,1HY4acjdwnhiFx1EtzzytXgSrD9rCLFFPa,50.0,p2pk,https://raw.githubusercontent.com/bensig/patoshi-addresses/main/patoshi_pubkeys_COMPLETE.csv
E,18318,0,15byiBpBv9RGsAaXPbiawXSLat6c7ZNs4a,50.0,p2pk,https://raw.githubusercontent.com/bensig/patoshi-addresses/main/patoshi_pubkeys_COMPLETE.csv
E,18319,0,1P6n8pKU4Hscz5Fc6UbXmaZP2DTvqBKbbN,50.0,p2pk,https://raw.githubusercontent.com/bensig/patoshi-addresses/main/patoshi_pubkeys_COMPLETE.csv
E,18320,0,1BmUx5Ce2p5fBMBs6CDjamw2EmL48MvUwh,50.0,p2pk,https://raw.githubusercontent.com/bensig/patoshi-addresses/main/patoshi_pubkeys_COMPLETE.csv
E,18322,0,1GsvppSfcF7fKbDpXoJUjwX6Atvaxkt46L,50.0,p2pk,https://raw.githubusercontent.com/bensig/patoshi-addresses/main/patoshi_pubkeys_COMPLETE.csv
E,18323,0,1Rhm5K5FT8XpHqD7ywySgrSxyx8KHni2r,50.0,p2pk,https://raw.githubusercontent.com/bensig/patoshi-addresses/main/patoshi_pubkeys_COMPLETE.csv
E,18325,0,1Q8SSKT3i2uUbYd9EWnKC7jUJ4aMLjRy9f,50.0,p2pk,https://raw.githubusercontent.com/bensig/patoshi-addresses/main/patoshi_pubkeys_COMPLETE.csv
E,18327,0,1MqLxYxpwUox2364xrzyfhUeTEkT2wv5YS,50.0,p2pk,https://raw.githubusercontent.com/bensig/patoshi-addresses/main/patoshi_pubkeys_COMPLETE.csv
E,18329,0,15tPVTVBpe7K3GyiAuFPxULriWJfqzkUBh,50.0,p2pk,https://raw.githubusercontent.com/bensig/patoshi-addresses/main/patoshi_pubkeys_COMPLETE.csv
E,18330,0,1MRBGfcEgv5FHVFDwfHeYh1DcYpwoZwkyq,50.0,p2pk,https://raw.githubusercontent.com/bensig/patoshi-addresses/main/patoshi_pubkeys_COMPLETE.csv
E,18331,0,19DHb7MrKi4kDD9ytsktBHDE11x1ETzTe2,50.0,p2pk,https://raw.githubusercontent.com/bensig/patoshi-addresses/main/patoshi_pubkeys_COMPLETE.csv
E,18332,0,19jmRiADW8tT679eRCuLq7WMMHWNHATLcP,50.0,p2pk,https://raw.githubusercontent.com/bensig/patoshi-addresses/main/patoshi_pubkeys_COMPLETE.csv
E,18333,0,1Eojqj8WXrGcYCF2KU5gvHrcpaspUj44qS,50.0,p2pk,https://raw.githubusercontent.com/bensig/patoshi-addresses/main/patoshi_pubkeys_COMPLETE.csv
E,18335,0,1LYZjJFmDQvuzuEcu5cytjC5PUNirvj6Rp,50.0,p2pk,https://raw.githubusercontent.com/bensig/patoshi-addresses/main/patoshi_pubkeys_COMPLETE.csv
E,18337,0,1DK62zvic7Zha4KXSycK3shAVipmx5nZRW,50.0,p2pk,https://raw.githubusercontent.com/bensig/patoshi-addresses/main/patoshi_pubkeys_COMPLETE.csv
E,18340,0,15A9jeiutRgfgXeZxi2CFTb6Nme5VJo6Jz,50.0,p2pk,https://raw.githubusercontent.com/bensig/patoshi-addresses/main/patoshi_pubkeys_COMPLETE.csv
E,18341,0,1HL3W3c62VxSQDADVNYYfDfTRZTXzTMVKk,50.0,p2pk,https://raw.githubusercontent.com/bensig/patoshi-addresses/main/patoshi_pubkeys_COMPLETE.csv
E,18343,0,1nHKSEedUWAMroXks4nJQDabt41jhZh1h,50.0,p2pk,https://raw.githubusercontent.com/bensig/patoshi-addresses/main/patoshi_pubkeys_COMPLETE.csv
E,18345,0,17e47NnsLbbR6LTPp3Lcds4CGvbu5CcYsw,50.0,p2pk,https://raw.githubusercontent.com/bensig/patoshi-addresses/main/patoshi_pubkeys_COMPLETE.csv
E,18348,0,1GoCGKohuSfLxksQk3CRWvRq6zPLC5C3zF,50.0,p2pk,https://raw.githubusercontent.com/bensig/patoshi-addresses/main/patoshi_pubkeys_COMPLETE.csv
E,18349,0,1E89LqBATZqsuVWabB7NZPYUnEH1FkfbPG,50.0,p2pk,https://raw.githubusercontent.com/bensig/patoshi-addresses/main/patoshi_pubkeys_COMPLETE.csv
E,18350,0,14DMLZYRM1vnmYjsfAuxJH4oFvmWW3NBAR,50.0,p2pk,https://raw.githubusercontent.com/bensig/patoshi-addresses/main/patoshi_pubkeys_COMPLETE.csv
E,18351,0,14VyYPos1xRirXX8zHtjNFuUnwd6URvVtd,50.0,p2pk,https://raw.githubusercontent.com/bensig/patoshi-addresses/main/patoshi_pubkeys_COMPLETE.csv
E,18352,0,13RPrzMvntNuP5zvnNjQE3zucfiDqdcLN8,50.0,p2pk,https://raw.githubusercontent.com/bensig/patoshi-addresses/main/patoshi_pubkeys_COMPLETE.csv
E,18354,0,19YCDN6YC7SUwH47XLKLe1BPxtGrPRyDY7,50.0,p2pk,https://raw.githubusercontent.com/bensig/patoshi-addresses/main/patoshi_pubkeys_COMPLETE.csv
E,18355,0,1LVXTZwnJ4LCDZNvFkNwjWn9pKvKCPk1qh,50.0,p2pk,https://raw.githubusercontent.com/bensig/patoshi-addresses/main/patoshi_pubkeys_COMPLETE.csv
E,18356,0,1CziBHqvf85NG4WwUBFkSMdzUSVQSFur3y,50.0,p2pk,https://raw.githubusercontent.com/bensig/patoshi-addresses/main/patoshi_pubkeys_COMPLETE.csv
E,18357,0,17bcWsTxQm8MhMQY3iXkih8MhRWqbQSwKm,50.0,p2pk,https://raw.githubusercontent.com/bensig/patoshi-addresses/main/patoshi_pubkeys_COMPLETE.csv
E,18359,0,19utyivfMBMCreTe1eYCL3EmCY3VE6kntV,50.0,p2pk,https://raw.githubusercontent.com/bensig/patoshi-addresses/main/patoshi_pubkeys_COMPLETE.csv
E,18363,0,1H8HEThy6FHnvJ3mkWZWdJtn2aD3PpfZZZ,50.0,p2pk,https://raw.githubusercontent.com/bensig/patoshi-addresses/main/patoshi_pubkeys_COMPLETE.csv
E,18365,0,14fCwsJeMcEnUnyMeSNcxmnzTp8CYnRBDz,50.0,p2pk,https://raw.githubusercontent.com/bensig/patoshi-addresses/main/patoshi_pubkeys_COMPLETE.csv
E,18366,0,16PzhQ1maHCDSdx6b2UNsvqfmJE9rVHp5K,50.0,p2pk,https://raw.githubusercontent.com/bensig/patoshi-addresses/main/patoshi_pubkeys_COMPLETE.csv
E,18367,0,1CNe6EMqRu8bhZeLTKja5WFxNBRBrKwURF,50.0,p2pk,https://raw.githubusercontent.com/bensig/patoshi-addresses/main/patoshi_pubkeys_COMPLETE.csv
E,18369,0,14bogLeFsa8wJUFfXT7BoobtfpYzHTLETv,50.0,p2pk,https://raw.githubusercontent.com/bensig/patoshi-addresses/main/patoshi_pubkeys_COMPLETE.csv
E,18370,0,16uN2obSaFvpbWgbfKcGhqda52pDAWRTWk,50.0,p2pk,https://raw.githubusercontent.com/bensig/patoshi-addresses/main/patoshi_pubkeys_COMPLETE.csv
E,18371,0,14GCd4tFEgonydxgbZQT2k8rhpwNyQMpEK,50.0,p2pk,https://raw.githubusercontent.com/bensig/patoshi-addresses/main/patoshi_pubkeys_COMPLETE.csv
E,18373,0,1NiovUo2Ybkfp1oKhKZFX5CqZsfPMkTbvT,50.0,p2pk,https://raw.githubusercontent.com/bensig/patoshi-addresses/main/patoshi_pubkeys_COMPLETE.csv
E,18375,0,1LKDkFFuFRHuyGgsfv4P4srC9Hff3Pw1om,50.0,p2pk,https://raw.githubusercontent.com/bensig/patoshi-addresses/main/patoshi_pubkeys_COMPLETE.csv
E,18377,0,1Fg3WUX7c4xfYEAaDy9bhnmxhawFXhJMpn,50.0,p2pk,https://raw.githubusercontent.com/bensig/patoshi-addresses/main/patoshi_pubkeys_COMPLETE.csv
E,18378,0,1LxPCwhdzxzYHSRWfbK1wSC8Ef6qNbW7s3,50.0,p2pk,https://raw.githubusercontent.com/bensig/patoshi-addresses/main/patoshi_pubkeys_COMPLETE.csv
E,18379,0,17AfYbAKqNiDbK7aheRA9LMSFAM6wq3VGK,50.0,p2pk,https://raw.githubusercontent.com/bensig/patoshi-addresses/main/patoshi_pubkeys_COMPLETE.csv
E,18381,0,15S4GxBvnDEuXULKsA4FwYjowGMdARiy6k,50.0,p2pk,https://raw.githubusercontent.com/bensig/patoshi-addresses/main/patoshi_pubkeys_COMPLETE.csv
E,18382,0,1Fi34e5TJdeJrWe2xARuARwsvx3MzQXuMB,50.0,p2pk,https://raw.githubusercontent.com/bensig/patoshi-addresses/main/patoshi_pubkeys_COMPLETE.csv
E,18383,0,1HgBtnwnKYzAepX4LC258rUX94B8a2JNTj,50.0,p2pk,https://raw.githubusercontent.com/bensig/patoshi-addresses/main/patoshi_pubkeys_COMPLETE.csv
E,18384,0,1qZV8gKWZBowqM8cRvtge1VUVznvSct5a,50.0,p2pk,https://raw.githubusercontent.com/bensig/patoshi-addresses/main/patoshi_pubkeys_COMPLETE.csv
E,18386,0,14d16GuwFzAQ7zSGWV4Afd7pmTQAcuYEBW,50.0,p2pk,https://raw.githubusercontent.com/bensig/patoshi-addresses/main/patoshi_pubkeys_COMPLETE.csv
E,18387,0,1L86LFVbnuDcEUFvHM9fSLc6zuh2kLmZWa,50.0,p2pk,https://raw.githubusercontent.com/bensig/patoshi-addresses/main/patoshi_pubkeys_COMPLETE.csv
E,18388,0,1ALK6WDGtX76odXLst74P1DZggvB7yAviM,50.0,p2pk,https://raw.githubusercontent.com/bensig/patoshi-addresses/main/patoshi_pubkeys_COMPLETE.csv
E,18389,0,1BCGcxcDZKXtcE5kdVMNmPrLyUpWfwgFaJ,50.0,p2pk,https://raw.githubusercontent.com/bensig/patoshi-addresses/main/patoshi_pubkeys_COMPLETE.csv
E,18390,0,171PnZUfnGFvNMpi5bJZa9cNvP6aT41wqN,50.0,p2pk,https://raw.githubusercontent.com/bensig/patoshi-addresses/main/patoshi_pubkeys_COMPLETE.csv
E,18394,0,14dBxmLZtTYReqMceKfbmSwCEHVjYmFdBd,50.0,p2pk,https://raw.githubusercontent.com/bensig/patoshi-addresses/main/patoshi_pubkeys_COMPLETE.csv
E,18395,0,1D9PviP5GPoaeefn8YHhDR6ZbSXkvRU3F5,50.0,p2pk,https://raw.githubusercontent.com/bensig/patoshi-addresses/main/patoshi_pubkeys_COMPLETE.csv
E,18397,0,1GZ8fV96pPcGGit9iNDdkaGwP2UWhQTdej,50.0,p2pk,https://raw.githubusercontent.com/bensig/patoshi-addresses/main/patoshi_pubkeys_COMPLETE.csv
E,18398,0,15LVURzK1rhcnRUsfpDkatF7tZQYN1FPSi,50.0,p2pk,https://raw.githubusercontent.com/bensig/patoshi-addresses/main/patoshi_pubkeys_COMPLETE.csv
E,18400,0,1EqJgmwAtP1fVpuzL25EdGF9FQNPfeaXQD,50.0,p2pk,https://raw.githubusercontent.com/bensig/patoshi-addresses/main/patoshi_pubkeys_COMPLETE.csv
E,18401,0,1EaUuD4WtWWUGtSGjcK7CeAyAJHwYNUYgw,50.0,p2pk,https://raw.githubusercontent.com/bensig/patoshi-addresses/main/patoshi_pubkeys_COMPLETE.csv
E,18403,0,1bVGhGnVZMRHS9foqN6gANnU3KHK2uZec,50.0,p2pk,https://raw.githubusercontent.com/bensig/patoshi-addresses/main/patoshi_pubkeys_COMPLETE.csv
E,18404,0,16pJKqiKCD9Fbd9sNJt2skcovw3Yd7QZmC,50.0,p2pk,https://raw.githubusercontent.com/bensig/patoshi-addresses/main/patoshi_pubkeys_COMPLETE.csv
E,18405,0,1PVrz2zVpFewX5Saz2vcHQGP6372XPdpER,50.0,p2pk,https://raw.githubusercontent.com/bensig/patoshi-addresses/main/patoshi_pubkeys_COMPLETE.csv
E,18407,0,1E6jnWmPLAFuGgccaYwYVdwXU8bRnnec3P,50.0,p2pk,https://raw.githubusercontent.com/bensig/patoshi-addresses/main/patoshi_pubkeys_COMPLETE.csv
E,18409,0,161NusdGQMzRZPBLnegsLMDF59mgzUeLDP,50.0,p2pk,https://raw.githubusercontent.com/bensig/patoshi-addresses/main/patoshi_pubkeys_COMPLETE.csv
E,18413,0,16aKLQtNJrkN4ECVbbqtPSo7QDTNiX3QW1,50.0,p2pk,https://raw.githubusercontent.com/bensig/patoshi-addresses/main/patoshi_pubkeys_COMPLETE.csv
E,18415,0,1NveX6a4KjHFBLtkQhUUq5iXb7QBLiWhNQ,50.0,p2pk,https://raw.githubusercontent.com/bensig/patoshi-addresses/main/patoshi_pubkeys_COMPLETE.csv
E,18417,0,1Dph4u1nzvG6rk6dsL9RCTSkLcnDeScXR1,50.0,p2pk,https://raw.githubusercontent.com/bensig/patoshi-addresses/main/patoshi_pubkeys_COMPLETE.csv
E,18419,0,1H3ZpZcLekdBhwMPcNUkYbbjjbddku1VC4,50.0,p2pk,https://raw.githubusercontent.com/bensig/patoshi-addresses/main/patoshi_pubkeys_COMPLETE.csv
E,18420,0,15sKT9M3Q4K9z6DRjyqXJXUPwoa3WBCMoU,50.0,p2pk,https://raw.githubusercontent.com/bensig/patoshi-addresses/main/patoshi_pubkeys_COMPLETE.csv
E,18421,0,18d5aDbzPptKA6YHoL3aurEiJDkBzdfiYV,50.0,p2pk,https://raw.githubusercontent.com/bensig/patoshi-addresses/main/patoshi_pubkeys_COMPLETE.csv
E,18422,0,13iidKfLjNrHjQYnZayEzjJiN319na6Vwb,50.0,p2pk,https://raw.githubusercontent.com/bensig/patoshi-addresses/main/patoshi_pubkeys_COMPLETE.csv
E,18425,0,16rZbnj1J92LPpPeCvQEqxEF6Fi9uhtsEu,50.0,p2pk,https://raw.githubusercontent.com/bensig/patoshi-addresses/main/patoshi_pubkeys_COMPLETE.csv
E,18427,0,1CHd4jy5Fngfb3jav1yxMcbGq6hRS6E5Eb,50.0,p2pk,https://raw.githubusercontent.com/bensig/patoshi-addresses/main/patoshi_pubkeys_COMPLETE.csv
E,18428,0,1Hbmy5DfPvfJ6FRdiwkejGt5DvBM9DkMY5,50.0,p2pk,https://raw.githubusercontent.com/bensig/patoshi-addresses/main/patoshi_pubkeys_COMPLETE.csv
E,18430,0,1FgeoHxzRqgSWTo3Dj1MzpJEUAZpn7472P,50.0,p2pk,https://raw.githubusercontent.com/bensig/patoshi-addresses/main/patoshi_pubkeys_COMPLETE.csv
E,18433,0,158QGzHsKT3tZ2Py96ujvWHYM49ryswCv3,50.0,p2pk,https://raw.githubusercontent.com/bensig/patoshi-addresses/main/patoshi_pubkeys_COMPLETE.csv
E,18434,0,19r4bZ3gprnibuyVJFzaXBrxamXJWCQUsG,50.0,p2pk,https://raw.githubusercontent.com/bensig/patoshi-addresses/main/patoshi_pubkeys_COMPLETE.csv
E,18436,0,1KZcXnudDTKX6L12Y4JnB6s1goHLQcyu3Z,50.0,p2pk,https://raw.githubusercontent.com/bensig/patoshi-addresses/main/patoshi_pubkeys_COMPLETE.csv
E,18438,0,1CoefbiPUAknx7i7USEwcz2bAGjZDW9iEf,50.0,p2pk,https://raw.githubusercontent.com/bensig/patoshi-addresses/main/patoshi_pubkeys_COMPLETE.csv
E,18439,0,1Nd8YWmLx91Lk9MbzGKw58GGmorVcPuNcA,50.0,p2pk,https://raw.githubusercontent.com/bensig/patoshi-addresses/main/patoshi_pubkeys_COMPLETE.csv
E,18441,0,16SegMx6B7HWJyb94gDsueSUTmQ3mzDHet,50.0,p2pk,https://raw.githubusercontent.com/bensig/patoshi-addresses/main/patoshi_pubkeys_COMPLETE.csv
E,18442,0,1DmxZSPpFTq1WLYHKaxTEL3XfZmLbFtnfM,50.0,p2pk,https://raw.githubusercontent.com/bensig/patoshi-addresses/main/patoshi_pubkeys_COMPLETE.csv
E,18443,0,1LRjtSoaW9eEmqEKqwrbx6jsoczCUcMWaV,50.0,p2pk,https://raw.githubusercontent.com/bensig/patoshi-addresses/main/patoshi_pubkeys_COMPLETE.csv
E,18444,0,1HiSCMXV6JHKS6UtRGjhkdhsNVBk91Pnqb,50.0,p2pk,https://raw.githubusercontent.com/bensig/patoshi-addresses/main/patoshi_pubkeys_COMPLETE.csv
E,18445,0,1JX5GfhPD7fqZAAm8iEgudcFoyfCkWtRLB,50.0,p2pk,https://raw.githubusercontent.com/bensig/patoshi-addresses/main/patoshi_pubkeys_COMPLETE.csv
E,18446,0,1E1imGpUVHcWZc624kAMmkxBxUzddPakJp,50.0,p2pk,https://raw.githubusercontent.com/bensig/patoshi-addresses/main/patoshi_pubkeys_COMPLETE.csv
E,18448,0,1GkRm15k1YEM8meRAauPCGSsPfBuoVQbWV,50.0,p2pk,https://raw.githubusercontent.com/bensig/patoshi-addresses/main/patoshi_pubkeys_COMPLETE.csv
E,18449,0,1FJKFdZVpprUPZC4MRZH84VD387qJLQt2p,50.0,p2pk,https://raw.githubusercontent.com/bensig/patoshi-addresses/main/patoshi_pubkeys_COMPLETE.csv
E,18451,0,1EXNqjKXe8mFrAtLsVaqhWJwJRwsYoSg3i,50.0,p2pk,https://raw.githubusercontent.com/bensig/patoshi-addresses/main/patoshi_pubkeys_COMPLETE.csv
E,18452,0,18Jgi6Vr4QzDGdSk3WZx8micyAwfoU2TKU,50.0,p2pk,https://raw.githubusercontent.com/bensig/patoshi-addresses/main/patoshi_pubkeys_COMPLETE.csv
E,18455,0,1BBHTTuMs3HRHkgtxKqmMoksjk7g11V4i6,50.0,p2pk,https://raw.githubusercontent.com/bensig/patoshi-addresses/main/patoshi_pubkeys_COMPLETE.csv
E,18456,0,1Jpi6qaRE5Nm74NdCt9BoL8nFCysZYhjG2,50.0,p2pk,https://raw.githubusercontent.com/bensig/patoshi-addresses/main/patoshi_pubkeys_COMPLETE.csv
E,18457,0,1KedH3TCf1AjSF6AKkfn1dHdECiqEaNuYx,50.0,p2pk,https://raw.githubusercontent.com/bensig/patoshi-addresses/main/patoshi_pubkeys_COMPLETE.csv
E,18458,0,1AGnF1zxsvevstu8MUJzETpaYUJ4AkFqUw,50.0,p2pk,https://raw.githubusercontent.com/bensig/patoshi-addresses/main/patoshi_pubkeys_COMPLETE.csv
E,18460,0,1JGtKtjn9c8LkmsTVFmc1LxehNnqCxui3k,50.0,p2pk,https://raw.githubusercontent.com/bensig/patoshi-addresses/main/patoshi_pubkeys_COMPLETE.csv
E,18464,0,19xUCuNZW4Fq8K31oY8zU4T3vvkh6QuxjM,50.0,p2pk,https://raw.githubusercontent.com/bensig/patoshi-addresses/main/patoshi_pubkeys_COMPLETE.csv
E,18466,0,19f12EvgohaQpTPHk94mmPqmi41TobP6h,50.0,p2pk,https://raw.githubusercontent.com/bensig/patoshi-addresses/main/patoshi_pubkeys_COMPLETE.csv
E,18467,0,17VaaGrZr6xwNWneiVQbMKHn1qf9hsHnf1,50.0,p2pk,https://raw.githubusercontent.com/bensig/patoshi-addresses/main/patoshi_pubkeys_COMPLETE.csv
E,18470,0,16F8jU3iH24uU3uCDhj5j9mqvSR4zFUHXd,50.0,p2pk,https://raw.githubusercontent.com/bensig/patoshi-addresses/main/patoshi_pubkeys_COMPLETE.csv
E,18472,0,133CKy7Q2L77VRe85BrCttxR9KMiFbQJho,50.0,p2pk,https://raw.githubusercontent.com/bensig/patoshi-addresses/main/patoshi_pubkeys_COMPLETE.csv
E,18474,0,1PDSCTeaWWmooy4SVu73wPGdaPAVGP7rgt,50.0,p2pk,https://raw.githubusercontent.com/bensig/patoshi-addresses/main/patoshi_pubkeys_COMPLETE.csv
E,18475,0,1HVkLRxcaauXmsikcTdPcfZ9VU3MbqkfSy,50.0,p2pk,https://raw.githubusercontent.com/bensig/patoshi-addresses/main/patoshi_pubkeys_COMPLETE.csv
E,18476,0,1HCBqDeQ7RZYWXY2q6mpSJRVaiLFMNzGCS,50.0,p2pk,https://raw.githubusercontent.com/bensig/patoshi-addresses/main/patoshi_pubkeys_COMPLETE.csv
E,18477,0,1H3WNMECz4NapEzgFyGVD6yJFjGjTbuKLQ,50.0,p2pk,https://raw.githubusercontent.com/bensig/patoshi-addresses/main/patoshi_pubkeys_COMPLETE.csv
E,18478,0,12YtwbLmMxRk22DS5VqHbXqcRjQRc9xrUo,50.0,p2pk,https://raw.githubusercontent.com/bensig/patoshi-addresses/main/patoshi_pubkeys_COMPLETE.csv
E,18479,0,1Pxa5XAyuk4M8MgYQUfq5hRZ1pQ8R6MuvY,50.0,p2pk,https://raw.githubusercontent.com/bensig/patoshi-addresses/main/patoshi_pubkeys_COMPLETE.csv
E,18481,0,12DEw7FEQzWC3n91aSJoeUbftgu4hQtggn,50.0,p2pk,https://raw.githubusercontent.com/bensig/patoshi-addresses/main/patoshi_pubkeys_COMPLETE.csv
E,18483,0,1N1WzrRL9ekECwSwuc4ZCuvjA9RCV5q2xR,50.0,p2pk,https://raw.githubusercontent.com/bensig/patoshi-addresses/main/patoshi_pubkeys_COMPLETE.csv
E,18485,0,1PpKrxTGy3aHYsMQTRrerKDiDar1S4FQvL,50.0,p2pk,https://raw.githubusercontent.com/bensig/patoshi-addresses/main/patoshi_pubkeys_COMPLETE.csv
E,18487,0,1Ezfb86G8dNjHUFFaSaTwsnbiXGcasvJiu,50.0,p2pk,https://raw.githubusercontent.com/bensig/patoshi-addresses/main/patoshi_pubkeys_COMPLETE.csv
E,18489,0,1DL9S3YxdhxEy4P63xz2JK3djzmwSGE9k5,50.0,p2pk,https://raw.githubusercontent.com/bensig/patoshi-addresses/main/patoshi_pubkeys_COMPLETE.csv
E,18490,0,12tywhigRdyYW5wnU7FmCncEv83iJwwy1E,50.0,p2pk,https://raw.githubusercontent.com/bensig/patoshi-addresses/main/patoshi_pubkeys_COMPLETE.csv
E,18491,0,18kNdojTWMx4frrQRMWPETKefZ9xocjqwe,50.0,p2pk,https://raw.githubusercontent.com/bensig/patoshi-addresses/main/patoshi_pubkeys_COMPLETE.csv
E,18494,0,1CJ71PvafHxsKjaa5EPE7MY2FaAtmvtBjZ,50.0,p2pk,https://raw.githubusercontent.com/bensig/patoshi-addresses/main/patoshi_pubkeys_COMPLETE.csv
E,18497,0,142JxBhBWKaHCdRC3xsiftWzFog74cuYWN,50.0,p2pk,https://raw.githubusercontent.com/bensig/patoshi-addresses/main/patoshi_pubkeys_COMPLETE.csv
E,18498,0,1J6AB6N9ZTh7PFgKuFfouG5q8Ff7DMGJHb,50.0,p2pk,https://raw.githubusercontent.com/bensig/patoshi-addresses/main/patoshi_pubkeys_COMPLETE.csv
E,18501,0,1AgJHnaYJiTSwqPkZ3ReMwAwNoV773XgmR,50.0,p2pk,https://raw.githubusercontent.com/bensig/patoshi-addresses/main/patoshi_pubkeys_COMPLETE.csv
E,18502,0,1En2kSwxyzfd4rRJGwMTDXQY6sqGkjNT5E,50.0,p2pk,https://raw.githubusercontent.com/bensig/patoshi-addresses/main/patoshi_pubkeys_COMPLETE.csv
E,18503,0,19P37xzMNX5yxYJJhR3PhW5DWt74ivqKx4,50.0,p2pk,https://raw.githubusercontent.com/bensig/patoshi-addresses/main/patoshi_pubkeys_COMPLETE.csv
E,18506,0,181jxezTs2VLWjYWUHoa8z5BCufNRdfRhE,50.0,p2pk,https://raw.githubusercontent.com/bensig/patoshi-addresses/main/patoshi_pubkeys_COMPLETE.csv
E,18507,0,17MuuEmqRJB62H7beaajeLA3K8dPP5QV7c,50.0,p2pk,https://raw.githubusercontent.com/bensig/patoshi-addresses/main/patoshi_pubkeys_COMPLETE.csv
E,18510,0,13PFN8Bciy2QA8NQZREgFTiJ1amFZp3Ao1,50.0,p2pk,https://raw.githubusercontent.com/bensig/patoshi-addresses/main/patoshi_pubkeys_COMPLETE.csv
E,18511,0,1Lkt5Q7bgDyroeRMwshSQuAkbsdyvCXKbL,50.0,p2pk,https://raw.githubusercontent.com/bensig/patoshi-addresses/main/patoshi_pubkeys_COMPLETE.csv
E,18512,0,1GVWXYxafUR2Uip3jXwhhDCekVV8n3Tphh,50.0,p2pk,https://raw.githubusercontent.com/bensig/patoshi-addresses/main/patoshi_pubkeys_COMPLETE.csv
E,18513,0,1y2vYknji1c8T2TRSE3MJgRq2uQoGPbYW,50.0,p2pk,https://raw.githubusercontent.com/bensig/patoshi-addresses/main/patoshi_pubkeys_COMPLETE.csv
E,18514,0,12xmT7qzLBzX1CaL3W9PzMGRBF8pVH9Fqu,50.0,p2pk,https://raw.githubusercontent.com/bensig/patoshi-addresses/main/patoshi_pubkeys_COMPLETE.csv
E,18515,0,15ZYjBWt74KAHujgiQNqx4CXSwbkMZRRZN,50.0,p2pk,https://raw.githubusercontent.com/bensig/patoshi-addresses/main/patoshi_pubkeys_COMPLETE.csv
E,18516,0,1PWN1r3459Q5UQCQE8XqspZjrJ8EcNeCbz,50.0,p2pk,https://raw.githubusercontent.com/bensig/patoshi-addresses/main/patoshi_pubkeys_COMPLETE.csv
E,18517,0,1AM9cJjbEap5cRy38jFjfnSTwDZSkAXMKP,50.0,p2pk,https://raw.githubusercontent.com/bensig/patoshi-addresses/main/patoshi_pubkeys_COMPLETE.csv
E,18518,0,12u7ZGux4UFGVzH36tvCFUBb4dDmd2ZWoV,50.0,p2pk,https://raw.githubusercontent.com/bensig/patoshi-addresses/main/patoshi_pubkeys_COMPLETE.csv
E,18519,0,1DkyCrJeeSnZutuHd1xmfmvjwai9zVewro,50.0,p2pk,https://raw.githubusercontent.com/bensig/patoshi-addresses/main/patoshi_pubkeys_COMPLETE.csv
E,18520,0,1Le1uVggweeJQG8ZyRsCwHqabsjFrD1UZu,50.0,p2pk,https://raw.githubusercontent.com/bensig/patoshi-addresses/main/patoshi_pubkeys_COMPLETE.csv
E,18523,0,14reRmNj4tBXtkJCEPMiKao46mG6BT1SU3,50.0,p2pk,https://raw.githubusercontent.com/bensig/patoshi-addresses/main/patoshi_pubkeys_COMPLETE.csv
E,18524,0,1GFsFGzwnTSK5SZ6Yk2LMx8Dg6rDUKC8VK,50.0,p2pk,https://raw.githubusercontent.com/bensig/patoshi-addresses/main/patoshi_pubkeys_COMPLETE.csv
E,18525,0,17zXKFr7oxioTnmaQ6iQcWaSB8Aj6CmYa2,50.0,p2pk,https://raw.githubusercontent.com/bensig/patoshi-addresses/main/patoshi_pubkeys_COMPLETE.csv
E,18526,0,1A4Rwyxym3Act2V5RDRSuqcqckcK2d4eoV,50.0,p2pk,https://raw.githubusercontent.com/bensig/patoshi-addresses/main/patoshi_pubkeys_COMPLETE.csv
E,18527,0,17yboFy3LZthVJkC4UrwCr8eCny7HmqCF4,50.0,p2pk,https://raw.githubusercontent.com/bensig/patoshi-addresses/main/patoshi_pubkeys_COMPLETE.csv
E,18530,0,15UJ4nERt9Ske28sN79vyoDuWtRiP2tRKG,50.0,p2pk,https://raw.githubusercontent.com/bensig/patoshi-addresses/main/patoshi_pubkeys_COMPLETE.csv
E,18531,0,1HoyPva6orJcgDLgDkykjW9Ra9HN4WAaNS,50.0,p2pk,https://raw.githubusercontent.com/bensig/patoshi-addresses/main/patoshi_pubkeys_COMPLETE.csv
E,18533,0,1MfjaiKtf6KD2J35s54QeD5vvbfharfpwM,50.0,p2pk,https://raw.githubusercontent.com/bensig/patoshi-addresses/main/patoshi_pubkeys_COMPLETE.csv
E,18535,0,1KT1BMTBaAB113EDSi4UHWDuvM3LRUMyW6,50.0,p2pk,https://raw.githubusercontent.com/bensig/patoshi-addresses/main/patoshi_pubkeys_COMPLETE.csv
E,18536,0,15fwFno41QP8adF1M2WuNb8FCECxuVbXAD,50.0,p2pk,https://raw.githubusercontent.com/bensig/patoshi-addresses/main/patoshi_pubkeys_COMPLETE.csv
E,18537,0,1DWFkBYgjhsWBPghxqQUKpZiSF8PBNjZWo,50.0,p2pk,https://raw.githubusercontent.com/bensig/patoshi-addresses/main/patoshi_pubkeys_COMPLETE.csv
E,18539,0,1M5s5fRfifLhwJXxV5ZZZ31YgY7cCrz5Hb,50.0,p2pk,https://raw.githubusercontent.com/bensig/patoshi-addresses/main/patoshi_pubkeys_COMPLETE.csv
E,18541,0,14vr9EYv3uG5Ps7d6hFxXPSonFAkRW9y9i,50.0,p2pk,https://raw.githubusercontent.com/bensig/patoshi-addresses/main/patoshi_pubkeys_COMPLETE.csv
E,18542,0,1MmHvSDMg3cMgSJS1kaesjmKY91dzBPsUr,50.0,p2pk,https://raw.githubusercontent.com/bensig/patoshi-addresses/main/patoshi_pubkeys_COMPLETE.csv
E,18545,0,1Heoy9SrBjxn2LbRUcUCgBzWBkLEeXfTEG,50.0,p2pk,https://raw.githubusercontent.com/bensig/patoshi-addresses/main/patoshi_pubkeys_COMPLETE.csv
E,18546,0,1LpDytDcz98uWDvUUGSHeWYXoxFrWARd2t,50.0,p2pk,https://raw.githubusercontent.com/bensig/patoshi-addresses/main/patoshi_pubkeys_COMPLETE.csv
E,18547,0,1Kggz2V5ZrgPoZBFCvg6Xxj83NVGfTSLEu,50.0,p2pk,https://raw.githubusercontent.com/bensig/patoshi-addresses/main/patoshi_pubkeys_COMPLETE.csv
E,18550,0,1FqTnj8nJPh8CAXUfktv2yhA6PBnnNKBFZ,50.0,p2pk,https://raw.githubusercontent.com/bensig/patoshi-addresses/main/patoshi_pubkeys_COMPLETE.csv
E,18551,0,18wFDHQWaK46nJd74cJEjWaFTXWfMntMa5,50.0,p2pk,https://raw.githubusercontent.com/bensig/patoshi-addresses/main/patoshi_pubkeys_COMPLETE.csv
E,18553,0,1Gi1H176Ab87a87bPY2hCdHSgsa47mqFGA,50.0,p2pk,https://raw.githubusercontent.com/bensig/patoshi-addresses/main/patoshi_pubkeys_COMPLETE.csv
E,18554,0,1N4YWrX4g16pLR9a6M3P8LAauGfmF2vqSe,50.0,p2pk,https://raw.githubusercontent.com/bensig/patoshi-addresses/main/patoshi_pubkeys_COMPLETE.csv
E,18555,0,16NoNnnh5tLHoLc8hx47BXjnUEVMoBFxeP,50.0,p2pk,https://raw.githubusercontent.com/bensig/patoshi-addresses/main/patoshi_pubkeys_COMPLETE.csv
E,18556,0,1Kk75QFS1WvfjpQ5sCoJcyjNpL4MycLXWF,50.0,p2pk,https://raw.githubusercontent.com/bensig/patoshi-addresses/main/patoshi_pubkeys_COMPLETE.csv
E,18558,0,1ggqRckxjn9PvdGkiKd1J19d9GzzauFuo,50.0,p2pk,https://raw.githubusercontent.com/bensig/patoshi-addresses/main/patoshi_pubkeys_COMPLETE.csv
E,18560,0,12mEwXDsqxBwfFQP4RVqVSXNLRpCg7ynCy,50.0,p2pk,https://raw.githubusercontent.com/bensig/patoshi-addresses/main/patoshi_pubkeys_COMPLETE.csv
E,18562,0,1JtCBgQucKnV4j9nUYgVvrfYDGH4X3KHsu,50.0,p2pk,https://raw.githubusercontent.com/bensig/patoshi-addresses/main/patoshi_pubkeys_COMPLETE.csv
E,18566,0,1NNa8SPD7KrRDSakiR6ZG5EXi7q5tgXycY,50.0,p2pk,https://raw.githubusercontent.com/bensig/patoshi-addresses/main/patoshi_pubkeys_COMPLETE.csv
E,18568,0,1458AExfUS9hWWCYN2tsyuguRPzUTcMSG9,50.0,p2pk,https://raw.githubusercontent.com/bensig/patoshi-addresses/main/patoshi_pubkeys_COMPLETE.csv
E,18569,0,16HSL9N5ewGidVBt92h4DPA5Foppi1yfE5,50.0,p2pk,https://raw.githubusercontent.com/bensig/patoshi-addresses/main/patoshi_pubkeys_COMPLETE.csv
E,18570,0,1EPf5xkmPTzBJVtzyW2WHV2Wob9Mkkxp42,50.0,p2pk,https://raw.githubusercontent.com/bensig/patoshi-addresses/main/patoshi_pubkeys_COMPLETE.csv
E,18571,0,1DbEcVqQPMfRL3igwktYanyeLs9unVTgen,50.0,p2pk,https://raw.githubusercontent.com/bensig/patoshi-addresses/main/patoshi_pubkeys_COMPLETE.csv
E,18573,0,1L6RqHN429YXa1KtSZnMpgggXMMCkfnFw2,50.0,p2pk,https://raw.githubusercontent.com/bensig/patoshi-addresses/main/patoshi_pubkeys_COMPLETE.csv
E,18574,0,1GDyCu66mHd1aXy9L9EPSVwKtn8hkgisbm,50.0,p2pk,https://raw.githubusercontent.com/bensig/patoshi-addresses/main/patoshi_pubkeys_COMPLETE.csv
E,18575,0,1LV8K4MSTnDz3S7Vtvc61BQmHfCfx79KB1,50.0,p2pk,https://raw.githubusercontent.com/bensig/patoshi-addresses/main/patoshi_pubkeys_COMPLETE.csv
E,18576,0,15W4xhBkPeyikKSpqwk5PFvzJpHH5rkVUX,50.0,p2pk,https://raw.githubusercontent.com/bensig/patoshi-addresses/main/patoshi_pubkeys_COMPLETE.csv
E,18577,0,1NTqx7YQgDCFSKiubiujCM9chsYXD9h8kS,50.0,p2pk,https://raw.githubusercontent.com/bensig/patoshi-addresses/main/patoshi_pubkeys_COMPLETE.csv
E,18580,0,1HUWhetirRpQKFAYASkTLcSLbqiMetAFff,50.0,p2pk,https://raw.githubusercontent.com/bensig/patoshi-addresses/main/patoshi_pubkeys_COMPLETE.csv
E,18581,0,1Dtu4KNwkV7uo4Hss5stjuyrGMvK3DtMyN,50.0,p2pk,https://raw.githubusercontent.com/bensig/patoshi-addresses/main/patoshi_pubkeys_COMPLETE.csv
E,18583,0,112iqiL5JWe3FNbLfmHC57AA46Sdsz1qKy,50.0,p2pk,https://raw.githubusercontent.com/bensig/patoshi-addresses/main/patoshi_pubkeys_COMPLETE.csv
E,18584,0,1FvjXL8KCmpb9p4kfxG6EVuqixaVCHCmrd,50.0,p2pk,https://raw.githubusercontent.com/bensig/patoshi-addresses/main/patoshi_pubkeys_COMPLETE.csv
E,18586,0,1PmoGuCUx1vmFGN5LAVNgzohCvyp9LewG,50.0,p2pk,https://raw.githubusercontent.com/bensig/patoshi-addresses/main/patoshi_pubkeys_COMPLETE.csv
E,18589,0,12cYh4N8FJZporq2U74iAwHUQZzSGSzGwc,50.0,p2pk,https://raw.githubusercontent.com/bensig/patoshi-addresses/main/patoshi_pubkeys_COMPLETE.csv
E,18591,0,14yBVEZ8Qqcd1Uwxh1juAeXNv5bXd9iwVz,50.0,p2pk,https://raw.githubusercontent.com/bensig/patoshi-addresses/main/patoshi_pubkeys_COMPLETE.csv
E,18593,0,1EREhJG947Y6ZyLDMhSj9mrfzRDNsz1st2,50.0,p2pk,https://raw.githubusercontent.com/bensig/patoshi-addresses/main/patoshi_pubkeys_COMPLETE.csv
E,18594,0,12d4cFRxuV8NZ6CF396ML7QGs9o9JRe4Mw,50.0,p2pk,https://raw.githubusercontent.com/bensig/patoshi-addresses/main/patoshi_pubkeys_COMPLETE.csv
E,18596,0,19WWRaPgAStbhLWdfW9yGQJXTcDz2c4WJb,50.0,p2pk,https://raw.githubusercontent.com/bensig/patoshi-addresses/main/patoshi_pubkeys_COMPLETE.csv
E,18598,0,17fH5EDhqatkvKNNuXLgNa4HjG8MEnKuTa,50.0,p2pk,https://raw.githubusercontent.com/bensig/patoshi-addresses/main/patoshi_pubkeys_COMPLETE.csv
E,18601,0,1HmirCdaefqEm73ayvqmzdUj3kWsd4qygm,50.0,p2pk,https://raw.githubusercontent.com/bensig/patoshi-addresses/main/patoshi_pubkeys_COMPLETE.csv
E,18603,0,15oYQ6LtXnj5ZxXJun5ZnggHwRZ6mPHCNz,50.0,p2pk,https://raw.githubusercontent.com/bensig/patoshi-addresses/main/patoshi_pubkeys_COMPLETE.csv
E,18605,0,1QMP3fBxqFuX3UNpeZkrh9JDefGVS1hiG,50.0,p2pk,https://raw.githubusercontent.com/bensig/patoshi-addresses/main/patoshi_pubkeys_COMPLETE.csv
E,18607,0,1BMVrJDMLiWfis25FfSYmMAmZoHYNXVsz7,50.0,p2pk,https://raw.githubusercontent.com/bensig/patoshi-addresses/main/patoshi_pubkeys_COMPLETE.csv
E,18609,0,1D7Zc8bKhPsTHNP8NtYjqVuvT9npzkpjF3,50.0,p2pk,https://raw.githubusercontent.com/bensig/patoshi-addresses/main/patoshi_pubkeys_COMPLETE.csv
E,18610,0,1ByPZi1ysEid7PaeF3GtZxBGRA5pMNKKDR,50.0,p2pk,https://raw.githubusercontent.com/bensig/patoshi-addresses/main/patoshi_pubkeys_COMPLETE.csv
E,18612,0,14fMbW5DsEtm2fziKNrGo21FvzYR2KGvmc,50.0,p2pk,https://raw.githubusercontent.com/bensig/patoshi-addresses/main/patoshi_pubkeys_COMPLETE.csv
E,18614,0,1PcoDb79QFMh9A8kPYhoNjSkLgxdvcSSby,50.0,p2pk,https://raw.githubusercontent.com/bensig/patoshi-addresses/main/patoshi_pubkeys_COMPLETE.csv
E,18616,0,19MJn8u1w9rmxf6RCTn5z4ZcAozyKyWB6m,50.0,p2pk,https://raw.githubusercontent.com/bensig/patoshi-addresses/main/patoshi_pubkeys_COMPLETE.csv
E,18617,0,1FZBDRqug7vMKNYHyo2d45fmX4mvidh5Ho,50.0,p2pk,https://raw.githubusercontent.com/bensig/patoshi-addresses/main/patoshi_pubkeys_COMPLETE.csv
E,18618,0,1MUad6T1XYiM87Mp1vBLoVhSUCpZz7eMkN,50.0,p2pk,https://raw.githubusercontent.com/bensig/patoshi-addresses/main/patoshi_pubkeys_COMPLETE.csv
E,18619,0,13qXcQryRjxVLujLBPtGTnZNFKAAyt3kwJ,50.0,p2pk,https://raw.githubusercontent.com/bensig/patoshi-addresses/main/patoshi_pubkeys_COMPLETE.csv
E,18621,0,1PBeFo6z2jepNpJrrKfa5gqNcN3mTdJAg2,50.0,p2pk,https://raw.githubusercontent.com/bensig/patoshi-addresses/main/patoshi_pubkeys_COMPLETE.csv
E,18622,0,13ao6stvZrYFvcVz29KmEcfYZT7mk51vaw,50.0,p2pk,https://raw.githubusercontent.com/bensig/patoshi-addresses/main/patoshi_pubkeys_COMPLETE.csv
E,18623,0,13VrpQkDazqjgQ2FKPNCvscVrD1nNcwTX6,50.0,p2pk,https://raw.githubusercontent.com/bensig/patoshi-addresses/main/patoshi_pubkeys_COMPLETE.csv
E,18624,0,12Sgpg6Az6LN21Cbp33YerseVqQcHvxMz9,50.0,p2pk,https://raw.githubusercontent.com/bensig/patoshi-addresses/main/patoshi_pubkeys_COMPLETE.csv
E,18626,0,1EhqjF8tDzWLvZKUNmdKtgyt43efJACqY3,50.0,p2pk,https://raw.githubusercontent.com/bensig/patoshi-addresses/main/patoshi_pubkeys_COMPLETE.csv
E,18628,0,18dV43L25RS4UUrx8bgrgbjs6E1XydJvBQ,50.0,p2pk,https://raw.githubusercontent.com/bensig/patoshi-addresses/main/patoshi_pubkeys_COMPLETE.csv
E,18629,0,1D9hhJNdYzXAg5xR82mifr1A2XT5TGjU3v,50.0,p2pk,https://raw.githubusercontent.com/bensig/patoshi-addresses/main/patoshi_pubkeys_COMPLETE.csv
E,18630,0,15X7MfkcXQSLYWfQoSdbaGPvhBDEFkT2Gb,50.0,p2pk,https://raw.githubusercontent.com/bensig/patoshi-addresses/main/patoshi_pubkeys_COMPLETE.csv
E,18631,0,1McB6BaBst7u5Tj172qWDxW6LVLaeDfBCm,50.0,p2pk,https://raw.githubusercontent.com/bensig/patoshi-addresses/main/patoshi_pubkeys_COMPLETE.csv
E,18632,0,1AyezkYbzzonWWBMGf99b4s8u2TpVCuaj,50.0,p2pk,https://raw.githubusercontent.com/bensig/patoshi-addresses/main/patoshi_pubkeys_COMPLETE.csv
E,18633,0,158s3hR4FD1KJRsX4RZs4k7gJ1Z4iSmgkR,50.0,p2pk,https://raw.githubusercontent.com/bensig/patoshi-addresses/main/patoshi_pubkeys_COMPLETE.csv
E,18634,0,124qoyr3CVVsY1fYuoqX8pa4r889nGVFfb,50.0,p2pk,https://raw.githubusercontent.com/bensig/patoshi-addresses/main/patoshi_pubkeys_COMPLETE.csv
E,18636,0,1F6oAMdp4Qg9Aisq1oztp7rAocWW8pCBvY,50.0,p2pk,https://raw.githubusercontent.com/bensig/patoshi-addresses/main/patoshi_pubkeys_COMPLETE.csv
E,18637,0,1EAkEchn4HBwWtVHaScwpo5WYtC6HLrv8H,50.0,p2pk,https://raw.githubusercontent.com/bensig/patoshi-addresses/main/patoshi_pubkeys_COMPLETE.csv
E,18638,0,1FdkmmGZP4w2j6GXPrRrMxQbys7fon6RPu,50.0,p2pk,https://raw.githubusercontent.com/bensig/patoshi-addresses/main/patoshi_pubkeys_COMPLETE.csv
E,18641,0,1DQUhy7NPT1syYLnvDueX5tUrugXicFGRU,50.0,p2pk,https://raw.githubusercontent.com/bensig/patoshi-addresses/main/patoshi_pubkeys_COMPLETE.csv
E,18642,0,1QK3crJ8itYrGd9sTqiezVGzyB9GRXHmT3,50.0,p2pk,https://raw.githubusercontent.com/bensig/patoshi-addresses/main/patoshi_pubkeys_COMPLETE.csv
E,18643,0,15UgFpFJgnDzU2aNK2962RikiQZfnajEFS,50.0,p2pk,https://raw.githubusercontent.com/bensig/patoshi-addresses/main/patoshi_pubkeys_COMPLETE.csv
E,18644,0,196tSdmTQmoMmvPiJzs65mTJsLYLyjpvjC,50.0,p2pk,https://raw.githubusercontent.com/bensig/patoshi-addresses/main/patoshi_pubkeys_COMPLETE.csv
E,18646,0,1DGpYag7Qd6QtfNuEVLVJhR8q9Q51xpV1y,50.0,p2pk,https://raw.githubusercontent.com/bensig/patoshi-addresses/main/patoshi_pubkeys_COMPLETE.csv
E,18648,0,1V1gncxSZQCWXYS8RNXydNKTubkGJjYSk,50.0,p2pk,https://raw.githubusercontent.com/bensig/patoshi-addresses/main/patoshi_pubkeys_COMPLETE.csv
E,18651,0,1MTniAtP7xCv4jqyGZq1wzgYKEWgrT6TU2,50.0,p2pk,https://raw.githubusercontent.com/bensig/patoshi-addresses/main/patoshi_pubkeys_COMPLETE.csv
E,18653,0,1RA4np2WLVRGYwwCFxMAe2Z5sSYRpVJGU,50.0,p2pk,https://raw.githubusercontent.com/bensig/patoshi-addresses/main/patoshi_pubkeys_COMPLETE.csv
E,18655,0,1B5Qw3rCCtFi4ZbjnRem2LM55NjHRQkK2r,50.0,p2pk,https://raw.githubusercontent.com/bensig/patoshi-addresses/main/patoshi_pubkeys_COMPLETE.csv
E,18656,0,12aGaqW4cdjtTKKEEd45yn95eZL1yVVhe1,50.0,p2pk,https://raw.githubusercontent.com/bensig/patoshi-addresses/main/patoshi_pubkeys_COMPLETE.csv
E,18657,0,12ZbWBQmAohW9UM87Ymii7iRCMhEvt3Ftn,50.0,p2pk,https://raw.githubusercontent.com/bensig/patoshi-addresses/main/patoshi_pubkeys_COMPLETE.csv
E,18659,0,18dT4g8osFBbnhaAE2V8h8yJYPEWPf7APD,50.0,p2pk,https://raw.githubusercontent.com/bensig/patoshi-addresses/main/patoshi_pubkeys_COMPLETE.csv
E,18660,0,1Bt89tka9PQWPr3s1sp2jAvNZreSq9z8vJ,50.0,p2pk,https://raw.githubusercontent.com/bensig/patoshi-addresses/main/patoshi_pubkeys_COMPLETE.csv
E,18663,0,1PHzmhzhBxkqL8odhTSGcWvqgUydwMo5B5,50.0,p2pk,https://raw.githubusercontent.com/bensig/patoshi-addresses/main/patoshi_pubkeys_COMPLETE.csv
E,18664,0,1KazGtZYSfghZqQXVoADr9dqRjZDuKAg76,50.0,p2pk,https://raw.githubusercontent.com/bensig/patoshi-addresses/main/patoshi_pubkeys_COMPLETE.csv
E,18666,0,13w9SRZYyKvmd4NuotB8rAiHZvpDF2ZGLt,50.0,p2pk,https://raw.githubusercontent.com/bensig/patoshi-addresses/main/patoshi_pubkeys_COMPLETE.csv
E,18668,0,1JHUzuNCsdAz3WFMN4e9M8agui1SkSn3jC,50.0,p2pk,https://raw.githubusercontent.com/bensig/patoshi-addresses/main/patoshi_pubkeys_COMPLETE.csv
E,18673,0,1KXXEMZ42utesCETfEzy92dAUNiirvcDSY,50.0,p2pk,https://raw.githubusercontent.com/bensig/patoshi-addresses/main/patoshi_pubkeys_COMPLETE.csv
E,18674,0,1F3QBySS23eM18w3cBdnKoqEeppKHMtdJW,50.0,p2pk,https://raw.githubusercontent.com/bensig/patoshi-addresses/main/patoshi_pubkeys_COMPLETE.csv
E,18676,0,1AVXXv92iMC5xHjjaexkaFfu9bpN9J6ieG,50.0,p2pk,https://raw.githubusercontent.com/bensig/patoshi-addresses/main/patoshi_pubkeys_COMPLETE.csv
E,18677,0,1qAPJk6iAZ8QAu6CXF9zXwmN4ED6ZQ5Nm,50.0,p2pk,https://raw.githubusercontent.com/bensig/patoshi-addresses/main/patoshi_pubkeys_COMPLETE.csv
E,18678,0,1F8cV1UeSNdV15j1d6HJVVXgJGxnEykmcX,50.0,p2pk,https://raw.githubusercontent.com/bensig/patoshi-addresses/main/patoshi_pubkeys_COMPLETE.csv
E,18679,0,14yJVxEYWzZiB53jExvh3WtK5gezceWdGh,50.0,p2pk,https://raw.githubusercontent.com/bensig/patoshi-addresses/main/patoshi_pubkeys_COMPLETE.csv
E,18680,0,1KEWqm1LUhfMTt8dkqCyG3G5nj9N5CdUKz,50.0,p2pk,https://raw.githubusercontent.com/bensig/patoshi-addresses/main/patoshi_pubkeys_COMPLETE.csv
E,18681,0,19yTG5VtXX29diZxYxb3uWXkfKAy761hEY,50.0,p2pk,https://raw.githubusercontent.com/bensig/patoshi-addresses/main/patoshi_pubkeys_COMPLETE.csv
E,18683,0,19pXs9mtiBTrn9jCQQhhC1pw8qwFpTUTXe,50.0,p2pk,https://raw.githubusercontent.com/bensig/patoshi-addresses/main/patoshi_pubkeys_COMPLETE.csv
E,18684,0,1Cv8Wk44gEEQLQj2Gd3qXzSYFq84HZDV4k,50.0,p2pk,https://raw.githubusercontent.com/bensig/patoshi-addresses/main/patoshi_pubkeys_COMPLETE.csv
E,18685,0,1N1inQzttrcxVKiRY8bckEPTkWG32sit1M,50.0,p2pk,https://raw.githubusercontent.com/bensig/patoshi-addresses/main/patoshi_pubkeys_COMPLETE.csv
E,18687,0,1w6Edq4LHkvixv6vUhhuhv7NjMVAKWiGo,50.0,p2pk,https://raw.githubusercontent.com/bensig/patoshi-addresses/main/patoshi_pubkeys_COMPLETE.csv
E,18689,0,1EcemMSg5VMuVMTKZGsVD7PRfDka5y2QYx,50.0,p2pk,https://raw.githubusercontent.com/bensig/patoshi-addresses/main/patoshi_pubkeys_COMPLETE.csv
E,18690,0,19ebp7dsELDWDsTx2FX5zWNUE1wgTnmXSq,50.0,p2pk,https://raw.githubusercontent.com/bensig/patoshi-addresses/main/patoshi_pubkeys_COMPLETE.csv
E,18691,0,1CTEPxLJiQeAaKnMPCysbEN8o9S8EGuzAV,50.0,p2pk,https://raw.githubusercontent.com/bensig/patoshi-addresses/main/patoshi_pubkeys_COMPLETE.csv
E,18693,0,18xjF3WxY1UQZBEBeKFtXn3HW37nUZnMuW,50.0,p2pk,https://raw.githubusercontent.com/bensig/patoshi-addresses/main/patoshi_pubkeys_COMPLETE.csv
E,18694,0,1CPiLxkVLLCj5W1onBFY2xBqKfCZkpm1ot,50.0,p2pk,https://raw.githubusercontent.com/bensig/patoshi-addresses/main/patoshi_pubkeys_COMPLETE.csv
E,18696,0,1BHJpG5y3SJUojvtMffTCPLLAkihURcs2t,50.0,p2pk,https://raw.githubusercontent.com/bensig/patoshi-addresses/main/patoshi_pubkeys_COMPLETE.csv
E,18697,0,121FHjDYLFsesL3Y3yPoj5XbtVqyKqnLNC,50.0,p2pk,https://raw.githubusercontent.com/bensig/patoshi-addresses/main/patoshi_pubkeys_COMPLETE.csv
E,18699,0,1DLuaWXuRmVpNS82r6Qd9cBniDnQCqqCU5,50.0,p2pk,https://raw.githubusercontent.com/bensig/patoshi-addresses/main/patoshi_pubkeys_COMPLETE.csv
E,18701,0,13UV9pCLUETPYxETL37iMZPPBFG4rR9eD8,50.0,p2pk,https://raw.githubusercontent.com/bensig/patoshi-addresses/main/patoshi_pubkeys_COMPLETE.csv
E,18702,0,17fNeuKKGKd973iLo2bkVYBaznK5rR6ftW,50.0,p2pk,https://raw.githubusercontent.com/bensig/patoshi-addresses/main/patoshi_pubkeys_COMPLETE.csv
E,18703,0,1Bg4yGswN3SbJtEahDH9MvxvnP7gsjhrYF,50.0,p2pk,https://raw.githubusercontent.com/bensig/patoshi-addresses/main/patoshi_pubkeys_COMPLETE.csv
E,18704,0,1GSd7U5gFdgM4JaBazRaYVpmdkPuhkR8Ky,50.0,p2pk,https://raw.githubusercontent.com/bensig/patoshi-addresses/main/patoshi_pubkeys_COMPLETE.csv
E,18706,0,17B5s662qvKn1KdMUp8XDYZMQxuKuQzu1m,50.0,p2pk,https://raw.githubusercontent.com/bensig/patoshi-addresses/main/patoshi_pubkeys_COMPLETE.csv
E,18708,0,16Pf4VGvDs61zUf3RSqJjbxnKnV1qYXkXG,50.0,p2pk,https://raw.githubusercontent.com/bensig/patoshi-addresses/main/patoshi_pubkeys_COMPLETE.csv
E,18710,0,18yUDHXs6RxDJowEjrtXeQDncWv6uhXHFn,50.0,p2pk,https://raw.githubusercontent.com/bensig/patoshi-addresses/main/patoshi_pubkeys_COMPLETE.csv
E,18711,0,15EMj97RBqvVcgCj2feMAEaTSATX2t4onG,50.0,p2pk,https://raw.githubusercontent.com/bensig/patoshi-addresses/main/patoshi_pubkeys_COMPLETE.csv
E,18712,0,1LmQeweVVg814Doepxaz95rd4zTUUUbWv4,50.0,p2pk,https://raw.githubusercontent.com/bensig/patoshi-addresses/main/patoshi_pubkeys_COMPLETE.csv
E,18713,0,1AGMVxtxUqYgUxqD5cZh3QFdi4q6rWRbz,50.0,p2pk,https://raw.githubusercontent.com/bensig/patoshi-addresses/main/patoshi_pubkeys_COMPLETE.csv
E,18716,0,16Dh3KawZBbPx1Daw7FtXwb2ubJfWvqY1N,50.0,p2pk,https://raw.githubusercontent.com/bensig/patoshi-addresses/main/patoshi_pubkeys_COMPLETE.csv
E,18718,0,1LA27NVfmusV9NvHRTPZjoDHjigHEMs8zB,50.0,p2pk,https://raw.githubusercontent.com/bensig/patoshi-addresses/main/patoshi_pubkeys_COMPLETE.csv
E,18720,0,1FL8SyRWfMfXUnSKHjqTGvKw8A87KiV72n,50.0,p2pk,https://raw.githubusercontent.com/bensig/patoshi-addresses/main/patoshi_pubkeys_COMPLETE.csv
E,18721,0,17gcoUstEYiFUMyE9FgwTbh8fTHg7hCZ5f,50.0,p2pk,https://raw.githubusercontent.com/bensig/patoshi-addresses/main/patoshi_pubkeys_COMPLETE.csv
E,18722,0,1BVTcpadQpoqqZ4LEqBdqMGtmQNzhNNJ6L,50.0,p2pk,https://raw.githubusercontent.com/bensig/patoshi-addresses/main/patoshi_pubkeys_COMPLETE.csv
E,18723,0,17LdmrViSy57W8gDLhy3dJY5kCQ4NVnYLL,50.0,p2pk,https://raw.githubusercontent.com/bensig/patoshi-addresses/main/patoshi_pubkeys_COMPLETE.csv
E,18724,0,1Mkun9FjSbyyW6w9NAz71AZovV2ouVUPqL,50.0,p2pk,https://raw.githubusercontent.com/bensig/patoshi-addresses/main/patoshi_pubkeys_COMPLETE.csv
E,18725,0,19NWD7AwxonmL4tFcxPpFtm5Yt3MZfihY1,50.0,p2pk,https://raw.githubusercontent.com/bensig/patoshi-addresses/main/patoshi_pubkeys_COMPLETE.csv
E,18727,0,1QGnwg6oXANjTTzBsY4H598Z6akbRUrPsx,50.0,p2pk,https://raw.githubusercontent.com/bensig/patoshi-addresses/main/patoshi_pubkeys_COMPLETE.csv
E,18728,0,19iuDEfvhaEGYHFqkXgGhdMxKZvUKYQGuY,50.0,p2pk,https://raw.githubusercontent.com/bensig/patoshi-addresses/main/patoshi_pubkeys_COMPLETE.csv
E,18729,0,1JbyndxXwU9NknPYSqF5mXPPZ31yaeBKP4,50.0,p2pk,https://raw.githubusercontent.com/bensig/patoshi-addresses/main/patoshi_pubkeys_COMPLETE.csv
E,18730,0,1APF5HJPwAGe4p3dHYe3C6EBk37ghk36C3,50.0,p2pk,https://raw.githubusercontent.com/bensig/patoshi-addresses/main/patoshi_pubkeys_COMPLETE.csv
E,18733,0,15NzTL3d2c6G3YjKYnTw3xNcsLMrs18z73,50.0,p2pk,https://raw.githubusercontent.com/bensig/patoshi-addresses/main/patoshi_pubkeys_COMPLETE.csv
E,18735,0,15xFZQJgeFfSUS7itqQ2LXz438863xT9tt,50.0,p2pk,https://raw.githubusercontent.com/bensig/patoshi-addresses/main/patoshi_pubkeys_COMPLETE.csv
E,18736,0,145y42N2xdyNXSqR9Yzv7ptvdPDWMDoiCe,50.0,p2pk,https://raw.githubusercontent.com/bensig/patoshi-addresses/main/patoshi_pubkeys_COMPLETE.csv
E,18738,0,16jw7sEUefoWtTAtJaTfi5AUvyyqwKV7Np,50.0,p2pk,https://raw.githubusercontent.com/bensig/patoshi-addresses/main/patoshi_pubkeys_COMPLETE.csv
E,18739,0,19MUbG6D2VE2TJEircXh8DuTPNwLz4Xzht,50.0,p2pk,https://raw.githubusercontent.com/bensig/patoshi-addresses/main/patoshi_pubkeys_COMPLETE.csv
E,18742,0,1KyB9dZCQzhNwJBRYdogNkSuWgqXQCsWwf,50.0,p2pk,https://raw.githubusercontent.com/bensig/patoshi-addresses/main/patoshi_pubkeys_COMPLETE.csv
E,18743,0,1MuyKTur4fMi5PGD2ZN1yEyHUbaTcXQZLd,50.0,p2pk,https://raw.githubusercontent.com/bensig/patoshi-addresses/main/patoshi_pubkeys_COMPLETE.csv
E,18744,0,1LTkBWotNX4ubJJvM43Xa51dzifpznLtZX,50.0,p2pk,https://raw.githubusercontent.com/bensig/patoshi-addresses/main/patoshi_pubkeys_COMPLETE.csv
E,18746,0,1NG21sUhnQtnDXNFk4zGmh48wC5sDzzjUW,50.0,p2pk,https://raw.githubusercontent.com/bensig/patoshi-addresses/main/patoshi_pubkeys_COMPLETE.csv
E,18747,0,1LHvy6KKhKXwKmv69Cj2gbVGbfj39zhZdv,50.0,p2pk,https://raw.githubusercontent.com/bensig/patoshi-addresses/main/patoshi_pubkeys_COMPLETE.csv
E,18750,0,17nPdEyqSGQ73JNCPDvj5MtL9W2S7giCc9,50.0,p2pk,https://raw.githubusercontent.com/bensig/patoshi-addresses/main/patoshi_pubkeys_COMPLETE.csv
E,18752,0,17x2894ZmJTBu6T7RBXVpfTHAvStb5CQjM,50.0,p2pk,https://raw.githubusercontent.com/bensig/patoshi-addresses/main/patoshi_pubkeys_COMPLETE.csv
E,18753,0,17K2Z1HswiDx6XfS3cbZ9yo1vZtXZnw6Wg,50.0,p2pk,https://raw.githubusercontent.com/bensig/patoshi-addresses/main/patoshi_pubkeys_COMPLETE.csv
E,18755,0,128sZCC5MuWY6C5nHaoLT4ZfvqUpezR4NL,50.0,p2pk,https://raw.githubusercontent.com/bensig/patoshi-addresses/main/patoshi_pubkeys_COMPLETE.csv
E,18757,0,1krztEFVXyJeWWoXtNboSHgx3c8xTCWMY,50.0,p2pk,https://raw.githubusercontent.com/bensig/patoshi-addresses/main/patoshi_pubkeys_COMPLETE.csv
E,18759,0,1JApBiPZjxhG499rtDRu5CjBQjcYXL4Q5k,50.0,p2pk,https://raw.githubusercontent.com/bensig/patoshi-addresses/main/patoshi_pubkeys_COMPLETE.csv
E,18761,0,1MgDdUQ4MRjhdkdbgsu2UDGhwNuazV2x1g,50.0,p2pk,https://raw.githubusercontent.com/bensig/patoshi-addresses/main/patoshi_pubkeys_COMPLETE.csv
E,18764,0,1DDZ3XCdWmEaRFDCQMdHCwmyRQyiM8zraa,50.0,p2pk,https://raw.githubusercontent.com/bensig/patoshi-addresses/main/patoshi_pubkeys_COMPLETE.csv
E,18766,0,1ErUtgLov19ot7dsHYKTjjBD7EmaSTqJ1Q,50.0,p2pk,https://raw.githubusercontent.com/bensig/patoshi-addresses/main/patoshi_pubkeys_COMPLETE.csv
E,18767,0,16WejRbhzQgq64anRVvpvp1KKaf9ZA1AmE,50.0,p2pk,https://raw.githubusercontent.com/bensig/patoshi-addresses/main/patoshi_pubkeys_COMPLETE.csv
E,18768,0,1LCF1cH4WQURijxVokopJQ1VKyofHsp7uE,50.0,p2pk,https://raw.githubusercontent.com/bensig/patoshi-addresses/main/patoshi_pubkeys_COMPLETE.csv
E,18769,0,19tszscEdoYq4nDmPCwWeH14hebWtfCi6a,50.0,p2pk,https://raw.githubusercontent.com/bensig/patoshi-addresses/main/patoshi_pubkeys_COMPLETE.csv
E,18770,0,19HiFH9iT4mecfUquu2M9G1eYXjqXBFLvj,50.0,p2pk,https://raw.githubusercontent.com/bensig/patoshi-addresses/main/patoshi_pubkeys_COMPLETE.csv
E,18772,0,1DXwTRpthfnSPQAGmk3PC61n4rt1FDdjtf,50.0,p2pk,https://raw.githubusercontent.com/bensig/patoshi-addresses/main/patoshi_pubkeys_COMPLETE.csv
E,18773,0,1NiuLyNpTECZy83ZspGJvs2p486NLLm9Y9,50.0,p2pk,https://raw.githubusercontent.com/bensig/patoshi-addresses/main/patoshi_pubkeys_COMPLETE.csv
E,18776,0,1G1dYQy4rv1K1BDPYXLkJHQMDp1ybwdkLm,50.0,p2pk,https://raw.githubusercontent.com/bensig/patoshi-addresses/main/patoshi_pubkeys_COMPLETE.csv
E,18777,0,14HSTtPJC4mZ8feGByN9YQsXdXiak2637L,50.0,p2pk,https://raw.githubusercontent.com/bensig/patoshi-addresses/main/patoshi_pubkeys_COMPLETE.csv
E,18778,0,1BSKPdFVDoEL2mfqbMuhUrRkrGhEVLxJi6,50.0,p2pk,https://raw.githubusercontent.com/bensig/patoshi-addresses/main/patoshi_pubkeys_COMPLETE.csv
E,18779,0,1BmzjzZauEAJMxzUo9ZatCYQEX2EmhMU8,50.0,p2pk,https://raw.githubusercontent.com/bensig/patoshi-addresses/main/patoshi_pubkeys_COMPLETE.csv
E,18780,0,1Cjx2zeSr41dVqzzzW9WwaLF8C8jB3B1fm,50.0,p2pk,https://raw.githubusercontent.com/bensig/patoshi-addresses/main/patoshi_pubkeys_COMPLETE.csv
E,18781,0,1BxTFWgM6vwNgdKAMkxw9d83D1UPMXfhR5,50.0,p2pk,https://raw.githubusercontent.com/bensig/patoshi-addresses/main/patoshi_pubkeys_COMPLETE.csv
E,18782,0,1Pz8chfBnbMVvs7xiLNGoZcirCsGF4YYwa,50.0,p2pk,https://raw.githubusercontent.com/bensig/patoshi-addresses/main/patoshi_pubkeys_COMPLETE.csv
E,18784,0,13LPaPcDUf4mMZKgqTyqKMxKM9KrkwacXg,50.0,p2pk,https://raw.githubusercontent.com/bensig/patoshi-addresses/main/patoshi_pubkeys_COMPLETE.csv
E,18785,0,1L5uYqidTRfmkQKevBxJG7BAUdM25SjDR1,50.0,p2pk,https://raw.githubusercontent.com/bensig/patoshi-addresses/main/patoshi_pubkeys_COMPLETE.csv
E,18786,0,1HsE2VjENMkyfrYrNcBp1iKB3ZD3ask4gu,50.0,p2pk,https://raw.githubusercontent.com/bensig/patoshi-addresses/main/patoshi_pubkeys_COMPLETE.csv
E,18788,0,13sZ19MNkBZotr2cLkRLB6K2N1ZKQym4fi,50.0,p2pk,https://raw.githubusercontent.com/bensig/patoshi-addresses/main/patoshi_pubkeys_COMPLETE.csv
E,18789,0,18EPDUcKnJPMqm8gCAhyTkYbAeLan8q6G5,50.0,p2pk,https://raw.githubusercontent.com/bensig/patoshi-addresses/main/patoshi_pubkeys_COMPLETE.csv
E,18790,0,17L9DoVBvFbbwypzdD3GQWLAmLtQvfmXas,50.0,p2pk,https://raw.githubusercontent.com/bensig/patoshi-addresses/main/patoshi_pubkeys_COMPLETE.csv
E,18792,0,1PZo1TudvoVnvW6A99QpWKLCbyKfKM6yG9,50.0,p2pk,https://raw.githubusercontent.com/bensig/patoshi-addresses/main/patoshi_pubkeys_COMPLETE.csv
E,18794,0,17oi1bM4UJ1vKwSsb7z8JT3DvmWuyqdTds,50.0,p2pk,https://raw.githubusercontent.com/bensig/patoshi-addresses/main/patoshi_pubkeys_COMPLETE.csv
E,18795,0,1Jwq6pPX7GAoX9XmfzW4Y3vkDk68d5eBnB,50.0,p2pk,https://raw.githubusercontent.com/bensig/patoshi-addresses/main/patoshi_pubkeys_COMPLETE.csv
E,18796,0,17VYJZwXhzFAHhTWwTWzjeV9RdpaUG86R3,50.0,p2pk,https://raw.githubusercontent.com/bensig/patoshi-addresses/main/patoshi_pubkeys_COMPLETE.csv
E,18797,0,1LamVR94bZqg3DTJgYYEYaX9coRLVeGCD,50.0,p2pk,https://raw.githubusercontent.com/bensig/patoshi-addresses/main/patoshi_pubkeys_COMPLETE.csv
E,18799,0,15uEKD47RZGAgSo6e7TFhCtPAtqq5UB7vV,50.0,p2pk,https://raw.githubusercontent.com/bensig/patoshi-addresses/main/patoshi_pubkeys_COMPLETE.csv
E,18801,0,17685o1VHEWYu5ZmHHsh5hTtqPnwEiktqu,50.0,p2pk,https://raw.githubusercontent.com/bensig/patoshi-addresses/main/patoshi_pubkeys_COMPLETE.csv
E,18803,0,1EfMVDR9qe3uKQA9ZeaMNBMureGkAQbMax,50.0,p2pk,https://raw.githubusercontent.com/bensig/patoshi-addresses/main/patoshi_pubkeys_COMPLETE.csv
E,18804,0,14kyEBG8Abzz98zuMsBC13v6PZfZrEWSW4,50.0,p2pk,https://raw.githubusercontent.com/bensig/patoshi-addresses/main/patoshi_pubkeys_COMPLETE.csv
E,18805,0,17WR5VNyF2HKWrbb3t1kEPjYDUppopTCMZ,50.0,p2pk,https://raw.githubusercontent.com/bensig/patoshi-addresses/main/patoshi_pubkeys_COMPLETE.csv
E,18807,0,1HWuunYgpva1M9fuuc5MSuyBCXac2LTLF1,50.0,p2pk,https://raw.githubusercontent.com/bensig/patoshi-addresses/main/patoshi_pubkeys_COMPLETE.csv
E,18808,0,1BU6eqQ4wfW4C7wkKk71gfk9VGnNyUupcb,50.0,p2pk,https://raw.githubusercontent.com/bensig/patoshi-addresses/main/patoshi_pubkeys_COMPLETE.csv
E,18809,0,1JJdtjFBVzcV1k8qh8TfSzvDmUmDXqhip,50.0,p2pk,https://raw.githubusercontent.com/bensig/patoshi-addresses/main/patoshi_pubkeys_COMPLETE.csv
E,18810,0,1FnM1Hj7aaaH84fWGqff7bfpJGoh3jKhA6,50.0,p2pk,https://raw.githubusercontent.com/bensig/patoshi-addresses/main/patoshi_pubkeys_COMPLETE.csv
E,18812,0,14Y7K19UFNorcqF31B17Fk6qaaSKqbMnQB,50.0,p2pk,https://raw.githubusercontent.com/bensig/patoshi-addresses/main/patoshi_pubkeys_COMPLETE.csv
E,18814,0,1AiyPwgSs9y5C1XbutgKeUv9nnRdkg9XHa,50.0,p2pk,https://raw.githubusercontent.com/bensig/patoshi-addresses/main/patoshi_pubkeys_COMPLETE.csv
E,18815,0,1BTLNx6fdmVzov7fKXLV75ZYiJ9BYtePxR,50.0,p2pk,https://raw.githubusercontent.com/bensig/patoshi-addresses/main/patoshi_pubkeys_COMPLETE.csv
E,18816,0,1EKtEcbbQ1cctapW5f3wZofzeMSnCSANG3,50.0,p2pk,https://raw.githubusercontent.com/bensig/patoshi-addresses/main/patoshi_pubkeys_COMPLETE.csv
E,18817,0,1AVt3tSFv9Mq63gVyHDP9RWWjwkF2jkjGS,50.0,p2pk,https://raw.githubusercontent.com/bensig/patoshi-addresses/main/patoshi_pubkeys_COMPLETE.csv
E,18819,0,1Q2xqJGPFaAo5gVwj9pf3fez9g4pzbKsme,50.0,p2pk,https://raw.githubusercontent.com/bensig/patoshi-addresses/main/patoshi_pubkeys_COMPLETE.csv
E,18820,0,1P4pAJpZQLh9oK9J6u1nKCX6Wz8YFyF9C5,50.0,p2pk,https://raw.githubusercontent.com/bensig/patoshi-addresses/main/patoshi_pubkeys_COMPLETE.csv
E,18822,0,1DQLCdFpgxHgwCeLZgEskLFUGHwJjucC9g,50.0,p2pk,https://raw.githubusercontent.com/bensig/patoshi-addresses/main/patoshi_pubkeys_COMPLETE.csv
E,18823,0,1DPKxNztX49LiG55J7xGTBwBy2MNDXQE77,50.0,p2pk,https://raw.githubusercontent.com/bensig/patoshi-addresses/main/patoshi_pubkeys_COMPLETE.csv
E,18825,0,18BYayUrdDCWWYSrMDVE3at6cCcpRLYQb2,50.0,p2pk,https://raw.githubusercontent.com/bensig/patoshi-addresses/main/patoshi_pubkeys_COMPLETE.csv
E,18827,0,18mPkwPXLUf4Y7HFFT4geCtAjbKSmospmX,50.0,p2pk,https://raw.githubusercontent.com/bensig/patoshi-addresses/main/patoshi_pubkeys_COMPLETE.csv
E,18830,0,1KaSwB7pJT23NhWLn53ZSFF8Y8SG2js1Gt,50.0,p2pk,https://raw.githubusercontent.com/bensig/patoshi-addresses/main/patoshi_pubkeys_COMPLETE.csv
E,18831,0,1KWsY5PnCHZJT9tYkLyB1YxGXS1MZ5f9Bw,50.0,p2pk,https://raw.githubusercontent.com/bensig/patoshi-addresses/main/patoshi_pubkeys_COMPLETE.csv
E,18834,0,13uBF232ibfkvEWrDXkJiFakPUZr45GXh6,50.0,p2pk,https://raw.githubusercontent.com/bensig/patoshi-addresses/main/patoshi_pubkeys_COMPLETE.csv
E,18835,0,1FcaLz7uKTY3rA18rt4p9yesxAapT66UQk,50.0,p2pk,https://raw.githubusercontent.com/bensig/patoshi-addresses/main/patoshi_pubkeys_COMPLETE.csv
E,18837,0,13BnKLR1Vzf83MfhwfMw3aLuYbj7d25cDW,50.0,p2pk,https://raw.githubusercontent.com/bensig/patoshi-addresses/main/patoshi_pubkeys_COMPLETE.csv
E,18838,0,19SgbkevNeEdTydw7KRFnKLusZnaZAHyD5,50.0,p2pk,https://raw.githubusercontent.com/bensig/patoshi-addresses/main/patoshi_pubkeys_COMPLETE.csv
E,18839,0,1GWemeZ9TYd511GjXuH4eYuR99zaoQ9d9t,50.0,p2pk,https://raw.githubusercontent.com/bensig/patoshi-addresses/main/patoshi_pubkeys_COMPLETE.csv
E,18841,0,1GqKeSMcacmTY56aR6gbjAHtK79NuR3Msp,50.0,p2pk,https://raw.githubusercontent.com/bensig/patoshi-addresses/main/patoshi_pubkeys_COMPLETE.csv
E,18842,0,13AiwrDSanY95pDnzLKpDHfUauQi5vz7FJ,50.0,p2pk,https://raw.githubusercontent.com/bensig/patoshi-addresses/main/patoshi_pubkeys_COMPLETE.csv
E,18844,0,1MMpuyN9TUi5nC6ApF7Vch5aRgDq3ck9ed,50.0,p2pk,https://raw.githubusercontent.com/bensig/patoshi-addresses/main/patoshi_pubkeys_COMPLETE.csv
E,18846,0,1Cn91M8cnPsBynt2vDYiZUwx3wyTtSe2UN,50.0,p2pk,https://raw.githubusercontent.com/bensig/patoshi-addresses/main/patoshi_pubkeys_COMPLETE.csv
E,18847,0,16au9TsPU9E8MrfiGFqJwSSEoRdYcmrMbT,50.0,p2pk,https://raw.githubusercontent.com/bensig/patoshi-addresses/main/patoshi_pubkeys_COMPLETE.csv
E,18849,0,1Mrwe3xhhk9MDzufH9oNrSoLzANeW51mAR,50.0,p2pk,https://raw.githubusercontent.com/bensig/patoshi-addresses/main/patoshi_pubkeys_COMPLETE.csv
E,18851,0,1EVhXjtSkFNxT7W49BsBXcVqEBuWZFhgWQ,50.0,p2pk,https://raw.githubusercontent.com/bensig/patoshi-addresses/main/patoshi_pubkeys_COMPLETE.csv
E,18854,0,18ornxuCdfdgcDSVm93p4sQRnNevY8scan,50.0,p2pk,https://raw.githubusercontent.com/bensig/patoshi-addresses/main/patoshi_pubkeys_COMPLETE.csv
E,18855,0,1Mnxu9g46sjEk2SVtpyfCGcQvekFt9FbTg,50.0,p2pk,https://raw.githubusercontent.com/bensig/patoshi-addresses/main/patoshi_pubkeys_COMPLETE.csv
E,18857,0,17WHsc4coLp4SMqvgge1zUKJWJ6ULToXz9,50.0,p2pk,https://raw.githubusercontent.com/bensig/patoshi-addresses/main/patoshi_pubkeys_COMPLETE.csv
E,18858,0,17Merh9P2saH4FUMFypaooSJRJ67vU7c3V,50.0,p2pk,https://raw.githubusercontent.com/bensig/patoshi-addresses/main/patoshi_pubkeys_COMPLETE.csv
E,18860,0,1EP6Qu2vPgvpgL4mQ7mPwSxKWUeJKNDYqt,50.0,p2pk,https://raw.githubusercontent.com/bensig/patoshi-addresses/main/patoshi_pubkeys_COMPLETE.csv
E,18861,0,1JLeEZ6WajaBWGb8tRzdnQVwhhPmhuyvMw,50.0,p2pk,https://raw.githubusercontent.com/bensig/patoshi-addresses/main/patoshi_pubkeys_COMPLETE.csv
E,18862,0,1QA4VkDPWURi54hyZW6NGSYYK2jznnMgTG,50.0,p2pk,https://raw.githubusercontent.com/bensig/patoshi-addresses/main/patoshi_pubkeys_COMPLETE.csv
E,18863,0,1H8PoCE9JT3X2zu73qbBF7SujS4vq6MQCp,50.0,p2pk,https://raw.githubusercontent.com/bensig/patoshi-addresses/main/patoshi_pubkeys_COMPLETE.csv
E,18864,0,1H1GhptrsgMX3qXX94kNk5NuVj9VeZHyLJ,50.0,p2pk,https://raw.githubusercontent.com/bensig/patoshi-addresses/main/patoshi_pubkeys_COMPLETE.csv
E,18865,0,1DSFqe85nNaW99PXRiutUn8xnfNUktAbpB,50.0,p2pk,https://raw.githubusercontent.com/bensig/patoshi-addresses/main/patoshi_pubkeys_COMPLETE.csv
E,18866,0,1331Ws4SuQSw8b88kogt1XDiWYQyZ68jXx,50.0,p2pk,https://raw.githubusercontent.com/bensig/patoshi-addresses/main/patoshi_pubkeys_COMPLETE.csv
E,18868,0,151TSDGYW1VX2EeqKcmMPZ8DsS1QBWXjyR,50.0,p2pk,https://raw.githubusercontent.com/bensig/patoshi-addresses/main/patoshi_pubkeys_COMPLETE.csv
E,18870,0,12hWc1UgfQgFZrV2XFJL7R8GXDJiHQ2U6K,50.0,p2pk,https://raw.githubusercontent.com/bensig/patoshi-addresses/main/patoshi_pubkeys_COMPLETE.csv
E,18873,0,1DLjxxgN8LXMhRR6xx3HuSisMapUmbZchj,50.0,p2pk,https://raw.githubusercontent.com/bensig/patoshi-addresses/main/patoshi_pubkeys_COMPLETE.csv
E,18874,0,1DFBtD193xL7sjHeeP8YdSaSi9iQJ74cb3,50.0,p2pk,https://raw.githubusercontent.com/bensig/patoshi-addresses/main/patoshi_pubkeys_COMPLETE.csv
E,18875,0,14H8ruNkyu9eoNQkKV1EKkXMXn1X29a9TG,50.0,p2pk,https://raw.githubusercontent.com/bensig/patoshi-addresses/main/patoshi_pubkeys_COMPLETE.csv
E,18877,0,19CKR39cAyKcwRG3ge2WuHPceqsbww6dSW,50.0,p2pk,https://raw.githubusercontent.com/bensig/patoshi-addresses/main/patoshi_pubkeys_COMPLETE.csv
E,18878,0,1GXhHbwj2cLmsFhjUByLuN7W4kfcYPENUh,50.0,p2pk,https://raw.githubusercontent.com/bensig/patoshi-addresses/main/patoshi_pubkeys_COMPLETE.csv
E,18879,0,1vQ8iKuiJ67EYcpdWyquDVh1NTXZdXbbN,50.0,p2pk,https://raw.githubusercontent.com/bensig/patoshi-addresses/main/patoshi_pubkeys_COMPLETE.csv
E,18882,0,1Lkjww4ExgL4fTZ72Fk63u52Q2CLroFSyS,50.0,p2pk,https://raw.githubusercontent.com/bensig/patoshi-addresses/main/patoshi_pubkeys_COMPLETE.csv
E,18884,0,1MjrKaiFRWr7X6UbbD9N7rejzZ5TMdk3Ef,50.0,p2pk,https://raw.githubusercontent.com/bensig/patoshi-addresses/main/patoshi_pubkeys_COMPLETE.csv
E,18886,0,18ffJe4sYvQJG6xVgHBcNYH4QR8A4rwHWm,50.0,p2pk,https://raw.githubusercontent.com/bensig/patoshi-addresses/main/patoshi_pubkeys_COMPLETE.csv
E,18887,0,17vqTSCEbKGZU13P7BEcXydYzGEY93UuPW,50.0,p2pk,https://raw.githubusercontent.com/bensig/patoshi-addresses/main/patoshi_pubkeys_COMPLETE.csv
E,18888,0,1LquAvQvcRgCKZmTxvvv4r28mLBWapEDn1,50.0,p2pk,https://raw.githubusercontent.com/bensig/patoshi-addresses/main/patoshi_pubkeys_COMPLETE.csv
E,18890,0,18LHVnPB1AHS7PBQyo1eyN5nPZeVXaiZPG,50.0,p2pk,https://raw.githubusercontent.com/bensig/patoshi-addresses/main/patoshi_pubkeys_COMPLETE.csv
E,18892,0,1Eh6pFkLxAX3wjdcUJVGXg2Yrqh8nZVbU4,50.0,p2pk,https://raw.githubusercontent.com/bensig/patoshi-addresses/main/patoshi_pubkeys_COMPLETE.csv
E,18893,0,1D7gL64d21cJrJfJtSvrThNmx8XeQa3VL1,50.0,p2pk,https://raw.githubusercontent.com/bensig/patoshi-addresses/main/patoshi_pubkeys_COMPLETE.csv
E,18895,0,17eBaSjuB8eqqz5B5Rtp1kgVHcZf1uBmqK,50.0,p2pk,https://raw.githubusercontent.com/bensig/patoshi-addresses/main/patoshi_pubkeys_COMPLETE.csv
E,18897,0,15afdvwmiKioS6etmZhmrXg64xSneWxcL8,50.0,p2pk,https://raw.githubusercontent.com/bensig/patoshi-addresses/main/patoshi_pubkeys_COMPLETE.csv
E,18898,0,14vmtxaMJVn4wgHJFtCkpKidhx3oqtXbkc,50.0,p2pk,https://raw.githubusercontent.com/bensig/patoshi-addresses/main/patoshi_pubkeys_COMPLETE.csv
E,18900,0,16k9gRTjdPFp6c5sYYfHZ8A57Kvqsx71U3,50.0,p2pk,https://raw.githubusercontent.com/bensig/patoshi-addresses/main/patoshi_pubkeys_COMPLETE.csv
E,18901,0,1EF3B39opH3DxproPupcmZecw6MErjLWej,50.0,p2pk,https://raw.githubusercontent.com/bensig/patoshi-addresses/main/patoshi_pubkeys_COMPLETE.csv
E,18903,0,1E1r1hnW9wbc5h2st8RCWdXBoYSCzwpVB5,50.0,p2pk,https://raw.githubusercontent.com/bensig/patoshi-addresses/main/patoshi_pubkeys_COMPLETE.csv
E,18904,0,1HpMTS5wV4pcsXwSfcFEzXgLW4cPv5iJGj,50.0,p2pk,https://raw.githubusercontent.com/bensig/patoshi-addresses/main/patoshi_pubkeys_COMPLETE.csv
E,18905,0,1DHdLJf3WKjZ2JnrVKKoEvxrxT643RRcv9,50.0,p2pk,https://raw.githubusercontent.com/bensig/patoshi-addresses/main/patoshi_pubkeys_COMPLETE.csv
E,18906,0,1DX6oBpGG841qHanikrqgPFyUpV51MWmVV,50.0,p2pk,https://raw.githubusercontent.com/bensig/patoshi-addresses/main/patoshi_pubkeys_COMPLETE.csv
E,18909,0,16evLaQCKDir7JWFYneTGZdbqaqiqCwnJq,50.0,p2pk,https://raw.githubusercontent.com/bensig/patoshi-addresses/main/patoshi_pubkeys_COMPLETE.csv
E,18910,0,1eoC82pBW7FP3wBptaz7KrogBKfrat9PV,50.0,p2pk,https://raw.githubusercontent.com/bensig/patoshi-addresses/main/patoshi_pubkeys_COMPLETE.csv
E,18911,0,1Ejnik1frPUbHLohUkqzeWTdVBGcJzpVBX,50.0,p2pk,https://raw.githubusercontent.com/bensig/patoshi-addresses/main/patoshi_pubkeys_COMPLETE.csv
E,18914,0,1JzB9jEtyu1RLHJo8rj5CjkoxwnjjYEh3E,50.0,p2pk,https://raw.githubusercontent.com/bensig/patoshi-addresses/main/patoshi_pubkeys_COMPLETE.csv
E,18915,0,12mYwkHqF8XBA2oNeeZRvSfWGsSxkt4jeC,50.0,p2pk,https://raw.githubusercontent.com/bensig/patoshi-addresses/main/patoshi_pubkeys_COMPLETE.csv
E,18917,0,1BU1hEcLS2aLKdvD6FZCRitMFSZi8y4cXK,50.0,p2pk,https://raw.githubusercontent.com/bensig/patoshi-addresses/main/patoshi_pubkeys_COMPLETE.csv
E,18919,0,1FUSmRNmoosirLZRToAuSrZ6WDwtmwyikw,50.0,p2pk,https://raw.githubusercontent.com/bensig/patoshi-addresses/main/patoshi_pubkeys_COMPLETE.csv
E,18920,0,1Ko5FqBAtfETeDY9NnPJ6DpY4nRZfixjJC,50.0,p2pk,https://raw.githubusercontent.com/bensig/patoshi-addresses/main/patoshi_pubkeys_COMPLETE.csv
E,18921,0,1LN1ABhg5ECoc2uWsGDyyHSg8WiTGhi96F,50.0,p2pk,https://raw.githubusercontent.com/bensig/patoshi-addresses/main/patoshi_pubkeys_COMPLETE.csv
E,18923,0,16NjqiAEM2qF5WbPezrrWshY7mzow9gqGa,50.0,p2pk,https://raw.githubusercontent.com/bensig/patoshi-addresses/main/patoshi_pubkeys_COMPLETE.csv
E,18924,0,1EzLUbakTKzzs1m4zf3nDERJhHZroDKmPj,50.0,p2pk,https://raw.githubusercontent.com/bensig/patoshi-addresses/main/patoshi_pubkeys_COMPLETE.csv
E,18927,0,1JiVun5mdaaSdgnXm2a3gKgj9V6ExQkwym,50.0,p2pk,https://raw.githubusercontent.com/bensig/patoshi-addresses/main/patoshi_pubkeys_COMPLETE.csv
E,18929,0,1FckTYg8BxAbG7HvjSpaA3qcryCBBZr79P,50.0,p2pk,https://raw.githubusercontent.com/bensig/patoshi-addresses/main/patoshi_pubkeys_COMPLETE.csv
E,18930,0,1MgRz2YsDCmSzgcoi9DYJ2oHn7szAEybEu,50.0,p2pk,https://raw.githubusercontent.com/bensig/patoshi-addresses/main/patoshi_pubkeys_COMPLETE.csv
E,18932,0,1K39ytLCpdkZeQ52dbWD9PRuWXcNBTwE7Z,50.0,p2pk,https://raw.githubusercontent.com/bensig/patoshi-addresses/main/patoshi_pubkeys_COMPLETE.csv
E,18933,0,18JkTx8M7djHbcswWLHnCUzuDrnf1nfjzY,50.0,p2pk,https://raw.githubusercontent.com/bensig/patoshi-addresses/main/patoshi_pubkeys_COMPLETE.csv
E,18934,0,1LVJduJRxd6QhXLTwfZFh5y6FDyeJvdihw,50.0,p2pk,https://raw.githubusercontent.com/bensig/patoshi-addresses/main/patoshi_pubkeys_COMPLETE.csv
E,18936,0,1Fd3RhZzY8eM1mUtnQNHi1Ut4W2Tozj2rQ,50.0,p2pk,https://raw.githubusercontent.com/bensig/patoshi-addresses/main/patoshi_pubkeys_COMPLETE.csv
E,18937,0,1AsGhNcfbkpGYrcN2um3f2XtH6d7N4dCSf,50.0,p2pk,https://raw.githubusercontent.com/bensig/patoshi-addresses/main/patoshi_pubkeys_COMPLETE.csv
E,18938,0,19m6ped1QywW8ukRDrwoeTswya7GtebB6z,50.0,p2pk,https://raw.githubusercontent.com/bensig/patoshi-addresses/main/patoshi_pubkeys_COMPLETE.csv
E,18939,0,1CyGU85a26yd5nv5QmnLYNukNhm7k2LG37,50.0,p2pk,https://raw.githubusercontent.com/bensig/patoshi-addresses/main/patoshi_pubkeys_COMPLETE.csv
E,18940,0,1CgooCcFqGVPTFAfAmaJyFa1n1o4BnRqYY,50.0,p2pk,https://raw.githubusercontent.com/bensig/patoshi-addresses/main/patoshi_pubkeys_COMPLETE.csv
E,18941,0,19x3foRW9XZYPxNDT6vvbmu8owArqt1u7i,50.0,p2pk,https://raw.githubusercontent.com/bensig/patoshi-addresses/main/patoshi_pubkeys_COMPLETE.csv
E,18942,0,1NVcxDFqzZ1ZseqXpE3HTozCZRt6UPuNyg,50.0,p2pk,https://raw.githubusercontent.com/bensig/patoshi-addresses/main/patoshi_pubkeys_COMPLETE.csv
E,18943,0,1GoK1FmrZJF7dXe8T828Sk6ApPQQ7p8bmy,50.0,p2pk,https://raw.githubusercontent.com/bensig/patoshi-addresses/main/patoshi_pubkeys_COMPLETE.csv
E,18944,0,15ZrruTAMwK3SnN8XiLHSxvrFoZJRFQ8Sf,50.0,p2pk,https://raw.githubusercontent.com/bensig/patoshi-addresses/main/patoshi_pubkeys_COMPLETE.csv
E,18946,0,1DpCA13asBe3njCvteA1qNxYKa6Fh8iC3Q,50.0,p2pk,https://raw.githubusercontent.com/bensig/patoshi-addresses/main/patoshi_pubkeys_COMPLETE.csv
E,18948,0,16SpJUngRCabDCkqCXDfuC6ykWzvFHTTj3,50.0,p2pk,https://raw.githubusercontent.com/bensig/patoshi-addresses/main/patoshi_pubkeys_COMPLETE.csv
E,18949,0,15h9xYjbRMEM4CrgrCSAEVe6kdhfczm8be,50.0,p2pk,https://raw.githubusercontent.com/bensig/patoshi-addresses/main/patoshi_pubkeys_COMPLETE.csv
E,18950,0,13mS9XJ4nVagwQnG3GJkMyCwbU9A4i4CBf,50.0,p2pk,https://raw.githubusercontent.com/bensig/patoshi-addresses/main/patoshi_pubkeys_COMPLETE.csv
E,18952,0,12YxniyeEDnP7eTvtiyJ3oPhpHmARMRH64,50.0,p2pk,https://raw.githubusercontent.com/bensig/patoshi-addresses/main/patoshi_pubkeys_COMPLETE.csv
E,18954,0,18fZeEuXpq8F1JzaPbESBt2oXhr8XBEpCF,50.0,p2pk,https://raw.githubusercontent.com/bensig/patoshi-addresses/main/patoshi_pubkeys_COMPLETE.csv
E,18956,0,1DkRsKE6pQCEfdBvV46XBjeudGcvf9ejJd,50.0,p2pk,https://raw.githubusercontent.com/bensig/patoshi-addresses/main/patoshi_pubkeys_COMPLETE.csv
E,18957,0,13evTzNHPRkZ257wbajAfHTgB9PYbuH4Z9,50.0,p2pk,https://raw.githubusercontent.com/bensig/patoshi-addresses/main/patoshi_pubkeys_COMPLETE.csv
E,18958,0,1EjVCc6U6XfemRhw1PkjUkouJ6gzBskSkx,50.0,p2pk,https://raw.githubusercontent.com/bensig/patoshi-addresses/main/patoshi_pubkeys_COMPLETE.csv
E,18960,0,1He5UoRfRgwNHS9V1KP2m5KWGRPmtf7Hhb,50.0,p2pk,https://raw.githubusercontent.com/bensig/patoshi-addresses/main/patoshi_pubkeys_COMPLETE.csv
E,18961,0,1JNs5WrTaSVpEy2EoSn4LrZoyM5pbvnYmB,50.0,p2pk,https://raw.githubusercontent.com/bensig/patoshi-addresses/main/patoshi_pubkeys_COMPLETE.csv
E,18964,0,1DTvhBieC5PZ3zSRpwqFD5gR5zMCSyX2sm,50.0,p2pk,https://raw.githubusercontent.com/bensig/patoshi-addresses/main/patoshi_pubkeys_COMPLETE.csv
E,18965,0,1F8XWt5m2MQxShbgR4YYKwh6j8yN3vAscs,50.0,p2pk,https://raw.githubusercontent.com/bensig/patoshi-addresses/main/patoshi_pubkeys_COMPLETE.csv
E,18966,0,1DcbdXBahMQXfvE7eiZ1x4m5bJYvubqnpa,50.0,p2pk,https://raw.githubusercontent.com/bensig/patoshi-addresses/main/patoshi_pubkeys_COMPLETE.csv
E,18967,0,1MjpPn4nQVWn6qVoLaU9psySmdLsPRjdcL,50.0,p2pk,https://raw.githubusercontent.com/bensig/patoshi-addresses/main/patoshi_pubkeys_COMPLETE.csv
E,18968,0,17Fo8KdcJVg2VTM6bEGubVveLqSjqj287u,50.0,p2pk,https://raw.githubusercontent.com/bensig/patoshi-addresses/main/patoshi_pubkeys_COMPLETE.csv
E,18969,0,1FsK5gHie3Y2G97sUXUU8Yd1K2qzK2weyh,50.0,p2pk,https://raw.githubusercontent.com/bensig/patoshi-addresses/main/patoshi_pubkeys_COMPLETE.csv
E,18970,0,1Pn84HqZLmw81JJE3wR8cY65wFB8bghU4G,50.0,p2pk,https://raw.githubusercontent.com/bensig/patoshi-addresses/main/patoshi_pubkeys_COMPLETE.csv
E,18971,0,139QjSH6mnE7i9YRMZ6pzAmwdEFwqFvAhN,50.0,p2pk,https://raw.githubusercontent.com/bensig/patoshi-addresses/main/patoshi_pubkeys_COMPLETE.csv
E,18972,0,14uo1NNU9xafUw6CAZjpNiN2sJhfxvLZJD,50.0,p2pk,https://raw.githubusercontent.com/bensig/patoshi-addresses/main/patoshi_pubkeys_COMPLETE.csv
E,18973,0,1DfgB8dR4famX8xCLWqEZsUXgH5TYh5hru,50.0,p2pk,https://raw.githubusercontent.com/bensig/patoshi-addresses/main/patoshi_pubkeys_COMPLETE.csv
E,18974,0,16KiSC4qHN8Zb5Das5No8ip8ThPKR6TDZD,50.0,p2pk,https://raw.githubusercontent.com/bensig/patoshi-addresses/main/patoshi_pubkeys_COMPLETE.csv
E,18975,0,1CGSs33qkKwYmXBm47fbyatqNBHwEUdMkn,50.0,p2pk,https://raw.githubusercontent.com/bensig/patoshi-addresses/main/patoshi_pubkeys_COMPLETE.csv
E,18976,0,1Mb4eKvNmu1YCrdLhdFdcd9FxPsXrb6fHp,50.0,p2pk,https://raw.githubusercontent.com/bensig/patoshi-addresses/main/patoshi_pubkeys_COMPLETE.csv
E,18977,0,13Pew9ngBTf82WCTnxTTb7c9UPgzcTtpck,50.0,p2pk,https://raw.githubusercontent.com/bensig/patoshi-addresses/main/patoshi_pubkeys_COMPLETE.csv
E,18978,0,1FDp4oDpRuDjXc3CfQT1Nn5hvPFgm7jG7y,50.0,p2pk,https://raw.githubusercontent.com/bensig/patoshi-addresses/main/patoshi_pubkeys_COMPLETE.csv
E,18980,0,1MWAHyLgKV4gptwJ7id1673aoZ8Be5DsTk,50.0,p2pk,https://raw.githubusercontent.com/bensig/patoshi-addresses/main/patoshi_pubkeys_COMPLETE.csv
E,18981,0,12gYxPiRHRuUFs6KDiAAHsX7QjqUKF1a1h,50.0,p2pk,https://raw.githubusercontent.com/bensig/patoshi-addresses/main/patoshi_pubkeys_COMPLETE.csv
E,18982,0,1E9XZ3vbqccTAUaqrsr64xSiXH3r5wskci,50.0,p2pk,https://raw.githubusercontent.com/bensig/patoshi-addresses/main/patoshi_pubkeys_COMPLETE.csv
E,18984,0,162mZfR1hW5VSmghsX56WEan68HohokNpP,50.0,p2pk,https://raw.githubusercontent.com/bensig/patoshi-addresses/main/patoshi_pubkeys_COMPLETE.csv
E,18985,0,1KZYY3SfndYZNDaPbJbjpkKeEFNawSStDx,50.0,p2pk,https://raw.githubusercontent.com/bensig/patoshi-addresses/main/patoshi_pubkeys_COMPLETE.csv
E,18986,0,15RTmouJ1Tg9G7tMwEh52Ds1nDRmU6JLfu,50.0,p2pk,https://raw.githubusercontent.com/bensig/patoshi-addresses/main/patoshi_pubkeys_COMPLETE.csv
E,18988,0,18y1cMbeyxB5ZGbYqH2c3syq9JB8drmfoF,50.0,p2pk,https://raw.githubusercontent.com/bensig/patoshi-addresses/main/patoshi_pubkeys_COMPLETE.csv
E,18990,0,18UWfXNymPQQBePcPpfxrEDe7AdHdenvWS,50.0,p2pk,https://raw.githubusercontent.com/bensig/patoshi-addresses/main/patoshi_pubkeys_COMPLETE.csv
E,18991,0,13bm2p6WZiHQjWaXFxRt7PnPVs5rm9JDrm,50.0,p2pk,https://raw.githubusercontent.com/bensig/patoshi-addresses/main/patoshi_pubkeys_COMPLETE.csv
E,18993,0,1MvM2g5kV7UZXYoNbrzjm6xg5YmtWEMxG1,50.0,p2pk,https://raw.githubusercontent.com/bensig/patoshi-addresses/main/patoshi_pubkeys_COMPLETE.csv
E,18994,0,1J8DnxJApMHc3By2iqEkbyBAMQh35cUYxC,50.0,p2pk,https://raw.githubusercontent.com/bensig/patoshi-addresses/main/patoshi_pubkeys_COMPLETE.csv
E,18995,0,1CxKQLuweVZs1vmjQBUocA8xeYR89UhFjx,50.0,p2pk,https://raw.githubusercontent.com/bensig/patoshi-addresses/main/patoshi_pubkeys_COMPLETE.csv
E,18999,0,18KCdufrkN9kxdt7fAF2KWereEdx6ByPXH,50.0,p2pk,https://raw.githubusercontent.com/bensig/patoshi-addresses/main/patoshi_pubkeys_COMPLETE.csv
E,19001,0,1PmLbrxxokVApUtqzEpqZYRdN4UU824h5i,50.0,p2pk,https://raw.githubusercontent.com/bensig/patoshi-addresses/main/patoshi_pubkeys_COMPLETE.csv
E,19002,0,162yJAbiTESa1rzmyWDPFDG3tmmVEQHgKP,50.0,p2pk,https://raw.githubusercontent.com/bensig/patoshi-addresses/main/patoshi_pubkeys_COMPLETE.csv
E,19003,0,17CY3CUoNkzZe3rMXytxBHH7HDUkE4fcFK,50.0,p2pk,https://raw.githubusercontent.com/bensig/patoshi-addresses/main/patoshi_pubkeys_COMPLETE.csv
E,19005,0,12sSbitQhPaXDrjSyEvvQrpAY9nnSsQiqV,50.0,p2pk,https://raw.githubusercontent.com/bensig/patoshi-addresses/main/patoshi_pubkeys_COMPLETE.csv
E,19006,0,1PNqaUBqt3hKFDyuXmLRVRszE6nt1gM1MT,50.0,p2pk,https://raw.githubusercontent.com/bensig/patoshi-addresses/main/patoshi_pubkeys_COMPLETE.csv
E,19008,0,1MiQTZAPG7mgPGKN6TtmqVxFpMqwvY6FvV,50.0,p2pk,https://raw.githubusercontent.com/bensig/patoshi-addresses/main/patoshi_pubkeys_COMPLETE.csv
E,19009,0,1Zn2JaPUiYbPr5hzLwbEpCU6rRwpG8DSW,50.0,p2pk,https://raw.githubusercontent.com/bensig/patoshi-addresses/main/patoshi_pubkeys_COMPLETE.csv
E,19010,0,18GVGJ1Js2RFLqaNdzrqSoFiLgbTQi5bL6,50.0,p2pk,https://raw.githubusercontent.com/bensig/patoshi-addresses/main/patoshi_pubkeys_COMPLETE.csv
E,19011,0,17iv9VfJrwZh5RJtJCq5MsWu7pLfkbh7Ve,50.0,p2pk,https://raw.githubusercontent.com/bensig/patoshi-addresses/main/patoshi_pubkeys_COMPLETE.csv
E,19014,0,187LMjczEzrzp7tvnqyBYUK4b4ZLfq8Bfc,50.0,p2pk,https://raw.githubusercontent.com/bensig/patoshi-addresses/main/patoshi_pubkeys_COMPLETE.csv
E,19016,0,13fagLgXR1epNZ6PwN5rkuTadEGtuGryNg,50.0,p2pk,https://raw.githubusercontent.com/bensig/patoshi-addresses/main/patoshi_pubkeys_COMPLETE.csv
E,19017,0,1KpP7d3tdus5yLagoCvCVfBUfnfNtxFLeC,50.0,p2pk,https://raw.githubusercontent.com/bensig/patoshi-addresses/main/patoshi_pubkeys_COMPLETE.csv
E,19018,0,16J8NLMTLc1X8tqTE3q2nPCngqtYW1orvG,50.0,p2pk,https://raw.githubusercontent.com/bensig/patoshi-addresses/main/patoshi_pubkeys_COMPLETE.csv
E,19020,0,1Fwcz6PZvBRFEBqaqW7pKwsnXgAh7va2Qg,50.0,p2pk,https://raw.githubusercontent.com/bensig/patoshi-addresses/main/patoshi_pubkeys_COMPLETE.csv
E,19022,0,1MBhSZPXae3PVS8ioHLx6fVZCgcqgXKu9W,50.0,p2pk,https://raw.githubusercontent.com/bensig/patoshi-addresses/main/patoshi_pubkeys_COMPLETE.csv
E,19025,0,1AHkHhW84vnd22kxQ7cGR7rQVpuDAQfCPX,50.0,p2pk,https://raw.githubusercontent.com/bensig/patoshi-addresses/main/patoshi_pubkeys_COMPLETE.csv
E,19026,0,1NCK3h7xgyCzqr8XMZkqBkDQoGtxUBGP84,50.0,p2pk,https://raw.githubusercontent.com/bensig/patoshi-addresses/main/patoshi_pubkeys_COMPLETE.csv
E,19027,0,1MiHex6F63kWEFUmnCBs9nGobba3vfbLR5,50.0,p2pk,https://raw.githubusercontent.com/bensig/patoshi-addresses/main/patoshi_pubkeys_COMPLETE.csv
E,19028,0,1RpGFYNnaSbKFkkkibq7kNk4y1WyUFf2J,50.0,p2pk,https://raw.githubusercontent.com/bensig/patoshi-addresses/main/patoshi_pubkeys_COMPLETE.csv
E,19029,0,1GxUkmRUvzxbXfTbBipbBqmpT3WnSM5Uey,50.0,p2pk,https://raw.githubusercontent.com/bensig/patoshi-addresses/main/patoshi_pubkeys_COMPLETE.csv
E,19030,0,1Pc47BvhqFoLDWUXAZ2C5HZSPGB2dbgzrW,50.0,p2pk,https://raw.githubusercontent.com/bensig/patoshi-addresses/main/patoshi_pubkeys_COMPLETE.csv
E,19031,0,1CuXY7nZQ2gWjN2PSN7dwsUipc1uV6GZYF,50.0,p2pk,https://raw.githubusercontent.com/bensig/patoshi-addresses/main/patoshi_pubkeys_COMPLETE.csv
E,19032,0,1A9TgxMHYkEjwnCfVDgXTPJj7X4zbQwsZx,50.0,p2pk,https://raw.githubusercontent.com/bensig/patoshi-addresses/main/patoshi_pubkeys_COMPLETE.csv
E,19034,0,14vPRbHW1J7NcMLqif78HDPXmu71Eekiq1,50.0,p2pk,https://raw.githubusercontent.com/bensig/patoshi-addresses/main/patoshi_pubkeys_COMPLETE.csv
E,19035,0,1NTKpPKJeQfEiUrWAfTUC2Egm7TzNgXtPS,50.0,p2pk,https://raw.githubusercontent.com/bensig/patoshi-addresses/main/patoshi_pubkeys_COMPLETE.csv
E,19037,0,1Cc7dzj2Dq8xZe4wWoYptFjxi6Z7TL1r82,50.0,p2pk,https://raw.githubusercontent.com/bensig/patoshi-addresses/main/patoshi_pubkeys_COMPLETE.csv
E,19038,0,13PeMgHccKu8J5xL8Mg3VykP6qG96jYUQg,50.0,p2pk,https://raw.githubusercontent.com/bensig/patoshi-addresses/main/patoshi_pubkeys_COMPLETE.csv
E,19040,0,1N82vukjP3tyKf7aJykHtJycrHF6M27zAd,50.0,p2pk,https://raw.githubusercontent.com/bensig/patoshi-addresses/main/patoshi_pubkeys_COMPLETE.csv
E,19041,0,17sXe4FQdSzPY3NsZsABK7KkeyZVCuoX7t,50.0,p2pk,https://raw.githubusercontent.com/bensig/patoshi-addresses/main/patoshi_pubkeys_COMPLETE.csv
E,19042,0,1EU7Ey3QGF3X3MWU8uerfYhUDSjtL8aKtf,50.0,p2pk,https://raw.githubusercontent.com/bensig/patoshi-addresses/main/patoshi_pubkeys_COMPLETE.csv
E,19043,0,1Lu79CXdQTVZ2UZjQd2XShdM52ph1PY9E9,50.0,p2pk,https://raw.githubusercontent.com/bensig/patoshi-addresses/main/patoshi_pubkeys_COMPLETE.csv
E,19044,0,15LbgqdYAb2kyp2qJ57SDQqBbhyyfDphAB,50.0,p2pk,https://raw.githubusercontent.com/bensig/patoshi-addresses/main/patoshi_pubkeys_COMPLETE.csv
E,19045,0,1JtALoWPZe7nXLCbYNgTr5oRTYFTZ65Ybt,50.0,p2pk,https://raw.githubusercontent.com/bensig/patoshi-addresses/main/patoshi_pubkeys_COMPLETE.csv
E,19047,0,1tgG7JUMxuT3PJNoqh2Lzo7DaPjk1yT9e,50.0,p2pk,https://raw.githubusercontent.com/bensig/patoshi-addresses/main/patoshi_pubkeys_COMPLETE.csv
E,19048,0,12CLg9Ps5fjapWPbhtTsU84DZnTqo63BrQ,50.0,p2pk,https://raw.githubusercontent.com/bensig/patoshi-addresses/main/patoshi_pubkeys_COMPLETE.csv
E,19049,0,1Kwjyrbapeoi9ab2Xjg3UbXKe83jdovmu4,50.0,p2pk,https://raw.githubusercontent.com/bensig/patoshi-addresses/main/patoshi_pubkeys_COMPLETE.csv
E,19050,0,1pPGShiG4g5o74yEyD6kZuRZxMPiCwmjK,50.0,p2pk,https://raw.githubusercontent.com/bensig/patoshi-addresses/main/patoshi_pubkeys_COMPLETE.csv
E,19053,0,167rQu7dcKrktADqm3fvWDySSBEpn47v8F,50.0,p2pk,https://raw.githubusercontent.com/bensig/patoshi-addresses/main/patoshi_pubkeys_COMPLETE.csv
E,19054,0,1BgHznzYHCTkBsJ4mgbtGz5cach2pDfjmp,50.0,p2pk,https://raw.githubusercontent.com/bensig/patoshi-addresses/main/patoshi_pubkeys_COMPLETE.csv
E,19055,0,17UeH8kwaEf5gMhzBypiQc9F4qfA3YP6Cs,50.0,p2pk,https://raw.githubusercontent.com/bensig/patoshi-addresses/main/patoshi_pubkeys_COMPLETE.csv
E,19056,0,17jU7Pjg26fUM16oCRgboPywe2S37TLoAt,50.0,p2pk,https://raw.githubusercontent.com/bensig/patoshi-addresses/main/patoshi_pubkeys_COMPLETE.csv
E,19057,0,1EqyMbVCe24sdrWMvcmbFciSYxod3yLJT8,50.0,p2pk,https://raw.githubusercontent.com/bensig/patoshi-addresses/main/patoshi_pubkeys_COMPLETE.csv
E,19058,0,1MbdSfJ9um8ePq9Wje7hpvvMyb3X39LTRo,50.0,p2pk,https://raw.githubusercontent.com/bensig/patoshi-addresses/main/patoshi_pubkeys_COMPLETE.csv
E,19059,0,18nLS52kmX92MDdd2LQha9r8bQiYMLECsf,50.0,p2pk,https://raw.githubusercontent.com/bensig/patoshi-addresses/main/patoshi_pubkeys_COMPLETE.csv
E,19060,0,1PET1xNkBntCTxXqcsvLLR5VAGh69adfyV,50.0,p2pk,https://raw.githubusercontent.com/bensig/patoshi-addresses/main/patoshi_pubkeys_COMPLETE.csv
E,19061,0,14WQgoPz8gHKhFW49BFFA77zyLhK7BbNAE,50.0,p2pk,https://raw.githubusercontent.com/bensig/patoshi-addresses/main/patoshi_pubkeys_COMPLETE.csv
E,19062,0,1JqX8N1FWH4VSWSG7CZb14jRmkWqSL11S1,50.0,p2pk,https://raw.githubusercontent.com/bensig/patoshi-addresses/main/patoshi_pubkeys_COMPLETE.csv
E,19065,0,12g9pzcAXpDMKpQSxYFrzqXvjs6WX2q3NE,50.0,p2pk,https://raw.githubusercontent.com/bensig/patoshi-addresses/main/patoshi_pubkeys_COMPLETE.csv
E,19068,0,1Q9g5jEL4JZ2Ewjvize6AU5LZa1t4zhUuP,50.0,p2pk,https://raw.githubusercontent.com/bensig/patoshi-addresses/main/patoshi_pubkeys_COMPLETE.csv
E,19069,0,1B6wYEocCQuko46pZUYEWK7bvRZpiuuwxs,50.0,p2pk,https://raw.githubusercontent.com/bensig/patoshi-addresses/main/patoshi_pubkeys_COMPLETE.csv
E,19070,0,1TaSJi3MMUM4KbJfR3VKACgB7vDtG4LPC,50.0,p2pk,https://raw.githubusercontent.com/bensig/patoshi-addresses/main/patoshi_pubkeys_COMPLETE.csv
E,19071,0,19HcU3C5rKatPwsQzb6VbFkgSkDhTVoDsA,50.0,p2pk,https://raw.githubusercontent.com/bensig/patoshi-addresses/main/patoshi_pubkeys_COMPLETE.csv
E,19072,0,13QpKfncHe64yZRwfg2E5DppQqJnUjFE9T,50.0,p2pk,https://raw.githubusercontent.com/bensig/patoshi-addresses/main/patoshi_pubkeys_COMPLETE.csv
E,19073,0,1BNfauYMuALTsWsdUEToBCSk6v6wN2422q,50.0,p2pk,https://raw.githubusercontent.com/bensig/patoshi-addresses/main/patoshi_pubkeys_COMPLETE.csv
E,19074,0,1NLKoz19DuwSJZkrxvuYvXsQ4wSFDS5xk5,50.0,p2pk,https://raw.githubusercontent.com/bensig/patoshi-addresses/main/patoshi_pubkeys_COMPLETE.csv
E,19075,0,1M5rSekQWN5aZpcCeAhUki52TZqLNG5WuP,50.0,p2pk,https://raw.githubusercontent.com/bensig/patoshi-addresses/main/patoshi_pubkeys_COMPLETE.csv
E,19076,0,1ENwHttNwdZBuDwV9HVZfoahU5exZQ6C9a,50.0,p2pk,https://raw.githubusercontent.com/bensig/patoshi-addresses/main/patoshi_pubkeys_COMPLETE.csv
E,19078,0,1Mi8RY7wCJEDmNJy9eeMbqgvKuPMbog6Km,50.0,p2pk,https://raw.githubusercontent.com/bensig/patoshi-addresses/main/patoshi_pubkeys_COMPLETE.csv
E,19079,0,1PgtbbVevjGquj77J7kp1nkx8QpEmdxxcQ,50.0,p2pk,https://raw.githubusercontent.com/bensig/patoshi-addresses/main/patoshi_pubkeys_COMPLETE.csv
E,19080,0,1FMvL4sCuxgoq14K8kFzajmh56nUVhGbrX,50.0,p2pk,https://raw.githubusercontent.com/bensig/patoshi-addresses/main/patoshi_pubkeys_COMPLETE.csv
E,19081,0,1PRxopExZrsWe9FNWxX42N99JkivBHg15b,50.0,p2pk,https://raw.githubusercontent.com/bensig/patoshi-addresses/main/patoshi_pubkeys_COMPLETE.csv
E,19082,0,16urk1KjC7Z6RNgjfNAWFLdpr3KDfJCCW5,50.0,p2pk,https://raw.githubusercontent.com/bensig/patoshi-addresses/main/patoshi_pubkeys_COMPLETE.csv
E,19083,0,18UQaxeUZmDXnjFbpi6WeXj9zJg6soCruc,50.0,p2pk,https://raw.githubusercontent.com/bensig/patoshi-addresses/main/patoshi_pubkeys_COMPLETE.csv
E,19085,0,1GWnN28DmWnWRAw3LPQgJYx9EVoVA7FSTE,50.0,p2pk,https://raw.githubusercontent.com/bensig/patoshi-addresses/main/patoshi_pubkeys_COMPLETE.csv
E,19086,0,12g5SDGT9eZMWNdUPRrkhD82ckcE2wbNe1,50.0,p2pk,https://raw.githubusercontent.com/bensig/patoshi-addresses/main/patoshi_pubkeys_COMPLETE.csv
E,19087,0,1PC2uZy7aZHQXgxKba3tCjoMLaj27LFdDL,50.0,p2pk,https://raw.githubusercontent.com/bensig/patoshi-addresses/main/patoshi_pubkeys_COMPLETE.csv
E,19088,0,1D5TFhdjCjdpYwbYBEpQxi41njQQSTZ23b,50.0,p2pk,https://raw.githubusercontent.com/bensig/patoshi-addresses/main/patoshi_pubkeys_COMPLETE.csv
E,19089,0,18LmpFRCP9HmDjSrnkbApTrdU4SVKymS1W,50.0,p2pk,https://raw.githubusercontent.com/bensig/patoshi-addresses/main/patoshi_pubkeys_COMPLETE.csv
E,19090,0,193rjCN5Je5HExKQubGtBcAk367Y9Gg6tM,50.0,p2pk,https://raw.githubusercontent.com/bensig/patoshi-addresses/main/patoshi_pubkeys_COMPLETE.csv
E,19091,0,16VJfRbSS8qjfMMLHPPFhev3LFeuhtrr6o,50.0,p2pk,https://raw.githubusercontent.com/bensig/patoshi-addresses/main/patoshi_pubkeys_COMPLETE.csv
E,19092,0,1KLMTMgzkcPUcUVt24cwLADQgnAL71FS3w,50.0,p2pk,https://raw.githubusercontent.com/bensig/patoshi-addresses/main/patoshi_pubkeys_COMPLETE.csv
E,19093,0,1E4Fum3h8zVujmMLud3NveR4VawBv9EKRB,50.0,p2pk,https://raw.githubusercontent.com/bensig/patoshi-addresses/main/patoshi_pubkeys_COMPLETE.csv
E,19097,0,1LmnwTGnh1Q3P8ueCmJxL8Fya1uZ9cZRiS,50.0,p2pk,https://raw.githubusercontent.com/bensig/patoshi-addresses/main/patoshi_pubkeys_COMPLETE.csv
E,19100,0,1DtPSTZNVZU68xx2E5fVUGQK8cEj9jLp5p,50.0,p2pk,https://raw.githubusercontent.com/bensig/patoshi-addresses/main/patoshi_pubkeys_COMPLETE.csv
E,19101,0,1BBJ2uqwSpD47De4uSzvjnnRxgtcMB2gye,50.0,p2pk,https://raw.githubusercontent.com/bensig/patoshi-addresses/main/patoshi_pubkeys_COMPLETE.csv
E,19102,0,18tDaZPRrLfkoV12VsANNnGmh539PLdsMv,50.0,p2pk,https://raw.githubusercontent.com/bensig/patoshi-addresses/main/patoshi_pubkeys_COMPLETE.csv
E,19103,0,13Xa1HmKfxcsyX8Cfw4nAAujazd1ZfSM6X,50.0,p2pk,https://raw.githubusercontent.com/bensig/patoshi-addresses/main/patoshi_pubkeys_COMPLETE.csv
E,19105,0,1PKXiJpvgqq2k3gcAb1BPffML3MpUH5UtB,50.0,p2pk,https://raw.githubusercontent.com/bensig/patoshi-addresses/main/patoshi_pubkeys_COMPLETE.csv
E,19113,0,1AXyC9hUzVVWkt7nLit3wj14zdjKmd9bWr,50.0,p2pk,https://raw.githubusercontent.com/bensig/patoshi-addresses/main/patoshi_pubkeys_COMPLETE.csv
E,19114,0,1FZFRmEXsNN6kbPEdv4iggsyrvuQGz5X9u,50.0,p2pk,https://raw.githubusercontent.com/bensig/patoshi-addresses/main/patoshi_pubkeys_COMPLETE.csv
E,19115,0,19UyV7pA5i32pjzp6kY5wVTaHjFpMig7v9,50.0,p2pk,https://raw.githubusercontent.com/bensig/patoshi-addresses/main/patoshi_pubkeys_COMPLETE.csv
E,19116,0,113jBPbsrPPQtEi7Uchx6dtbe2e1u8T89V,50.0,p2pk,https://raw.githubusercontent.com/bensig/patoshi-addresses/main/patoshi_pubkeys_COMPLETE.csv
E,19117,0,1LAmpmV5t6WCwG2fV62psn4XTPqukfpise,50.0,p2pk,https://raw.githubusercontent.com/bensig/patoshi-addresses/main/patoshi_pubkeys_COMPLETE.csv
E,19118,0,1Gimmfq7EtqcGUwDeCHJjbNrpPxqJ2NeQV,50.0,p2pk,https://raw.githubusercontent.com/bensig/patoshi-addresses/main/patoshi_pubkeys_COMPLETE.csv
E,19121,0,1H9C2BNChM86hg614SnVrViiQLZx5QXs8,50.0,p2pk,https://raw.githubusercontent.com/bensig/patoshi-addresses/main/patoshi_pubkeys_COMPLETE.csv
E,19122,0,14nmk9rPp256UfZzgq5fHZY1Q4pehrSQo7,50.0,p2pk,https://raw.githubusercontent.com/bensig/patoshi-addresses/main/patoshi_pubkeys_COMPLETE.csv
E,19123,0,1LtT7h34w6sHbKQfGii1uftgTuodGSd8mt,50.0,p2pk,https://raw.githubusercontent.com/bensig/patoshi-addresses/main/patoshi_pubkeys_COMPLETE.csv
E,19124,0,1NE7Nz5FniaoPnYWfvUStKPnnkipewyW1p,50.0,p2pk,https://raw.githubusercontent.com/bensig/patoshi-addresses/main/patoshi_pubkeys_COMPLETE.csv
E,19127,0,1HoM6bJdDkBvHWdc1zdxezhw9bGp6tDygu,50.0,p2pk,https://raw.githubusercontent.com/bensig/patoshi-addresses/main/patoshi_pubkeys_COMPLETE.csv
E,19128,0,17YnHgpNPiEbaUxseQgYf6apozQsZc6ETQ,50.0,p2pk,https://raw.githubusercontent.com/bensig/patoshi-addresses/main/patoshi_pubkeys_COMPLETE.csv
E,19130,0,13qAc36jCYEgJfTpBk6mFw7sggwJYrXQrh,50.0,p2pk,https://raw.githubusercontent.com/bensig/patoshi-addresses/main/patoshi_pubkeys_COMPLETE.csv
E,19131,0,1AUXvRF6NwhngoqjM4iHSHEBJK1ZzW7b1M,50.0,p2pk,https://raw.githubusercontent.com/bensig/patoshi-addresses/main/patoshi_pubkeys_COMPLETE.csv
E,19133,0,1Hnpp2H8MHi2Mra2P6srx3nLqaJKx1ciz9,50.0,p2pk,https://raw.githubusercontent.com/bensig/patoshi-addresses/main/patoshi_pubkeys_COMPLETE.csv
E,19134,0,1Mt8SWYMpdgQ8jk6S9o53PAvRHKP6bkdXR,50.0,p2pk,https://raw.githubusercontent.com/bensig/patoshi-addresses/main/patoshi_pubkeys_COMPLETE.csv
E,19136,0,1GhJjQCEe13JitzE83ajhs6oAKaLGpX2PN,50.0,p2pk,https://raw.githubusercontent.com/bensig/patoshi-addresses/main/patoshi_pubkeys_COMPLETE.csv
E,19137,0,16RJuk3Q7itXfEwzLuAWwkskWJYgkFkGDR,50.0,p2pk,https://raw.githubusercontent.com/bensig/patoshi-addresses/main/patoshi_pubkeys_COMPLETE.csv
E,19140,0,13MhqGaAiDnVZAbd44yyiV9dB3oS5C3e7o,50.0,p2pk,https://raw.githubusercontent.com/bensig/patoshi-addresses/main/patoshi_pubkeys_COMPLETE.csv
E,19142,0,16n2LwnUhdq6VbX3StXS5yuK5mupBK46WW,50.0,p2pk,https://raw.githubusercontent.com/bensig/patoshi-addresses/main/patoshi_pubkeys_COMPLETE.csv
E,19145,0,1LRhjUB2aj5EmQxgSp9Qu9aYPTA3gEtwCC,50.0,p2pk,https://raw.githubusercontent.com/bensig/patoshi-addresses/main/patoshi_pubkeys_COMPLETE.csv
E,19146,0,1ADApamECK1p2SWAGGqu1t78UACpUo1wj5,50.0,p2pk,https://raw.githubusercontent.com/bensig/patoshi-addresses/main/patoshi_pubkeys_COMPLETE.csv
E,19149,0,18FjyKdu8LCmNRtU9anQVMxCECqMrABzQp,50.0,p2pk,https://raw.githubusercontent.com/bensig/patoshi-addresses/main/patoshi_pubkeys_COMPLETE.csv
E,19150,0,1G7eDRhhGaZnDiJtTsFTMDznT1yKKW9NT1,50.0,p2pk,https://raw.githubusercontent.com/bensig/patoshi-addresses/main/patoshi_pubkeys_COMPLETE.csv
E,19151,0,18LVZCFEiJEPVwzmnGFm2LWbTw8MuQSFfy,50.0,p2pk,https://raw.githubusercontent.com/bensig/patoshi-addresses/main/patoshi_pubkeys_COMPLETE.csv
E,19152,0,187rNMBbJ2LV7wk43DpHnW3Wfja3DJp1eY,50.0,p2pk,https://raw.githubusercontent.com/bensig/patoshi-addresses/main/patoshi_pubkeys_COMPLETE.csv
E,19155,0,1KxWN49rMn7DWjdfNxwHqPGDKkvivNEUFe,50.0,p2pk,https://raw.githubusercontent.com/bensig/patoshi-addresses/main/patoshi_pubkeys_COMPLETE.csv
E,19156,0,12492jxhRNH1xgSLbTsMcWTRNRcq1hZ67B,50.0,p2pk,https://raw.githubusercontent.com/bensig/patoshi-addresses/main/patoshi_pubkeys_COMPLETE.csv
E,19157,0,18JmPWV1QzdLYHnXfkFHWysRm7Sr3GHNgf,50.0,p2pk,https://raw.githubusercontent.com/bensig/patoshi-addresses/main/patoshi_pubkeys_COMPLETE.csv
E,19159,0,1K6TWHd5BUZJhLRVCiXE8ZnQtW7jT7gSre,50.0,p2pk,https://raw.githubusercontent.com/bensig/patoshi-addresses/main/patoshi_pubkeys_COMPLETE.csv
E,19160,0,1DhCikQLY93PfwMdhsHRMHm5r4DRzmW5Ed,50.0,p2pk,https://raw.githubusercontent.com/bensig/patoshi-addresses/main/patoshi_pubkeys_COMPLETE.csv
E,19162,0,1MjVSE7gy3kdNnxa3UN7PvnyWKFomyvxni,50.0,p2pk,https://raw.githubusercontent.com/bensig/patoshi-addresses/main/patoshi_pubkeys_COMPLETE.csv
E,19163,0,18gAmCt99eRnC7EM3196GRpS3rzrFTS6Vb,50.0,p2pk,https://raw.githubusercontent.com/bensig/patoshi-addresses/main/patoshi_pubkeys_COMPLETE.csv
E,19164,0,1AJkUJn8PQTHThT2HCzk6dPek4WREK3jgY,50.0,p2pk,https://raw.githubusercontent.com/bensig/patoshi-addresses/main/patoshi_pubkeys_COMPLETE.csv
E,19165,0,1AzA2Xrz6UGk5Hh18gK1umkCZaUkLW34xf,50.0,p2pk,https://raw.githubusercontent.com/bensig/patoshi-addresses/main/patoshi_pubkeys_COMPLETE.csv
E,19166,0,1PFv9MfnCgNnecAFtt49cwcAW1To3dG9v4,50.0,p2pk,https://raw.githubusercontent.com/bensig/patoshi-addresses/main/patoshi_pubkeys_COMPLETE.csv
E,19167,0,18CFmGYXGFwVPXicai8Jh1p8QLNohtAfc7,50.0,p2pk,https://raw.githubusercontent.com/bensig/patoshi-addresses/main/patoshi_pubkeys_COMPLETE.csv
E,19169,0,1Ap5tZbawrvaRFUwCWDgPbnA4v8kkBoKEJ,50.0,p2pk,https://raw.githubusercontent.com/bensig/patoshi-addresses/main/patoshi_pubkeys_COMPLETE.csv
E,19170,0,1CTACcRqf86bY9E6d8ueC3ukZCP1zatvjs,50.0,p2pk,https://raw.githubusercontent.com/bensig/patoshi-addresses/main/patoshi_pubkeys_COMPLETE.csv
E,19171,0,13dEX196enN2rTFt2yz3hzjEH4fMeURsZ4,50.0,p2pk,https://raw.githubusercontent.com/bensig/patoshi-addresses/main/patoshi_pubkeys_COMPLETE.csv
E,19173,0,19BgTTEUnMp1NSZgsJZvQDr7afXsvLn8YL,50.0,p2pk,https://raw.githubusercontent.com/bensig/patoshi-addresses/main/patoshi_pubkeys_COMPLETE.csv
E,19174,0,1D1qFW1TDzAj4vWM7xud8X5w5Kjn7v5GNa,50.0,p2pk,https://raw.githubusercontent.com/bensig/patoshi-addresses/main/patoshi_pubkeys_COMPLETE.csv
E,19176,0,1PfAkQ45WKASP91QGC6YWPn35VD61qCvs9,50.0,p2pk,https://raw.githubusercontent.com/bensig/patoshi-addresses/main/patoshi_pubkeys_COMPLETE.csv
E,19177,0,198fTh4MXAtRVfZyX8uqRTZBFg6aNbD1ty,50.0,p2pk,https://raw.githubusercontent.com/bensig/patoshi-addresses/main/patoshi_pubkeys_COMPLETE.csv
E,19179,0,1FAM79Gq7mrqhgxRjmYhCEFASPmgBV2xea,50.0,p2pk,https://raw.githubusercontent.com/bensig/patoshi-addresses/main/patoshi_pubkeys_COMPLETE.csv
E,19180,0,12TNJdqEDr9GtZaSWAuE1noqcEYvFk1xi1,50.0,p2pk,https://raw.githubusercontent.com/bensig/patoshi-addresses/main/patoshi_pubkeys_COMPLETE.csv
E,19181,0,1B2CdEHhBStUsbyAdBMEVukiqHJLvd2MBk,50.0,p2pk,https://raw.githubusercontent.com/bensig/patoshi-addresses/main/patoshi_pubkeys_COMPLETE.csv
E,19183,0,1MUBHnQjZHTqHd6AKj13nskqg9XMMg8hg9,50.0,p2pk,https://raw.githubusercontent.com/bensig/patoshi-addresses/main/patoshi_pubkeys_COMPLETE.csv
E,19185,0,1Pdb3E2bsJ9qNdUKHsrGofQpodGMsSPQiW,50.0,p2pk,https://raw.githubusercontent.com/bensig/patoshi-addresses/main/patoshi_pubkeys_COMPLETE.csv
E,19187,0,1LswEYSS8pvvXosWdbudrkHn8bCdNEDDbU,50.0,p2pk,https://raw.githubusercontent.com/bensig/patoshi-addresses/main/patoshi_pubkeys_COMPLETE.csv
E,19189,0,1EFX3YKvsT3BJWv2MsRBZ7tXNENkiBAmzc,50.0,p2pk,https://raw.githubusercontent.com/bensig/patoshi-addresses/main/patoshi_pubkeys_COMPLETE.csv
E,19192,0,1Q8XX8BcdeZuo5yHiWtnHEv3FGVU4ByJzc,50.0,p2pk,https://raw.githubusercontent.com/bensig/patoshi-addresses/main/patoshi_pubkeys_COMPLETE.csv
E,19193,0,1AjyYJZM5owXUMbwYhJw1eLCHc7HsWTpPg,50.0,p2pk,https://raw.githubusercontent.com/bensig/patoshi-addresses/main/patoshi_pubkeys_COMPLETE.csv
E,19194,0,16rFPzJ8nWe4gRNtYFyjh7NoYpbmPx6DQ3,50.0,p2pk,https://raw.githubusercontent.com/bensig/patoshi-addresses/main/patoshi_pubkeys_COMPLETE.csv
E,19195,0,1BzJ1NpDsbrFf5hnMkSDGjsb98PMJGvsAd,50.0,p2pk,https://raw.githubusercontent.com/bensig/patoshi-addresses/main/patoshi_pubkeys_COMPLETE.csv
E,19199,0,1GGFTyjqsYP6oFAmbDaUuvSwFGdtw3WXzE,50.0,p2pk,https://raw.githubusercontent.com/bensig/patoshi-addresses/main/patoshi_pubkeys_COMPLETE.csv
E,19200,0,1KoH8LRmZJKiAhRAMf2cvSeQVWWm3cfYs3,50.0,p2pk,https://raw.githubusercontent.com/bensig/patoshi-addresses/main/patoshi_pubkeys_COMPLETE.csv
E,19203,0,1HQwX68zbpsBz5LqiWVQU3c8SvX5BvQLHH,50.0,p2pk,https://raw.githubusercontent.com/bensig/patoshi-addresses/main/patoshi_pubkeys_COMPLETE.csv
E,19204,0,1BxFkaPkEoHfqHJRVTM4gPZ5PZs1tQQyjd,50.0,p2pk,https://raw.githubusercontent.com/bensig/patoshi-addresses/main/patoshi_pubkeys_COMPLETE.csv
E,19206,0,1KmaAA7AsXZ7pyiJ2eFV5k87hxHRYRa2dX,50.0,p2pk,https://raw.githubusercontent.com/bensig/patoshi-addresses/main/patoshi_pubkeys_COMPLETE.csv
E,19208,0,15tLXFqShcNa9vbiNo6uusU5CTsFw2GwGY,50.0,p2pk,https://raw.githubusercontent.com/bensig/patoshi-addresses/main/patoshi_pubkeys_COMPLETE.csv
E,19209,0,15LuM8Z5SfFTts47tMUPZcdZFSSSsD2Htx,50.0,p2pk,https://raw.githubusercontent.com/bensig/patoshi-addresses/main/patoshi_pubkeys_COMPLETE.csv
E,19210,0,18hpa4Kj55KW77U5Vj1monBWFZggjS3cdG,50.0,p2pk,https://raw.githubusercontent.com/bensig/patoshi-addresses/main/patoshi_pubkeys_COMPLETE.csv
E,19211,0,1NNsPvPGewKwxwrR8z2HYwR23Ei8JLb4Z8,50.0,p2pk,https://raw.githubusercontent.com/bensig/patoshi-addresses/main/patoshi_pubkeys_COMPLETE.csv
E,19212,0,1LPqZvMkomrKQ7rmjhUohtmQEijsRq6tEF,50.0,p2pk,https://raw.githubusercontent.com/bensig/patoshi-addresses/main/patoshi_pubkeys_COMPLETE.csv
E,19214,0,1LueD1Viqkc1xDx7HV46Xj3nxUDDXXDA6q,50.0,p2pk,https://raw.githubusercontent.com/bensig/patoshi-addresses/main/patoshi_pubkeys_COMPLETE.csv
E,19215,0,1Jn9qbA19RMqJw3MenexfaxoTNiX6114nS,50.0,p2pk,https://raw.githubusercontent.com/bensig/patoshi-addresses/main/patoshi_pubkeys_COMPLETE.csv
E,19217,0,1C8fdFPuHxsxd7FY4NdZeFAE113A38H7zR,50.0,p2pk,https://raw.githubusercontent.com/bensig/patoshi-addresses/main/patoshi_pubkeys_COMPLETE.csv
E,19219,0,15fRao9m4t6FcwYoXKU35RggKwQFr44Lef,50.0,p2pk,https://raw.githubusercontent.com/bensig/patoshi-addresses/main/patoshi_pubkeys_COMPLETE.csv
E,19221,0,1DjdVUaQtHen9RZx4fBZk59vDTVNFfg5fN,50.0,p2pk,https://raw.githubusercontent.com/bensig/patoshi-addresses/main/patoshi_pubkeys_COMPLETE.csv
E,19223,0,1PDpFfFtPC9FAaeFSbPKuvzqXRHb67eaLe,50.0,p2pk,https://raw.githubusercontent.com/bensig/patoshi-addresses/main/patoshi_pubkeys_COMPLETE.csv
E,19224,0,1JcJ2QALUQsmQ74uUMxFmYsVEz9eGbdjU9,50.0,p2pk,https://raw.githubusercontent.com/bensig/patoshi-addresses/main/patoshi_pubkeys_COMPLETE.csv
E,19225,0,1DssPAYzPkyU8yDrGUHP8Kv2hwzBNBW9c1,50.0,p2pk,https://raw.githubusercontent.com/bensig/patoshi-addresses/main/patoshi_pubkeys_COMPLETE.csv
E,19227,0,1FbtEzkJERxQZNurHgsrJbPCa6AYcZpJRo,50.0,p2pk,https://raw.githubusercontent.com/bensig/patoshi-addresses/main/patoshi_pubkeys_COMPLETE.csv
E,19228,0,13gHSAJPcg5DTxQr5jm411mnadsG5p8bz5,50.0,p2pk,https://raw.githubusercontent.com/bensig/patoshi-addresses/main/patoshi_pubkeys_COMPLETE.csv
E,19229,0,16NdvCZLaYDoeSGB84PNC9HZFJSv7v2Sv4,50.0,p2pk,https://raw.githubusercontent.com/bensig/patoshi-addresses/main/patoshi_pubkeys_COMPLETE.csv
E,19232,0,1CeqnhEJzaEAwVopz8h3h8cbVQoZgo3v9G,50.0,p2pk,https://raw.githubusercontent.com/bensig/patoshi-addresses/main/patoshi_pubkeys_COMPLETE.csv
E,19233,0,1JNDrS8MVLx7FKogQn9L4XXjbvefPo9bUr,50.0,p2pk,https://raw.githubusercontent.com/bensig/patoshi-addresses/main/patoshi_pubkeys_COMPLETE.csv
E,19234,0,1AWDYXHizEMa42LeVGoU2Jspn8gSGUk9Lx,50.0,p2pk,https://raw.githubusercontent.com/bensig/patoshi-addresses/main/patoshi_pubkeys_COMPLETE.csv
E,19235,0,15QPKWtVX8Zzft2aw3ryV4JHJsu8cuST5t,50.0,p2pk,https://raw.githubusercontent.com/bensig/patoshi-addresses/main/patoshi_pubkeys_COMPLETE.csv
E,19236,0,15YRhAA9ZuyQcyEwtQMLjQeJJ7Fmu7eqXp,50.0,p2pk,https://raw.githubusercontent.com/bensig/patoshi-addresses/main/patoshi_pubkeys_COMPLETE.csv
E,19237,0,1FtZfQTWA94E73qXZLcXJEvS6UDa7rVegq,50.0,p2pk,https://raw.githubusercontent.com/bensig/patoshi-addresses/main/patoshi_pubkeys_COMPLETE.csv
E,19238,0,15F9VajB142ibQPA6tgeTP4H6BMNb6ddZd,50.0,p2pk,https://raw.githubusercontent.com/bensig/patoshi-addresses/main/patoshi_pubkeys_COMPLETE.csv
E,19239,0,1LvEudiY42cQaZiGvEuJg1MHd6SK21chdZ,50.0,p2pk,https://raw.githubusercontent.com/bensig/patoshi-addresses/main/patoshi_pubkeys_COMPLETE.csv
E,19240,0,1DF6BY4cS5cG7GGwYw6Qguja6GDV1xz2Hj,50.0,p2pk,https://raw.githubusercontent.com/bensig/patoshi-addresses/main/patoshi_pubkeys_COMPLETE.csv
E,19241,0,1MdqmiD9Amy4ndiyHj2zeLjMfjkYNtebE5,50.0,p2pk,https://raw.githubusercontent.com/bensig/patoshi-addresses/main/patoshi_pubkeys_COMPLETE.csv
E,19243,0,1JJ2zYjvfN4npkuWdHTkrMcDMB6iC9ExkU,50.0,p2pk,https://raw.githubusercontent.com/bensig/patoshi-addresses/main/patoshi_pubkeys_COMPLETE.csv
E,19246,0,17syRco5ZV1iNwhskcj7TfjH1HYZ3ftZqZ,50.0,p2pk,https://raw.githubusercontent.com/bensig/patoshi-addresses/main/patoshi_pubkeys_COMPLETE.csv
E,19247,0,1GBQZTWuGxe5GX2PTyhs5DLJdojHNSFPwU,50.0,p2pk,https://raw.githubusercontent.com/bensig/patoshi-addresses/main/patoshi_pubkeys_COMPLETE.csv
E,19248,0,14dhoV8LNZRQthn9QFPhvCsS12wfneLXAi,50.0,p2pk,https://raw.githubusercontent.com/bensig/patoshi-addresses/main/patoshi_pubkeys_COMPLETE.csv
E,19251,0,189guG575WfaZ4WnLKJad1U3E1A6XjaH3J,50.0,p2pk,https://raw.githubusercontent.com/bensig/patoshi-addresses/main/patoshi_pubkeys_COMPLETE.csv
E,19252,0,1EhSYJrDrbvADQ576BiFho5iiZNPCnsWmq,50.0,p2pk,https://raw.githubusercontent.com/bensig/patoshi-addresses/main/patoshi_pubkeys_COMPLETE.csv
E,19253,0,1MJMigzByJJVifJVM8Ek3agTV3rqoQ8Jhg,50.0,p2pk,https://raw.githubusercontent.com/bensig/patoshi-addresses/main/patoshi_pubkeys_COMPLETE.csv
E,19255,0,15x2q4P14C4tJ2JX3BsTpCcoJVTKGFxHUj,50.0,p2pk,https://raw.githubusercontent.com/bensig/patoshi-addresses/main/patoshi_pubkeys_COMPLETE.csv
E,19256,0,1GBfYUiBUZjFCg4tFD325EZF7KJvX1LgWK,50.0,p2pk,https://raw.githubusercontent.com/bensig/patoshi-addresses/main/patoshi_pubkeys_COMPLETE.csv
E,19257,0,1KUMZQXr4gfyJ8nszFvVD9rDFk3nSsu2EX,50.0,p2pk,https://raw.githubusercontent.com/bensig/patoshi-addresses/main/patoshi_pubkeys_COMPLETE.csv
E,19258,0,1PZsNC7RyYkVfEuFcNk9JZLpyKm22fpQrR,50.0,p2pk,https://raw.githubusercontent.com/bensig/patoshi-addresses/main/patoshi_pubkeys_COMPLETE.csv
E,19259,0,1MTPVMRJ2ooaCccNs5Zjagivbza6Ufot8h,50.0,p2pk,https://raw.githubusercontent.com/bensig/patoshi-addresses/main/patoshi_pubkeys_COMPLETE.csv
E,19262,0,18aBAeyfcpijddn41AAfLtS19aUKxsXFTP,50.0,p2pk,https://raw.githubusercontent.com/bensig/patoshi-addresses/main/patoshi_pubkeys_COMPLETE.csv
E,19263,0,1FdswijKBBU3psCzKfTer6WKFHPHmkoJiT,50.0,p2pk,https://raw.githubusercontent.com/bensig/patoshi-addresses/main/patoshi_pubkeys_COMPLETE.csv
E,19264,0,144MCw6e6xfzwbZBAqc4SA9Q7nFzTyxQX3,50.0,p2pk,https://raw.githubusercontent.com/bensig/patoshi-addresses/main/patoshi_pubkeys_COMPLETE.csv
E,19265,0,1MTSB9ysPNyo6uVbSuq7BNdNbEdcartEeW,50.0,p2pk,https://raw.githubusercontent.com/bensig/patoshi-addresses/main/patoshi_pubkeys_COMPLETE.csv
E,19267,0,1LSki9EYeYCuJs4Erw77ruapZe75i3WCNC,50.0,p2pk,https://raw.githubusercontent.com/bensig/patoshi-addresses/main/patoshi_pubkeys_COMPLETE.csv
E,19270,0,1EDfjjm8gzoiGGFHwi2cNhurh5kCBnMdsN,50.0,p2pk,https://raw.githubusercontent.com/bensig/patoshi-addresses/main/patoshi_pubkeys_COMPLETE.csv
E,19271,0,1LSTn8JFQrhFfpYWogwzuYyUiSq7ZFQ7tD,50.0,p2pk,https://raw.githubusercontent.com/bensig/patoshi-addresses/main/patoshi_pubkeys_COMPLETE.csv
E,19275,0,1KAuiocBcUjNP7Dmf7w3YXjdsxY2yy79n2,50.0,p2pk,https://raw.githubusercontent.com/bensig/patoshi-addresses/main/patoshi_pubkeys_COMPLETE.csv
E,19276,0,15fyZtag5CKL55e2N88H29MFUm9eRRfQKE,50.0,p2pk,https://raw.githubusercontent.com/bensig/patoshi-addresses/main/patoshi_pubkeys_COMPLETE.csv
E,19278,0,1DLWVw8v4ix5Pu6f7aAVkNv6regFAy785p,50.0,p2pk,https://raw.githubusercontent.com/bensig/patoshi-addresses/main/patoshi_pubkeys_COMPLETE.csv
E,19279,0,1BMoPoRzZKVGXX2NjVTASpT4mmmgmCj7EH,50.0,p2pk,https://raw.githubusercontent.com/bensig/patoshi-addresses/main/patoshi_pubkeys_COMPLETE.csv
E,19280,0,13mhuZBCxpd5sMCEN4ay2t1sB2dbbK6V8Q,50.0,p2pk,https://raw.githubusercontent.com/bensig/patoshi-addresses/main/patoshi_pubkeys_COMPLETE.csv
E,19281,0,18qA4iy3KE6hjs2vtaD7hLrusqFC1uT9Vd,50.0,p2pk,https://raw.githubusercontent.com/bensig/patoshi-addresses/main/patoshi_pubkeys_COMPLETE.csv
E,19283,0,1N1YCAiENtpjkGJ5aPBxpNJDeJ4kmLHoXx,50.0,p2pk,https://raw.githubusercontent.com/bensig/patoshi-addresses/main/patoshi_pubkeys_COMPLETE.csv
E,19284,0,1QBJ7APh6J6g5xvWCbToLQvHKsQ34VvDet,50.0,p2pk,https://raw.githubusercontent.com/bensig/patoshi-addresses/main/patoshi_pubkeys_COMPLETE.csv
E,19286,0,19QV793gygXYF5yPega6vo2ap9FMtFu43b,50.0,p2pk,https://raw.githubusercontent.com/bensig/patoshi-addresses/main/patoshi_pubkeys_COMPLETE.csv
E,19288,0,1Fr33PWD9bEzwZMRwyxyiLzYVGZaZaZrPK,50.0,p2pk,https://raw.githubusercontent.com/bensig/patoshi-addresses/main/patoshi_pubkeys_COMPLETE.csv
E,19290,0,15dMt1m9MH3wgYoCmg6YmniyouqNR6y7hY,50.0,p2pk,https://raw.githubusercontent.com/bensig/patoshi-addresses/main/patoshi_pubkeys_COMPLETE.csv
E,19292,0,18vrREmz2hwkkww25BwYyssGaFCWZMMRfv,50.0,p2pk,https://raw.githubusercontent.com/bensig/patoshi-addresses/main/patoshi_pubkeys_COMPLETE.csv
E,19294,0,1HBrvMsmNkQzgbX1vx3i9zfUzDca4efJiw,50.0,p2pk,https://raw.githubusercontent.com/bensig/patoshi-addresses/main/patoshi_pubkeys_COMPLETE.csv
E,19295,0,1Mh6TKe8VUxcF2JehbHLUawZenDqWgfYNC,50.0,p2pk,https://raw.githubusercontent.com/bensig/patoshi-addresses/main/patoshi_pubkeys_COMPLETE.csv
E,19297,0,13GJ7WTLfUpSswGL1DswF3g1bVibkLX7jv,50.0,p2pk,https://raw.githubusercontent.com/bensig/patoshi-addresses/main/patoshi_pubkeys_COMPLETE.csv
E,19299,0,1E9ggjQuwUwjyWxhwpEXJkHuj4yYL6wuJa,50.0,p2pk,https://raw.githubusercontent.com/bensig/patoshi-addresses/main/patoshi_pubkeys_COMPLETE.csv
E,19300,0,1DcEAHZjdHsKcsC8dgfWsqZLut6NUJEYGb,50.0,p2pk,https://raw.githubusercontent.com/bensig/patoshi-addresses/main/patoshi_pubkeys_COMPLETE.csv
E,19301,0,1KVM136xUJZcnMZ3rBzk6y6Pcw3kRcoju7,50.0,p2pk,https://raw.githubusercontent.com/bensig/patoshi-addresses/main/patoshi_pubkeys_COMPLETE.csv
E,19302,0,17GoBZWuZBWR6Qzxw4sHG5kt4Xq4yXTsaA,50.0,p2pk,https://raw.githubusercontent.com/bensig/patoshi-addresses/main/patoshi_pubkeys_COMPLETE.csv
E,19303,0,18JLGyEYsbSSCusgndsNw3xBGsSfmXzDCP,50.0,p2pk,https://raw.githubusercontent.com/bensig/patoshi-addresses/main/patoshi_pubkeys_COMPLETE.csv
E,19306,0,12S7Ui5ZzZo88C1iJJsi76PU2P8p196F79,50.0,p2pk,https://raw.githubusercontent.com/bensig/patoshi-addresses/main/patoshi_pubkeys_COMPLETE.csv
E,19307,0,1JHjqzgZcjRYqAtXfs1cHwyALpfsEbEmXK,50.0,p2pk,https://raw.githubusercontent.com/bensig/patoshi-addresses/main/patoshi_pubkeys_COMPLETE.csv
E,19309,0,1MXeVyJyutWCTAP9FdiYFNH5Td8DXp6dUw,50.0,p2pk,https://raw.githubusercontent.com/bensig/patoshi-addresses/main/patoshi_pubkeys_COMPLETE.csv
E,19313,0,1LE6fXVyWJuiakosQTqZxVWU45YsCitp1e,50.0,p2pk,https://raw.githubusercontent.com/bensig/patoshi-addresses/main/patoshi_pubkeys_COMPLETE.csv
E,19316,0,1QAqe9K7n64LmzCegJcLikUQMDthGdLvhY,50.0,p2pk,https://raw.githubusercontent.com/bensig/patoshi-addresses/main/patoshi_pubkeys_COMPLETE.csv
E,19317,0,19j44FFSs6ffFpHC4RQMkE8VQ3NoGyeCNE,50.0,p2pk,https://raw.githubusercontent.com/bensig/patoshi-addresses/main/patoshi_pubkeys_COMPLETE.csv
E,19318,0,18d6MNgeLqMTm5M7Jz3JyWkuendJvdyaK2,50.0,p2pk,https://raw.githubusercontent.com/bensig/patoshi-addresses/main/patoshi_pubkeys_COMPLETE.csv
E,19319,0,1MWYSokwdSZ4ExDRLEk3jqXs9ujfZZrq9V,50.0,p2pk,https://raw.githubusercontent.com/bensig/patoshi-addresses/main/patoshi_pubkeys_COMPLETE.csv
E,19321,0,12oi5JKuBu4wJt6DfaXcEhaSfYDVLqnfg1,50.0,p2pk,https://raw.githubusercontent.com/bensig/patoshi-addresses/main/patoshi_pubkeys_COMPLETE.csv
E,19322,0,19Gx6ac8Tq9jhbryAPfKqN4cq6Ha9Xv2d1,50.0,p2pk,https://raw.githubusercontent.com/bensig/patoshi-addresses/main/patoshi_pubkeys_COMPLETE.csv
E,19323,0,1NWc4JpmQVunBqKXzUzs5jVSiTgZizzmkC,50.0,p2pk,https://raw.githubusercontent.com/bensig/patoshi-addresses/main/patoshi_pubkeys_COMPLETE.csv
E,19325,0,19UFuUzMwwQ2MJcRHCKGDmwPN5HC4aZHvL,50.0,p2pk,https://raw.githubusercontent.com/bensig/patoshi-addresses/main/patoshi_pubkeys_COMPLETE.csv
E,19326,0,1BwedBqWMniP56EnphaHMM6zbQ8HSyKxE7,50.0,p2pk,https://raw.githubusercontent.com/bensig/patoshi-addresses/main/patoshi_pubkeys_COMPLETE.csv
E,19328,0,147GGTjbSj9Kq9pphbxQEsboGbYLHgX8cE,50.0,p2pk,https://raw.githubusercontent.com/bensig/patoshi-addresses/main/patoshi_pubkeys_COMPLETE.csv
E,19330,0,1NR6tGGnm3xRbA9mEZUFrVBGtYyvKY7YbT,50.0,p2pk,https://raw.githubusercontent.com/bensig/patoshi-addresses/main/patoshi_pubkeys_COMPLETE.csv
E,19331,0,15gGNvTnxbERGcxGX6hhXALoS5pEvNLrGy,50.0,p2pk,https://raw.githubusercontent.com/bensig/patoshi-addresses/main/patoshi_pubkeys_COMPLETE.csv
E,19332,0,1A1bmB6JmCUedcSFaFAhrLekFgnppYa43B,50.0,p2pk,https://raw.githubusercontent.com/bensig/patoshi-addresses/main/patoshi_pubkeys_COMPLETE.csv
E,19333,0,1NxbLhGzb1hcefh5cJPgRrJrvMBYUxUzbk,50.0,p2pk,https://raw.githubusercontent.com/bensig/patoshi-addresses/main/patoshi_pubkeys_COMPLETE.csv
E,19334,0,1DVhmLiJBhUpwWVsaVQVd5kdF8G2hcTEdw,50.0,p2pk,https://raw.githubusercontent.com/bensig/patoshi-addresses/main/patoshi_pubkeys_COMPLETE.csv
E,19336,0,1MBWXasN298rrxtz11Bo8hLmtMPAQpgMBp,50.0,p2pk,https://raw.githubusercontent.com/bensig/patoshi-addresses/main/patoshi_pubkeys_COMPLETE.csv
E,19337,0,1Hq8thDps7tc93dpLaUZ2LRdM7SmnjyV3g,50.0,p2pk,https://raw.githubusercontent.com/bensig/patoshi-addresses/main/patoshi_pubkeys_COMPLETE.csv
E,19338,0,1DWa6Z62t4iJPucqW4gTAs9xHm7ZR85FkJ,50.0,p2pk,https://raw.githubusercontent.com/bensig/patoshi-addresses/main/patoshi_pubkeys_COMPLETE.csv
E,19340,0,19DyGxQ1v2YsDwhBQC1nxW8Dec4AowcxWf,50.0,p2pk,https://raw.githubusercontent.com/bensig/patoshi-addresses/main/patoshi_pubkeys_COMPLETE.csv
E,19341,0,1BJ3f1Ez62QikJzA8JGxj92HWJ7FdCWSZF,50.0,p2pk,https://raw.githubusercontent.com/bensig/patoshi-addresses/main/patoshi_pubkeys_COMPLETE.csv
E,19342,0,1KXD88idjirZmaoGErEDoBM1ahjFYj7Rey,50.0,p2pk,https://raw.githubusercontent.com/bensig/patoshi-addresses/main/patoshi_pubkeys_COMPLETE.csv
E,19343,0,182tzyrC5tLF4iBtsdYqFfNdybNkW8acRX,50.0,p2pk,https://raw.githubusercontent.com/bensig/patoshi-addresses/main/patoshi_pubkeys_COMPLETE.csv
E,19344,0,16LXrZJ6rhQZWMZXf6shiH15UJHpmQSMLm,50.0,p2pk,https://raw.githubusercontent.com/bensig/patoshi-addresses/main/patoshi_pubkeys_COMPLETE.csv
E,19345,0,13SM5vKCbL8YRC3Qo8ykgR4yGFURnPaz6n,50.0,p2pk,https://raw.githubusercontent.com/bensig/patoshi-addresses/main/patoshi_pubkeys_COMPLETE.csv
E,19346,0,15tQJDP9NBtEssJpDoXytFL8fHXd975ZYk,50.0,p2pk,https://raw.githubusercontent.com/bensig/patoshi-addresses/main/patoshi_pubkeys_COMPLETE.csv
E,19347,0,1FXrNDBvRh2cK1D2cTFzbDN2gVF4AoXDxQ,50.0,p2pk,https://raw.githubusercontent.com/bensig/patoshi-addresses/main/patoshi_pubkeys_COMPLETE.csv
E,19348,0,1EeGiBs63zH2QV6HYY4PMr4J3DUxscKReQ,50.0,p2pk,https://raw.githubusercontent.com/bensig/patoshi-addresses/main/patoshi_pubkeys_COMPLETE.csv
E,19349,0,13q7JAsBskcdqft4GUjT9sLwGpx2XJHeHS,50.0,p2pk,https://raw.githubusercontent.com/bensig/patoshi-addresses/main/patoshi_pubkeys_COMPLETE.csv
E,19352,0,1EWRTNzv4VQ1JGfYnnPj8QAv5ovqXT3H5W,50.0,p2pk,https://raw.githubusercontent.com/bensig/patoshi-addresses/main/patoshi_pubkeys_COMPLETE.csv
E,19353,0,19tAEJV9PMQZHZ416SkfR8o8tZCbV1ERvn,50.0,p2pk,https://raw.githubusercontent.com/bensig/patoshi-addresses/main/patoshi_pubkeys_COMPLETE.csv
E,19354,0,17b4wbXsNY7h5dQm2FHMSRwju8p5iFefhb,50.0,p2pk,https://raw.githubusercontent.com/bensig/patoshi-addresses/main/patoshi_pubkeys_COMPLETE.csv
E,19356,0,1Q2q1KyeLrSchpqSHRoDQWpXXT82wpmbET,50.0,p2pk,https://raw.githubusercontent.com/bensig/patoshi-addresses/main/patoshi_pubkeys_COMPLETE.csv
E,19358,0,1AphDF6eVggmU6A4idbSGRr9MNn2tQ3ec3,50.0,p2pk,https://raw.githubusercontent.com/bensig/patoshi-addresses/main/patoshi_pubkeys_COMPLETE.csv
E,19359,0,1JJ2JHDZoMvU9ywXBUp9PvMjoGer7PUhR4,50.0,p2pk,https://raw.githubusercontent.com/bensig/patoshi-addresses/main/patoshi_pubkeys_COMPLETE.csv
E,19360,0,19H5ywZiEJ5xuNMSC4Wix1FMuHphZZ71gR,50.0,p2pk,https://raw.githubusercontent.com/bensig/patoshi-addresses/main/patoshi_pubkeys_COMPLETE.csv
E,19361,0,1AYcZww75otf76ajWkEp3gG6UDNF2kUZ2E,50.0,p2pk,https://raw.githubusercontent.com/bensig/patoshi-addresses/main/patoshi_pubkeys_COMPLETE.csv
E,19363,0,1JWWoTZSM2JUhuTNreiEc5NDWtrXiJfo14,50.0,p2pk,https://raw.githubusercontent.com/bensig/patoshi-addresses/main/patoshi_pubkeys_COMPLETE.csv
E,19364,0,17zhTXY82XsAMFoB8vw9HFfZwxDi9WsRPp,50.0,p2pk,https://raw.githubusercontent.com/bensig/patoshi-addresses/main/patoshi_pubkeys_COMPLETE.csv
E,19365,0,1Dr2owwe8AKC9B8YN9FxnmWDTA1FdvVryk,50.0,p2pk,https://raw.githubusercontent.com/bensig/patoshi-addresses/main/patoshi_pubkeys_COMPLETE.csv
E,19367,0,1M8JiT1eXa5KrzoWY28yT1hhYcV4uebtXC,50.0,p2pk,https://raw.githubusercontent.com/bensig/patoshi-addresses/main/patoshi_pubkeys_COMPLETE.csv
E,19368,0,1J9n2MrjhdzmgcnnaMFQuSmXtXHDbY3Kum,50.0,p2pk,https://raw.githubusercontent.com/bensig/patoshi-addresses/main/patoshi_pubkeys_COMPLETE.csv
E,19371,0,1CnMmfUEGronn5GwVeWnhau2hajzhBZDAK,50.0,p2pk,https://raw.githubusercontent.com/bensig/patoshi-addresses/main/patoshi_pubkeys_COMPLETE.csv
E,19372,0,1AzJq9DijeJwDFUxA6LwWkpw3KaxjXM9Kn,50.0,p2pk,https://raw.githubusercontent.com/bensig/patoshi-addresses/main/patoshi_pubkeys_COMPLETE.csv
E,19376,0,1KA2vznX5w8WsHCXz9ZzWkiV2B6JXjARyj,50.0,p2pk,https://raw.githubusercontent.com/bensig/patoshi-addresses/main/patoshi_pubkeys_COMPLETE.csv
E,19377,0,1GxnshuY6TvxTSn1SXDinrBLc6CYA3tu2F,50.0,p2pk,https://raw.githubusercontent.com/bensig/patoshi-addresses/main/patoshi_pubkeys_COMPLETE.csv
E,19379,0,1A8V2QRyArk2YpnfXFCNwbgCWPRKcfdhsA,50.0,p2pk,https://raw.githubusercontent.com/bensig/patoshi-addresses/main/patoshi_pubkeys_COMPLETE.csv
E,19381,0,13QFEiuqFskBYYNpoyWdRHZoaGPA9bjgHi,50.0,p2pk,https://raw.githubusercontent.com/bensig/patoshi-addresses/main/patoshi_pubkeys_COMPLETE.csv
E,19382,0,1Ca47Kqp4H5jnQ1PRYttQUK2EJ67cWEGNb,50.0,p2pk,https://raw.githubusercontent.com/bensig/patoshi-addresses/main/patoshi_pubkeys_COMPLETE.csv
E,19384,0,1Pteh9wQ9kozGC7URmCDYVthZAsgV8ecny,50.0,p2pk,https://raw.githubusercontent.com/bensig/patoshi-addresses/main/patoshi_pubkeys_COMPLETE.csv
E,19386,0,15BoEGSTU3cFUdUTXaSeepBYdDzuEWJzHt,50.0,p2pk,https://raw.githubusercontent.com/bensig/patoshi-addresses/main/patoshi_pubkeys_COMPLETE.csv
E,19387,0,16YhTRtefwVCCap9qiRss7RMgRTU6NTnR3,50.0,p2pk,https://raw.githubusercontent.com/bensig/patoshi-addresses/main/patoshi_pubkeys_COMPLETE.csv
E,19390,0,1JYfGN4TjsY98Re2muD9AUXQThabDEs2dg,50.0,p2pk,https://raw.githubusercontent.com/bensig/patoshi-addresses/main/patoshi_pubkeys_COMPLETE.csv
E,19391,0,15ykLQbfbc8DNRvr8MhJaxgcmyHqfsHoKv,50.0,p2pk,https://raw.githubusercontent.com/bensig/patoshi-addresses/main/patoshi_pubkeys_COMPLETE.csv
E,19393,0,18NoufGPgvKbakTD3HKuFFH2aqPidPq7Zn,50.0,p2pk,https://raw.githubusercontent.com/bensig/patoshi-addresses/main/patoshi_pubkeys_COMPLETE.csv
E,19394,0,1EyGnwMa2bvUWSQt8ARa1wcLpfyGedRgm,50.0,p2pk,https://raw.githubusercontent.com/bensig/patoshi-addresses/main/patoshi_pubkeys_COMPLETE.csv
E,19395,0,1GKhGEeRTznhYX4Xa6XzZjHJdf9vEaHK6k,50.0,p2pk,https://raw.githubusercontent.com/bensig/patoshi-addresses/main/patoshi_pubkeys_COMPLETE.csv
E,19397,0,1Nw2sFAFJEuMMxJpgernMKZZg2WRo6sVY9,50.0,p2pk,https://raw.githubusercontent.com/bensig/patoshi-addresses/main/patoshi_pubkeys_COMPLETE.csv
E,19398,0,1FYsMTz2vfaHX74yLFpuiHnL44uUkYTRVw,50.0,p2pk,https://raw.githubusercontent.com/bensig/patoshi-addresses/main/patoshi_pubkeys_COMPLETE.csv
E,19399,0,1MgLKZ4yyu2W2qoR3FJCHpF7i9MaH1bjPM,50.0,p2pk,https://raw.githubusercontent.com/bensig/patoshi-addresses/main/patoshi_pubkeys_COMPLETE.csv
E,19400,0,18xLVuL2rXRrgcu1VuhPXPdvELztphPXSK,50.0,p2pk,https://raw.githubusercontent.com/bensig/patoshi-addresses/main/patoshi_pubkeys_COMPLETE.csv
E,19402,0,16tkhmJdsrPptdAUGWDDFUieURqK7s7UsR,50.0,p2pk,https://raw.githubusercontent.com/bensig/patoshi-addresses/main/patoshi_pubkeys_COMPLETE.csv
E,19406,0,1Bq5a8LGQVmf2afg6qbbkH7GfUNLK54dT4,50.0,p2pk,https://raw.githubusercontent.com/bensig/patoshi-addresses/main/patoshi_pubkeys_COMPLETE.csv
E,19407,0,1LHN8VCEr4YjhkPk2ku9hHLznhpTogTbEH,50.0,p2pk,https://raw.githubusercontent.com/bensig/patoshi-addresses/main/patoshi_pubkeys_COMPLETE.csv
E,19408,0,1AFcjnw7HqMQd3uojQsLAHVP6L7qUXTTto,50.0,p2pk,https://raw.githubusercontent.com/bensig/patoshi-addresses/main/patoshi_pubkeys_COMPLETE.csv
E,19409,0,1L3wjML7jVh37gVpBDkTjwCiSSkRCuzUAo,50.0,p2pk,https://raw.githubusercontent.com/bensig/patoshi-addresses/main/patoshi_pubkeys_COMPLETE.csv
E,19410,0,15wjtL99tw35FAaCxtuEjGW36AFjtLnnS7,50.0,p2pk,https://raw.githubusercontent.com/bensig/patoshi-addresses/main/patoshi_pubkeys_COMPLETE.csv
E,19411,0,19EiXXw4vz28oKsf6wqLiitMPR6rePeD7g,50.0,p2pk,https://raw.githubusercontent.com/bensig/patoshi-addresses/main/patoshi_pubkeys_COMPLETE.csv
E,19412,0,1BVMVm5a4Nf4W9DqpJYJ92xMscxbqe6UHa,50.0,p2pk,https://raw.githubusercontent.com/bensig/patoshi-addresses/main/patoshi_pubkeys_COMPLETE.csv
E,19415,0,1D7GHAYCsxJJZNxodeJwv9WrLWdtgMj2xy,50.0,p2pk,https://raw.githubusercontent.com/bensig/patoshi-addresses/main/patoshi_pubkeys_COMPLETE.csv
E,19418,0,1xNeth1GzFCHAczsReRM6gGx4cki9pyk9,50.0,p2pk,https://raw.githubusercontent.com/bensig/patoshi-addresses/main/patoshi_pubkeys_COMPLETE.csv
E,19419,0,1FhxobLEuHBN9bSmbvMZ8kJFXdRd1oFkmJ,50.0,p2pk,https://raw.githubusercontent.com/bensig/patoshi-addresses/main/patoshi_pubkeys_COMPLETE.csv
E,19421,0,18twHBhrnX6ipTQ6MqVwnrLS8kov4ZmmC2,50.0,p2pk,https://raw.githubusercontent.com/bensig/patoshi-addresses/main/patoshi_pubkeys_COMPLETE.csv
E,19424,0,15tYmb1Vfe1cNb8D5v6giivdYkhZxcccUq,50.0,p2pk,https://raw.githubusercontent.com/bensig/patoshi-addresses/main/patoshi_pubkeys_COMPLETE.csv
E,19425,0,1NCSW8G74QfmsU5iinVP65XiNXrfFdCmHQ,50.0,p2pk,https://raw.githubusercontent.com/bensig/patoshi-addresses/main/patoshi_pubkeys_COMPLETE.csv
E,19426,0,1KYd9q2kygmthhXkYrsm2SKjZNp5Vykgjo,50.0,p2pk,https://raw.githubusercontent.com/bensig/patoshi-addresses/main/patoshi_pubkeys_COMPLETE.csv
E,19427,0,1JMaJRn4qJ7snn3nsHpJFXdBdEKRuAkKJ8,50.0,p2pk,https://raw.githubusercontent.com/bensig/patoshi-addresses/main/patoshi_pubkeys_COMPLETE.csv
E,19429,0,1xaQuDQnUkg4yCNzMrdjzFwBxt2RpSaaS,50.0,p2pk,https://raw.githubusercontent.com/bensig/patoshi-addresses/main/patoshi_pubkeys_COMPLETE.csv
E,19430,0,1Fm7cBbANXpar5UHNUVyhyabjVtpp8L3hN,50.0,p2pk,https://raw.githubusercontent.com/bensig/patoshi-addresses/main/patoshi_pubkeys_COMPLETE.csv
E,19431,0,18ti1r2JKcFRx439FcHFSpw1aRP7LkUjBH,50.0,p2pk,https://raw.githubusercontent.com/bensig/patoshi-addresses/main/patoshi_pubkeys_COMPLETE.csv
E,19433,0,1EmVbACVRxPzJRuUB1J5Z6Wv69RJ5aamjE,50.0,p2pk,https://raw.githubusercontent.com/bensig/patoshi-addresses/main/patoshi_pubkeys_COMPLETE.csv
E,19434,0,1NQgXhRqsLptLVk6zrA5wv1epCagZaxJnX,50.0,p2pk,https://raw.githubusercontent.com/bensig/patoshi-addresses/main/patoshi_pubkeys_COMPLETE.csv
E,19436,0,18wLkWR52i5DTr3zJjjrEMcm3cmwNcME8N,50.0,p2pk,https://raw.githubusercontent.com/bensig/patoshi-addresses/main/patoshi_pubkeys_COMPLETE.csv
E,19438,0,1DdMwHcnkZkfjrrETUL4bUpyHHaAHk61Js,50.0,p2pk,https://raw.githubusercontent.com/bensig/patoshi-addresses/main/patoshi_pubkeys_COMPLETE.csv
E,19439,0,1PWsJU8rt2sqVxhATQC5qoJZ3mcSRdC5GQ,50.0,p2pk,https://raw.githubusercontent.com/bensig/patoshi-addresses/main/patoshi_pubkeys_COMPLETE.csv
E,19440,0,1BxhhSbxz6B8tu6tx2dhgP7wrfKA79mXoN,50.0,p2pk,https://raw.githubusercontent.com/bensig/patoshi-addresses/main/patoshi_pubkeys_COMPLETE.csv
E,19441,0,17Pu8HaQ23Wg5kauTkAagEJ6HverXLLeL7,50.0,p2pk,https://raw.githubusercontent.com/bensig/patoshi-addresses/main/patoshi_pubkeys_COMPLETE.csv
E,19443,0,1BWPeTaFR3LyMYU8hxXYhSF3V4zVvtpzYM,50.0,p2pk,https://raw.githubusercontent.com/bensig/patoshi-addresses/main/patoshi_pubkeys_COMPLETE.csv
E,19444,0,1CihJYoQDomkwgvMt5nrP6gQTLd8NxhRKE,50.0,p2pk,https://raw.githubusercontent.com/bensig/patoshi-addresses/main/patoshi_pubkeys_COMPLETE.csv
E,19445,0,1KW4nb9L3WdLyY7JAopF9Pjj6A11q9qfcg,50.0,p2pk,https://raw.githubusercontent.com/bensig/patoshi-addresses/main/patoshi_pubkeys_COMPLETE.csv
E,19446,0,1CGscXEs9hdKryh7ei4UmpYBdZWfkYKRvU,50.0,p2pk,https://raw.githubusercontent.com/bensig/patoshi-addresses/main/patoshi_pubkeys_COMPLETE.csv
E,19448,0,1BQurBRsdgduU5Fuq38DhfiUtwEkMPuFzj,50.0,p2pk,https://raw.githubusercontent.com/bensig/patoshi-addresses/main/patoshi_pubkeys_COMPLETE.csv
E,19449,0,1NMGoyh74GUD3652HjcjbSM5pV3YxkEgXa,50.0,p2pk,https://raw.githubusercontent.com/bensig/patoshi-addresses/main/patoshi_pubkeys_COMPLETE.csv
E,19451,0,15ynSMvJTB8tzXXPWaE9mrjJf75vi2voqn,50.0,p2pk,https://raw.githubusercontent.com/bensig/patoshi-addresses/main/patoshi_pubkeys_COMPLETE.csv
E,19452,0,18uTh1uZyzHQ4u7vR6YkHfZCayWtWJMuKY,50.0,p2pk,https://raw.githubusercontent.com/bensig/patoshi-addresses/main/patoshi_pubkeys_COMPLETE.csv
E,19454,0,1LbKpZPAVjBJScqDtb7miKV9eguZDwGeYc,50.0,p2pk,https://raw.githubusercontent.com/bensig/patoshi-addresses/main/patoshi_pubkeys_COMPLETE.csv
E,19455,0,159TcPhmCLZydZF8bUXvEmNZEwJVMvAdRu,50.0,p2pk,https://raw.githubusercontent.com/bensig/patoshi-addresses/main/patoshi_pubkeys_COMPLETE.csv
E,19456,0,1HotQMmhgug5GmXqubQK1MeyyxTV8q3vZX,50.0,p2pk,https://raw.githubusercontent.com/bensig/patoshi-addresses/main/patoshi_pubkeys_COMPLETE.csv
E,19457,0,14C8LneY9PzMYxMDoDsjmLAah6jx9em1Mz,50.0,p2pk,https://raw.githubusercontent.com/bensig/patoshi-addresses/main/patoshi_pubkeys_COMPLETE.csv
E,19458,0,1Aft62ZamYN5KDAP2ctskC1o9neQYsb5dq,50.0,p2pk,https://raw.githubusercontent.com/bensig/patoshi-addresses/main/patoshi_pubkeys_COMPLETE.csv
E,19459,0,15eCQGvZ8gYfE9hpKvkkCXDGpqWdgPFrAi,50.0,p2pk,https://raw.githubusercontent.com/bensig/patoshi-addresses/main/patoshi_pubkeys_COMPLETE.csv
E,19460,0,1EyewegTcamfWMx4Hf2V3UuZwdiyPD2Gy8,50.0,p2pk,https://raw.githubusercontent.com/bensig/patoshi-addresses/main/patoshi_pubkeys_COMPLETE.csv
E,19461,0,1MfNLta7bY68jznMfaUUkkejk9SFQP2ia6,50.0,p2pk,https://raw.githubusercontent.com/bensig/patoshi-addresses/main/patoshi_pubkeys_COMPLETE.csv
E,19462,0,1QHhUfP6z2f7BshQmfaK7XWMrpBURcnw9X,50.0,p2pk,https://raw.githubusercontent.com/bensig/patoshi-addresses/main/patoshi_pubkeys_COMPLETE.csv
E,19463,0,1K6ckkfhJZieopjp4ekdMv2mYK5XzN8QYS,50.0,p2pk,https://raw.githubusercontent.com/bensig/patoshi-addresses/main/patoshi_pubkeys_COMPLETE.csv
E,19465,0,19mR3oLWsdgm5g7hFeKPHD2j6DQpo3AszY,50.0,p2pk,https://raw.githubusercontent.com/bensig/patoshi-addresses/main/patoshi_pubkeys_COMPLETE.csv
E,19466,0,1A5sFa4Jeho3jTAYnCYRyrSXSQvJi9SfVw,50.0,p2pk,https://raw.githubusercontent.com/bensig/patoshi-addresses/main/patoshi_pubkeys_COMPLETE.csv
E,19467,0,1EesywiBbUnobNw1JYkokvaeQNzNMsVtzm,50.0,p2pk,https://raw.githubusercontent.com/bensig/patoshi-addresses/main/patoshi_pubkeys_COMPLETE.csv
E,19469,0,1LBJ4mGxv8R1T6AMXG7Nt2F8rcbEMAtpuc,50.0,p2pk,https://raw.githubusercontent.com/bensig/patoshi-addresses/main/patoshi_pubkeys_COMPLETE.csv
E,19471,0,1LdwF577ZqjSZhF3oUChgjf1kjLoyfoLWt,50.0,p2pk,https://raw.githubusercontent.com/bensig/patoshi-addresses/main/patoshi_pubkeys_COMPLETE.csv
E,19472,0,1QAyHgmBazcPywPgPKCns6ExXwJbWL3qF4,50.0,p2pk,https://raw.githubusercontent.com/bensig/patoshi-addresses/main/patoshi_pubkeys_COMPLETE.csv
E,19473,0,1EwkWrkiw9fASS83iK4ULkvE8pQmfZgbrG,50.0,p2pk,https://raw.githubusercontent.com/bensig/patoshi-addresses/main/patoshi_pubkeys_COMPLETE.csv
E,19474,0,14gEpQsRkQVBqQS44cmiorNCi9ee41NrsA,50.0,p2pk,https://raw.githubusercontent.com/bensig/patoshi-addresses/main/patoshi_pubkeys_COMPLETE.csv
E,19476,0,1JSAy5YEiN6VPhuzE5DLrHbwvN8KVxsZoB,50.0,p2pk,https://raw.githubusercontent.com/bensig/patoshi-addresses/main/patoshi_pubkeys_COMPLETE.csv
E,19477,0,19Z7VvAtzwY7rsXRKNv1yCuMPThHevX7MY,50.0,p2pk,https://raw.githubusercontent.com/bensig/patoshi-addresses/main/patoshi_pubkeys_COMPLETE.csv
E,19478,0,19gFBtTCusEKnmAMdW8iJVQndYSehzjRC6,50.0,p2pk,https://raw.githubusercontent.com/bensig/patoshi-addresses/main/patoshi_pubkeys_COMPLETE.csv
E,19479,0,1JKFUBeozcPntTQaKQNDmuSXqJQ1iKzMis,50.0,p2pk,https://raw.githubusercontent.com/bensig/patoshi-addresses/main/patoshi_pubkeys_COMPLETE.csv
E,19481,0,13Dd3FSkY1fHiND6GG6hq6gKp252Tkdkka,50.0,p2pk,https://raw.githubusercontent.com/bensig/patoshi-addresses/main/patoshi_pubkeys_COMPLETE.csv
E,19482,0,16XMXb3NfEwEVwuDcPhJnYtQGbG5hYe11F,50.0,p2pk,https://raw.githubusercontent.com/bensig/patoshi-addresses/main/patoshi_pubkeys_COMPLETE.csv
E,19483,0,15W1XuCdW92dTAHFUDhfmAnNGBAFqitnPr,50.0,p2pk,https://raw.githubusercontent.com/bensig/patoshi-addresses/main/patoshi_pubkeys_COMPLETE.csv
E,19486,0,1HQHCeRHN7VvMhm6jQm9ABagrJtQTQMR1w,50.0,p2pk,https://raw.githubusercontent.com/bensig/patoshi-addresses/main/patoshi_pubkeys_COMPLETE.csv
E,19489,0,14nNDfBtysWmETzb13ZqQyskg86EnupFu6,50.0,p2pk,https://raw.githubusercontent.com/bensig/patoshi-addresses/main/patoshi_pubkeys_COMPLETE.csv
E,19490,0,17iNnMwp3wd87DQxwEqkffpovmD9gwTbn9,50.0,p2pk,https://raw.githubusercontent.com/bensig/patoshi-addresses/main/patoshi_pubkeys_COMPLETE.csv
E,19493,0,17QmTFYTdbNDyWDv8fpjni2693M9X2jWak,50.0,p2pk,https://raw.githubusercontent.com/bensig/patoshi-addresses/main/patoshi_pubkeys_COMPLETE.csv
E,19494,0,1K5mwurqudHHwxgmGGi1t1kbTrtQ47qkhm,50.0,p2pk,https://raw.githubusercontent.com/bensig/patoshi-addresses/main/patoshi_pubkeys_COMPLETE.csv
E,19495,0,1CtUQ72x6qJGVq3EgoN12FXN4BmNnZ5btz,50.0,p2pk,https://raw.githubusercontent.com/bensig/patoshi-addresses/main/patoshi_pubkeys_COMPLETE.csv
E,19496,0,15oxpAFZ8coM1aPsVmZeLZftbWN4jXowRP,50.0,p2pk,https://raw.githubusercontent.com/bensig/patoshi-addresses/main/patoshi_pubkeys_COMPLETE.csv
E,19497,0,1D5roFgo1rT3nZKSpkazAEsQnDtxAnz5aH,50.0,p2pk,https://raw.githubusercontent.com/bensig/patoshi-addresses/main/patoshi_pubkeys_COMPLETE.csv
E,19498,0,19QCjMmfNDbgXpiefC5fvof5g4i9yYbDuu,50.0,p2pk,https://raw.githubusercontent.com/bensig/patoshi-addresses/main/patoshi_pubkeys_COMPLETE.csv
E,19500,0,1NQGNeMoTvP5nmkGyQCc7JB3hWojBG4vz4,50.0,p2pk,https://raw.githubusercontent.com/bensig/patoshi-addresses/main/patoshi_pubkeys_COMPLETE.csv
E,19501,0,1CYMp8zNeRtqjDBvmssznw2H8GqgLj93FQ,50.0,p2pk,https://raw.githubusercontent.com/bensig/patoshi-addresses/main/patoshi_pubkeys_COMPLETE.csv
E,19502,0,1QC8KWWge5ay2ca4ZYA3Vi2wtKmAKGSnAE,50.0,p2pk,https://raw.githubusercontent.com/bensig/patoshi-addresses/main/patoshi_pubkeys_COMPLETE.csv
E,19503,0,1LoWStEEx2HuYEGWk8FL3ajonfBkKCeeAP,50.0,p2pk,https://raw.githubusercontent.com/bensig/patoshi-addresses/main/patoshi_pubkeys_COMPLETE.csv
E,19504,0,1CygFYJdm9k1cGoBA6zaXFhFJC6dm2UtPX,50.0,p2pk,https://raw.githubusercontent.com/bensig/patoshi-addresses/main/patoshi_pubkeys_COMPLETE.csv
E,19506,0,16gE6SAhvnz9ZnuEcBLnRW5GBa1XkgLxfF,50.0,p2pk,https://raw.githubusercontent.com/bensig/patoshi-addresses/main/patoshi_pubkeys_COMPLETE.csv
E,19507,0,1MdEEhK7v27vCTVAPmVHgcscacKe9CFquQ,50.0,p2pk,https://raw.githubusercontent.com/bensig/patoshi-addresses/main/patoshi_pubkeys_COMPLETE.csv
E,19508,0,1NaBfjtJZ7pg7YvWZSXKBcQ2VH9TgMqBCb,50.0,p2pk,https://raw.githubusercontent.com/bensig/patoshi-addresses/main/patoshi_pubkeys_COMPLETE.csv
E,19509,0,14mYbY2AptjbfWEV1RWAUHFub89bwt9Rmn,50.0,p2pk,https://raw.githubusercontent.com/bensig/patoshi-addresses/main/patoshi_pubkeys_COMPLETE.csv
E,19510,0,1FyzTMtFJEgL6dVRoTLmJQmvTsZH44SqXP,50.0,p2pk,https://raw.githubusercontent.com/bensig/patoshi-addresses/main/patoshi_pubkeys_COMPLETE.csv
E,19511,0,14xFWhXJiU7NcxoPz6cWozhSEgDPKTzDnY,50.0,p2pk,https://raw.githubusercontent.com/bensig/patoshi-addresses/main/patoshi_pubkeys_COMPLETE.csv
E,19512,0,1487PwmhRrEuo9tm3D5dt1qHvqeZbCPVUU,50.0,p2pk,https://raw.githubusercontent.com/bensig/patoshi-addresses/main/patoshi_pubkeys_COMPLETE.csv
E,19513,0,1PSCCfyZyC2pcGChQSXf1ARKQZ5jQkp6CZ,50.0,p2pk,https://raw.githubusercontent.com/bensig/patoshi-addresses/main/patoshi_pubkeys_COMPLETE.csv
E,19514,0,12JJtDbSAfeRRnnF2WWnPjkeP8A2e6N4eh,50.0,p2pk,https://raw.githubusercontent.com/bensig/patoshi-addresses/main/patoshi_pubkeys_COMPLETE.csv
E,19515,0,1CAw98BQXxiCQGgMbEfj6f5jVMdbmF4REz,50.0,p2pk,https://raw.githubusercontent.com/bensig/patoshi-addresses/main/patoshi_pubkeys_COMPLETE.csv
E,19516,0,1EXqG9ZN96UAmnV1jLwPhiYeaosVXTPx9i,50.0,p2pk,https://raw.githubusercontent.com/bensig/patoshi-addresses/main/patoshi_pubkeys_COMPLETE.csv
E,19517,0,17whxaeiHvRuXwHhZh2SMH62yzUcDwivnm,50.0,p2pk,https://raw.githubusercontent.com/bensig/patoshi-addresses/main/patoshi_pubkeys_COMPLETE.csv
E,19518,0,1ABfWobxifC91hTfm1hgbrrzRccKGbRDRb,50.0,p2pk,https://raw.githubusercontent.com/bensig/patoshi-addresses/main/patoshi_pubkeys_COMPLETE.csv
E,19519,0,1CivnHenfNXJmXhAva1ZwH1xJPakB5iQYR,50.0,p2pk,https://raw.githubusercontent.com/bensig/patoshi-addresses/main/patoshi_pubkeys_COMPLETE.csv
E,19521,0,1Gh4YTYFSmgrThgkiqoL1i6qPJdUvVAZLZ,50.0,p2pk,https://raw.githubusercontent.com/bensig/patoshi-addresses/main/patoshi_pubkeys_COMPLETE.csv
E,19523,0,1Hkt2Vbwv5oy6aSFKZHZj3svAg97qWtLX4,50.0,p2pk,https://raw.githubusercontent.com/bensig/patoshi-addresses/main/patoshi_pubkeys_COMPLETE.csv
E,19524,0,1NqxfnX43LDj3hJAhvZsPd2eWecbBCcvjQ,50.0,p2pk,https://raw.githubusercontent.com/bensig/patoshi-addresses/main/patoshi_pubkeys_COMPLETE.csv
E,19526,0,18wakToCodUjsNbege6yPqLrAZKgsXwaSE,50.0,p2pk,https://raw.githubusercontent.com/bensig/patoshi-addresses/main/patoshi_pubkeys_COMPLETE.csv
E,19528,0,1N2ADSkgJCpSSqnX8oGaH93hXngwj6MWzT,50.0,p2pk,https://raw.githubusercontent.com/bensig/patoshi-addresses/main/patoshi_pubkeys_COMPLETE.csv
E,19529,0,1HHH83QKduxuYuEpfVSZGejQGGNkbRizX4,50.0,p2pk,https://raw.githubusercontent.com/bensig/patoshi-addresses/main/patoshi_pubkeys_COMPLETE.csv
E,19530,0,1FrSkj2avsoon9ktktpWzHWJmedYVC94Aa,50.0,p2pk,https://raw.githubusercontent.com/bensig/patoshi-addresses/main/patoshi_pubkeys_COMPLETE.csv
E,19531,0,15f5gBABPTq374SAurjeYuNwAUP3LNEjeZ,50.0,p2pk,https://raw.githubusercontent.com/bensig/patoshi-addresses/main/patoshi_pubkeys_COMPLETE.csv
E,19532,0,1PxXNMvzYRBWfiGPVkRqMAoG4CG66ByQXA,50.0,p2pk,https://raw.githubusercontent.com/bensig/patoshi-addresses/main/patoshi_pubkeys_COMPLETE.csv
E,19533,0,1JYJ6bxAL8yvT9KJSsp4ZfGigG8DE54xcz,50.0,p2pk,https://raw.githubusercontent.com/bensig/patoshi-addresses/main/patoshi_pubkeys_COMPLETE.csv
E,19534,0,1EGM4rRwuGPyh5RgFCToWHspcmHmD3xCyg,50.0,p2pk,https://raw.githubusercontent.com/bensig/patoshi-addresses/main/patoshi_pubkeys_COMPLETE.csv
E,19535,0,1CnjivNUdun5T8iSw2mzPi1zuPGhbgFBEA,50.0,p2pk,https://raw.githubusercontent.com/bensig/patoshi-addresses/main/patoshi_pubkeys_COMPLETE.csv
E,19536,0,14QspEtdEHr5DBnBt2hhcerWT9omYEhXTg,50.0,p2pk,https://raw.githubusercontent.com/bensig/patoshi-addresses/main/patoshi_pubkeys_COMPLETE.csv
E,19537,0,1DkHRR6setjrxz33oGdBhS8iLkzViTDcuh,50.0,p2pk,https://raw.githubusercontent.com/bensig/patoshi-addresses/main/patoshi_pubkeys_COMPLETE.csv
E,19538,0,1AsP9tJzQYzvYtX1JaaWQFvfR4zszn8iDi,50.0,p2pk,https://raw.githubusercontent.com/bensig/patoshi-addresses/main/patoshi_pubkeys_COMPLETE.csv
E,19539,0,1Q4XHRA9t3WPEGdB6KQs2xCjNPFvG6GNWg,50.0,p2pk,https://raw.githubusercontent.com/bensig/patoshi-addresses/main/patoshi_pubkeys_COMPLETE.csv
E,19541,0,14vDRzBt9wCtsB5ksuDx9fqYBoWAJ5Firh,50.0,p2pk,https://raw.githubusercontent.com/bensig/patoshi-addresses/main/patoshi_pubkeys_COMPLETE.csv
E,19542,0,1Efwkq6wMNGdDaMynQ53rUDroZc3vxh2bv,50.0,p2pk,https://raw.githubusercontent.com/bensig/patoshi-addresses/main/patoshi_pubkeys_COMPLETE.csv
E,19543,0,134m8LXQ3A3Jw6ktD3ZK3ubxUTHbWxMeFu,50.0,p2pk,https://raw.githubusercontent.com/bensig/patoshi-addresses/main/patoshi_pubkeys_COMPLETE.csv
E,19544,0,1Q25CEZePmijq1SCyg8VJdgKWSfPY1HFGm,50.0,p2pk,https://raw.githubusercontent.com/bensig/patoshi-addresses/main/patoshi_pubkeys_COMPLETE.csv
E,19545,0,1Cz2JxCQAS3MFqGjQQBxvgnoFcdfJFaCRe,50.0,p2pk,https://raw.githubusercontent.com/bensig/patoshi-addresses/main/patoshi_pubkeys_COMPLETE.csv
E,19546,0,1MG1YEm3F9iHJGAWqAQo3guK9qVff6FYYa,50.0,p2pk,https://raw.githubusercontent.com/bensig/patoshi-addresses/main/patoshi_pubkeys_COMPLETE.csv
E,19547,0,1GhPAAL7yuzxWpojbsPbhRkohwJBsnaVpb,50.0,p2pk,https://raw.githubusercontent.com/bensig/patoshi-addresses/main/patoshi_pubkeys_COMPLETE.csv
E,19548,0,1FEwPTrYTKmiqNX4hse57GVJzo228j2Gjn,50.0,p2pk,https://raw.githubusercontent.com/bensig/patoshi-addresses/main/patoshi_pubkeys_COMPLETE.csv
E,19549,0,1FucVh6DDTaGLguhxLTKa9zqHaDypyodkz,50.0,p2pk,https://raw.githubusercontent.com/bensig/patoshi-addresses/main/patoshi_pubkeys_COMPLETE.csv
E,19551,0,1KhAJJMVMFKkhkPBeXV2RaNFyzAutBuiPc,50.0,p2pk,https://raw.githubusercontent.com/bensig/patoshi-addresses/main/patoshi_pubkeys_COMPLETE.csv
E,19552,0,1NePmCJX3aR6hgYbnhf2fGZzCG9PYQwap3,50.0,p2pk,https://raw.githubusercontent.com/bensig/patoshi-addresses/main/patoshi_pubkeys_COMPLETE.csv
E,19553,0,1KJLeLnvrp4rPAwQAUd6tZNRVjb655AsBk,50.0,p2pk,https://raw.githubusercontent.com/bensig/patoshi-addresses/main/patoshi_pubkeys_COMPLETE.csv
E,19556,0,1C6fcCXUGXP3A4ZLDTEEPsuYXQXQMAHLhS,50.0,p2pk,https://raw.githubusercontent.com/bensig/patoshi-addresses/main/patoshi_pubkeys_COMPLETE.csv
E,19557,0,17o5iX36JQ3SiGrzDv8dyCro6vUAgz4FJ5,50.0,p2pk,https://raw.githubusercontent.com/bensig/patoshi-addresses/main/patoshi_pubkeys_COMPLETE.csv
E,19559,0,18Bt7A7ZUVXh7sTJhyaQAwLNS8qLWQZEyR,50.0,p2pk,https://raw.githubusercontent.com/bensig/patoshi-addresses/main/patoshi_pubkeys_COMPLETE.csv
E,19560,0,17tGwuq9uLvB7VKMcxS9dizat5MfMeViZy,50.0,p2pk,https://raw.githubusercontent.com/bensig/patoshi-addresses/main/patoshi_pubkeys_COMPLETE.csv
E,19562,0,1NyhFxb4JhPi2GWUzFTW21RN7x66CVQKEB,50.0,p2pk,https://raw.githubusercontent.com/bensig/patoshi-addresses/main/patoshi_pubkeys_COMPLETE.csv
E,19563,0,1XE1B8UB1c9gYDduP32uhJYNbibHauSdQ,50.0,p2pk,https://raw.githubusercontent.com/bensig/patoshi-addresses/main/patoshi_pubkeys_COMPLETE.csv
E,19564,0,19gtmRwQdMFyweJsCCM1XrSghZReDf4eVF,50.0,p2pk,https://raw.githubusercontent.com/bensig/patoshi-addresses/main/patoshi_pubkeys_COMPLETE.csv
E,19565,0,1Q3h6ZgKASF4ZZQCfwie4wNtsBvJ7Kw5ic,50.0,p2pk,https://raw.githubusercontent.com/bensig/patoshi-addresses/main/patoshi_pubkeys_COMPLETE.csv
E,19566,0,1KtPNtEeJb3UTnTqj9YeCn32hBwaEU1Xs2,50.0,p2pk,https://raw.githubusercontent.com/bensig/patoshi-addresses/main/patoshi_pubkeys_COMPLETE.csv
E,19568,0,1Hv6Pq6iv1UsNnU4xQzVerg8c2WPukGTNv,50.0,p2pk,https://raw.githubusercontent.com/bensig/patoshi-addresses/main/patoshi_pubkeys_COMPLETE.csv
E,19569,0,16q4xc6dADA8Betna2YhJopT8au5uEkUB,50.0,p2pk,https://raw.githubusercontent.com/bensig/patoshi-addresses/main/patoshi_pubkeys_COMPLETE.csv
E,19570,0,1KceeszEVGW7Bw1UabXTUWLLj1Z9Br76ad,50.0,p2pk,https://raw.githubusercontent.com/bensig/patoshi-addresses/main/patoshi_pubkeys_COMPLETE.csv
E,19571,0,1KrSHmZWSUinTFMtPCkpXKCePn4hFCfMhv,50.0,p2pk,https://raw.githubusercontent.com/bensig/patoshi-addresses/main/patoshi_pubkeys_COMPLETE.csv
E,19572,0,1NfpAb5rtLBeTqLynV7dSVn1RKJuvdkzm4,50.0,p2pk,https://raw.githubusercontent.com/bensig/patoshi-addresses/main/patoshi_pubkeys_COMPLETE.csv
E,19573,0,1L9rFm3Shuh4eDEgNdR6LiHh4gdDiHbvQD,50.0,p2pk,https://raw.githubusercontent.com/bensig/patoshi-addresses/main/patoshi_pubkeys_COMPLETE.csv
E,19574,0,1Nv8Cj7WyP3YtyfX5EpTJKUuGC5CUVWAYo,50.0,p2pk,https://raw.githubusercontent.com/bensig/patoshi-addresses/main/patoshi_pubkeys_COMPLETE.csv
E,19575,0,165BByG8RdKCLKfk457BSeCbDscmSu39cB,50.0,p2pk,https://raw.githubusercontent.com/bensig/patoshi-addresses/main/patoshi_pubkeys_COMPLETE.csv
E,19576,0,12Y4CsrsLXwmg7NN8ULLKdvZPibf6GLHSA,50.0,p2pk,https://raw.githubusercontent.com/bensig/patoshi-addresses/main/patoshi_pubkeys_COMPLETE.csv
E,19577,0,1BttR2v7fbnokpaPGNK3A2gAok1Lk8v2ko,50.0,p2pk,https://raw.githubusercontent.com/bensig/patoshi-addresses/main/patoshi_pubkeys_COMPLETE.csv
E,19578,0,1PVRjHfH1DMhXKLuPw2qdhgKW73euoKDbn,50.0,p2pk,https://raw.githubusercontent.com/bensig/patoshi-addresses/main/patoshi_pubkeys_COMPLETE.csv
E,19579,0,15k3Jdpz4oLPf7H6sJkw2Ys1fuDKrH5Rno,50.0,p2pk,https://raw.githubusercontent.com/bensig/patoshi-addresses/main/patoshi_pubkeys_COMPLETE.csv
E,19580,0,1EgL8wFD8zZNbyuctyWr4TSFE1tbGM5NWN,50.0,p2pk,https://raw.githubusercontent.com/bensig/patoshi-addresses/main/patoshi_pubkeys_COMPLETE.csv
E,19581,0,18NfG68UxgddNeYL9352WWazyzQ9UQ8uiZ,50.0,p2pk,https://raw.githubusercontent.com/bensig/patoshi-addresses/main/patoshi_pubkeys_COMPLETE.csv
E,19583,0,1LYt8LXcyPkDLVDdYzsD2Pm6CAzBwetcUd,50.0,p2pk,https://raw.githubusercontent.com/bensig/patoshi-addresses/main/patoshi_pubkeys_COMPLETE.csv
E,19587,0,1FLbNHfB49RGC4uJrybbpWkUtX9XL774gA,50.0,p2pk,https://raw.githubusercontent.com/bensig/patoshi-addresses/main/patoshi_pubkeys_COMPLETE.csv
E,19588,0,1s7yne9p9eaJtTPVZYbCcBvjZggkqmWDC,50.0,p2pk,https://raw.githubusercontent.com/bensig/patoshi-addresses/main/patoshi_pubkeys_COMPLETE.csv
E,19589,0,1Hncr6QffazY6GcwD6LfhBsNcapBkGaqWS,50.0,p2pk,https://raw.githubusercontent.com/bensig/patoshi-addresses/main/patoshi_pubkeys_COMPLETE.csv
E,19590,0,1EJkToqAat7BZHM7vbnmbdNtPHbFb59xJd,50.0,p2pk,https://raw.githubusercontent.com/bensig/patoshi-addresses/main/patoshi_pubkeys_COMPLETE.csv
E,19592,0,17AsbMCQRGm8piZQZ66PBswN43zv1Q3hRi,50.0,p2pk,https://raw.githubusercontent.com/bensig/patoshi-addresses/main/patoshi_pubkeys_COMPLETE.csv
E,19593,0,16WjTHPJosSsAb8Qj26dyqNLzEKrERb4ha,50.0,p2pk,https://raw.githubusercontent.com/bensig/patoshi-addresses/main/patoshi_pubkeys_COMPLETE.csv
E,19594,0,1G9wToYD3Z7dfUqYjvJTkCJmJYoEaYcBic,50.0,p2pk,https://raw.githubusercontent.com/bensig/patoshi-addresses/main/patoshi_pubkeys_COMPLETE.csv
E,19595,0,1HKrrkdvnU8UKyiA3X1PjT84NWZjPzXxAg,50.0,p2pk,https://raw.githubusercontent.com/bensig/patoshi-addresses/main/patoshi_pubkeys_COMPLETE.csv
E,19596,0,1HKV6QyCJgydjd5PAsRtr8SDvtfp2tjBnc,50.0,p2pk,https://raw.githubusercontent.com/bensig/patoshi-addresses/main/patoshi_pubkeys_COMPLETE.csv
E,19597,0,1NNgkZDA1QetSQcBfZE7LQeq2W73SB8bQP,50.0,p2pk,https://raw.githubusercontent.com/bensig/patoshi-addresses/main/patoshi_pubkeys_COMPLETE.csv
E,19598,0,1Ki2YvLxUg8s4BC1tPXzKEh68kJ6yJEd3B,50.0,p2pk,https://raw.githubusercontent.com/bensig/patoshi-addresses/main/patoshi_pubkeys_COMPLETE.csv
E,19601,0,19VztTYo8nauZAhFMpVNyrB9Ph9RoiGWC7,50.0,p2pk,https://raw.githubusercontent.com/bensig/patoshi-addresses/main/patoshi_pubkeys_COMPLETE.csv
E,19602,0,1AGEVUX44Gdhu8iwAKvm54CTLUUBBu7tdN,50.0,p2pk,https://raw.githubusercontent.com/bensig/patoshi-addresses/main/patoshi_pubkeys_COMPLETE.csv
E,19603,0,1KUEXoHpx4SVsSn3aAb2npL85GSdrGLQKh,50.0,p2pk,https://raw.githubusercontent.com/bensig/patoshi-addresses/main/patoshi_pubkeys_COMPLETE.csv
E,19604,0,1PJx8eDqMc8A1LggMFMo5ix1YXqJW1yfGe,50.0,p2pk,https://raw.githubusercontent.com/bensig/patoshi-addresses/main/patoshi_pubkeys_COMPLETE.csv
E,19605,0,1NKQnpjL26aXVrDwkthTQAktK8RGXNQF6R,50.0,p2pk,https://raw.githubusercontent.com/bensig/patoshi-addresses/main/patoshi_pubkeys_COMPLETE.csv
E,19606,0,1JaMuZSQh14T1SsUVVezXZH8HEKXW6cQHZ,50.0,p2pk,https://raw.githubusercontent.com/bensig/patoshi-addresses/main/patoshi_pubkeys_COMPLETE.csv
E,19607,0,1ChjjZV1UwUuWrNZDG5FzXDj1rMVcPdbuR,50.0,p2pk,https://raw.githubusercontent.com/bensig/patoshi-addresses/main/patoshi_pubkeys_COMPLETE.csv
E,19608,0,1KkEaMmkrDP1t8qkJ1fYv8YK4Ct8HqGE4x,50.0,p2pk,https://raw.githubusercontent.com/bensig/patoshi-addresses/main/patoshi_pubkeys_COMPLETE.csv
E,19609,0,1F8NVnDw5d2WJ8JGoZGeye36KQJwcvBbAc,50.0,p2pk,https://raw.githubusercontent.com/bensig/patoshi-addresses/main/patoshi_pubkeys_COMPLETE.csv
E,19610,0,1CCJ4Du9ig9nSNnSrwiGSa1wmtdQuniUd,50.0,p2pk,https://raw.githubusercontent.com/bensig/patoshi-addresses/main/patoshi_pubkeys_COMPLETE.csv
E,19611,0,1JRiMaDeEUpRxLEur9zgG4DEPTYbcu5onY,50.0,p2pk,https://raw.githubusercontent.com/bensig/patoshi-addresses/main/patoshi_pubkeys_COMPLETE.csv
E,19612,0,1Nd3ZoXJukaMh2UmrckZMx9r2CjejsKgy1,50.0,p2pk,https://raw.githubusercontent.com/bensig/patoshi-addresses/main/patoshi_pubkeys_COMPLETE.csv
E,19613,0,1Pz9EVUSijNTsYbvvedUjLHYkzyhRdVrnd,50.0,p2pk,https://raw.githubusercontent.com/bensig/patoshi-addresses/main/patoshi_pubkeys_COMPLETE.csv
E,19614,0,1DXRb8BXHLwCXkjzFuTV97E1Ap5jtYuSkV,50.0,p2pk,https://raw.githubusercontent.com/bensig/patoshi-addresses/main/patoshi_pubkeys_COMPLETE.csv
E,19615,0,1C4edZBAUSLcgkvPLLA6AtNLRyaiyFpiSa,50.0,p2pk,https://raw.githubusercontent.com/bensig/patoshi-addresses/main/patoshi_pubkeys_COMPLETE.csv
E,19616,0,1GmfDUAmPpicS4QMCCEs6Qkcjt7XZCXDGh,50.0,p2pk,https://raw.githubusercontent.com/bensig/patoshi-addresses/main/patoshi_pubkeys_COMPLETE.csv
E,19617,0,18RY3fqaLy3S4fKcExuzENGPN4s6NrJgrw,50.0,p2pk,https://raw.githubusercontent.com/bensig/patoshi-addresses/main/patoshi_pubkeys_COMPLETE.csv
E,19618,0,1Prz11j5YFsnbJmQTK88vTxxfJxi5sgbYp,50.0,p2pk,https://raw.githubusercontent.com/bensig/patoshi-addresses/main/patoshi_pubkeys_COMPLETE.csv
E,19619,0,134FUoR2MQumWZ1gJBjDLMYC2WupqVzVfJ,50.0,p2pk,https://raw.githubusercontent.com/bensig/patoshi-addresses/main/patoshi_pubkeys_COMPLETE.csv
E,19621,0,1NRHqJANeTkZVBxonYHMjGrra8fFbATzAw,50.0,p2pk,https://raw.githubusercontent.com/bensig/patoshi-addresses/main/patoshi_pubkeys_COMPLETE.csv
E,19622,0,17N2VgdvjWqucUyTfL5P94XmeuRQPZtb8p,50.0,p2pk,https://raw.githubusercontent.com/bensig/patoshi-addresses/main/patoshi_pubkeys_COMPLETE.csv
E,19623,0,1C1aVCzC4GtcyZwhii4upgAqfSJjjkNGLJ,50.0,p2pk,https://raw.githubusercontent.com/bensig/patoshi-addresses/main/patoshi_pubkeys_COMPLETE.csv
E,19625,0,1LKyDv538GhS2K3umBVDamqCoG2Msj4FG5,50.0,p2pk,https://raw.githubusercontent.com/bensig/patoshi-addresses/main/patoshi_pubkeys_COMPLETE.csv
E,19626,0,1Fw3VyxE2ZDiX5Rmf95c5kKVvYM8fAwZut,50.0,p2pk,https://raw.githubusercontent.com/bensig/patoshi-addresses/main/patoshi_pubkeys_COMPLETE.csv
E,19628,0,1HgwwSXkuuKpvMYtxN2ETnY38cfqHWaAy,50.0,p2pk,https://raw.githubusercontent.com/bensig/patoshi-addresses/main/patoshi_pubkeys_COMPLETE.csv
E,19630,0,14MutUKzAPA4bKsjKdbMZAvmSUdF5jknQi,50.0,p2pk,https://raw.githubusercontent.com/bensig/patoshi-addresses/main/patoshi_pubkeys_COMPLETE.csv
E,19632,0,15onaNrGUeePVS5wA4mdWqPA1eU3nV3SKm,50.0,p2pk,https://raw.githubusercontent.com/bensig/patoshi-addresses/main/patoshi_pubkeys_COMPLETE.csv
E,19633,0,16Vy9EkZFZw6nEHfhNNKH2zRWmkH5e8izM,50.0,p2pk,https://raw.githubusercontent.com/bensig/patoshi-addresses/main/patoshi_pubkeys_COMPLETE.csv
E,19634,0,1HJAGFkjDmxf7K4n1y6tZrTo3q1mN38zbT,50.0,p2pk,https://raw.githubusercontent.com/bensig/patoshi-addresses/main/patoshi_pubkeys_COMPLETE.csv
E,19635,0,12SEdxfzNF8wo9a8mAFHwLWSCJEHT974qX,50.0,p2pk,https://raw.githubusercontent.com/bensig/patoshi-addresses/main/patoshi_pubkeys_COMPLETE.csv
E,19637,0,1BKj5ZUQVw6DoMZcbU5T8NoscawJrAL3mw,50.0,p2pk,https://raw.githubusercontent.com/bensig/patoshi-addresses/main/patoshi_pubkeys_COMPLETE.csv
E,19638,0,1Kgiy5fTqSZiWKqA7i4pP6hak8SDvv1b9c,50.0,p2pk,https://raw.githubusercontent.com/bensig/patoshi-addresses/main/patoshi_pubkeys_COMPLETE.csv
E,19639,0,16nKZDrd4A5deAka6BVEvbdropVyYbP7Hq,50.0,p2pk,https://raw.githubusercontent.com/bensig/patoshi-addresses/main/patoshi_pubkeys_COMPLETE.csv
E,19640,0,1HP9e9MqtdYjU8CJdPkNdn6Vd4XnWBxUaj,50.0,p2pk,https://raw.githubusercontent.com/bensig/patoshi-addresses/main/patoshi_pubkeys_COMPLETE.csv
E,19641,0,164TZWkL7dLSg2yQQMf41a5mReo3nbtAQc,50.0,p2pk,https://raw.githubusercontent.com/bensig/patoshi-addresses/main/patoshi_pubkeys_COMPLETE.csv
E,19642,0,1BnNEntTAGkRBQma1bdRu4mytcnW9vwSCC,50.0,p2pk,https://raw.githubusercontent.com/bensig/patoshi-addresses/main/patoshi_pubkeys_COMPLETE.csv
E,19643,0,12vWdYNie8aWBQHSqscxRw1fS9WN8qzh7v,50.0,p2pk,https://raw.githubusercontent.com/bensig/patoshi-addresses/main/patoshi_pubkeys_COMPLETE.csv
E,19644,0,1JdyTPravg76FH53dXZxQpSczhwR7ainKG,50.0,p2pk,https://raw.githubusercontent.com/bensig/patoshi-addresses/main/patoshi_pubkeys_COMPLETE.csv
E,19645,0,1523A8FZnTotyLhDiFiYggUUXinQvn18W6,50.0,p2pk,https://raw.githubusercontent.com/bensig/patoshi-addresses/main/patoshi_pubkeys_COMPLETE.csv
E,19646,0,18567UevKY9a7enJaYat7haQNw99GhKqXt,50.0,p2pk,https://raw.githubusercontent.com/bensig/patoshi-addresses/main/patoshi_pubkeys_COMPLETE.csv
E,19648,0,1BwwF6xSL1BK6nP7WtZrZM2WzdrRtTbmyN,50.0,p2pk,https://raw.githubusercontent.com/bensig/patoshi-addresses/main/patoshi_pubkeys_COMPLETE.csv
E,19649,0,17JS2Qptpqw3FTNnd4yoDW47ZcDuj3bvy1,50.0,p2pk,https://raw.githubusercontent.com/bensig/patoshi-addresses/main/patoshi_pubkeys_COMPLETE.csv
E,19650,0,1PA6oRLhkWR2nUyTc915DzUbznYGrjyMJE,50.0,p2pk,https://raw.githubusercontent.com/bensig/patoshi-addresses/main/patoshi_pubkeys_COMPLETE.csv
E,19652,0,1LewonK4JjTyJtUXrS8eQ4wFxhT4nwn5kT,50.0,p2pk,https://raw.githubusercontent.com/bensig/patoshi-addresses/main/patoshi_pubkeys_COMPLETE.csv
E,19653,0,19atKT8d2VrmTR8AJ9tNWR2JYiwtPphy92,50.0,p2pk,https://raw.githubusercontent.com/bensig/patoshi-addresses/main/patoshi_pubkeys_COMPLETE.csv
E,19654,0,13ByTH8d8exTRLb6yT7WAF4rMb2KhT99hy,50.0,p2pk,https://raw.githubusercontent.com/bensig/patoshi-addresses/main/patoshi_pubkeys_COMPLETE.csv
E,19656,0,13e4V2WyDqsPPP4ETuP9LDh5cBsjKWdGhU,50.0,p2pk,https://raw.githubusercontent.com/bensig/patoshi-addresses/main/patoshi_pubkeys_COMPLETE.csv
E,19657,0,1mVxybvRjPTn5NZh3NVo1vsSMArmiLSKt,50.0,p2pk,https://raw.githubusercontent.com/bensig/patoshi-addresses/main/patoshi_pubkeys_COMPLETE.csv
E,19658,0,18X3aDTEuceKBQeELp6qN7XypRucr4kLsX,50.0,p2pk,https://raw.githubusercontent.com/bensig/patoshi-addresses/main/patoshi_pubkeys_COMPLETE.csv
E,19662,0,1CpQsqmqM4UqBtAGGsPKpFdUFnpBgLE7ff,50.0,p2pk,https://raw.githubusercontent.com/bensig/patoshi-addresses/main/patoshi_pubkeys_COMPLETE.csv
E,19665,0,15ZapMZN8hEzAfzg6jDszUn7k1HodPLRBZ,50.0,p2pk,https://raw.githubusercontent.com/bensig/patoshi-addresses/main/patoshi_pubkeys_COMPLETE.csv
E,19666,0,15TRuHMKoGcHFdzz9wVRQhamzfj1pcm7qB,50.0,p2pk,https://raw.githubusercontent.com/bensig/patoshi-addresses/main/patoshi_pubkeys_COMPLETE.csv
E,19667,0,1JhvxpXxSQUiThcXGKtksya7QEHM7mCoue,50.0,p2pk,https://raw.githubusercontent.com/bensig/patoshi-addresses/main/patoshi_pubkeys_COMPLETE.csv
E,19668,0,1D9J41svLxv7v3u7jsqmt1AsjZTSxZJ4Kt,50.0,p2pk,https://raw.githubusercontent.com/bensig/patoshi-addresses/main/patoshi_pubkeys_COMPLETE.csv
E,19669,0,181BASuZpPiEZmpW8G5Hn3p6fd3G9tctFH,50.0,p2pk,https://raw.githubusercontent.com/bensig/patoshi-addresses/main/patoshi_pubkeys_COMPLETE.csv
E,19670,0,1Dpdynpj5qRgJbJxVojQaYjntujfasFd2F,50.0,p2pk,https://raw.githubusercontent.com/bensig/patoshi-addresses/main/patoshi_pubkeys_COMPLETE.csv
E,19672,0,19Pu9pMkZTTM117tNfFsT8HaAn346DtwNb,50.0,p2pk,https://raw.githubusercontent.com/bensig/patoshi-addresses/main/patoshi_pubkeys_COMPLETE.csv
E,19673,0,1Pzv6iWQQGLQMdA7KkXaiWuRUCggvWTU4t,50.0,p2pk,https://raw.githubusercontent.com/bensig/patoshi-addresses/main/patoshi_pubkeys_COMPLETE.csv
E,19674,0,1aLzMs5ELGGvc2VCDKCYrKcTwCsFXKHqp,50.0,p2pk,https://raw.githubusercontent.com/bensig/patoshi-addresses/main/patoshi_pubkeys_COMPLETE.csv
E,19675,0,1JqMWoxK6AoUcRt6vijN1zzA3mCq6umian,50.0,p2pk,https://raw.githubusercontent.com/bensig/patoshi-addresses/main/patoshi_pubkeys_COMPLETE.csv
E,19676,0,1JW9UrNXCqikcX3snCLRRQaf9Bn2qg3vgN,50.0,p2pk,https://raw.githubusercontent.com/bensig/patoshi-addresses/main/patoshi_pubkeys_COMPLETE.csv
E,19677,0,1Df6igMuNsdZEXF1XFbmjo3uytoGFTNGAV,50.0,p2pk,https://raw.githubusercontent.com/bensig/patoshi-addresses/main/patoshi_pubkeys_COMPLETE.csv
E,19678,0,1HuJxzi7fMjBThj2p2SpzdRnKpdzecdgYL,50.0,p2pk,https://raw.githubusercontent.com/bensig/patoshi-addresses/main/patoshi_pubkeys_COMPLETE.csv
E,19679,0,1GjwDQBeMM19pJC4Ua8LXjezd3HLrnFPiJ,50.0,p2pk,https://raw.githubusercontent.com/bensig/patoshi-addresses/main/patoshi_pubkeys_COMPLETE.csv
E,19681,0,1NpcfuvtyY85nw3oc7kdB9mS5KP8rzbt1i,50.0,p2pk,https://raw.githubusercontent.com/bensig/patoshi-addresses/main/patoshi_pubkeys_COMPLETE.csv
E,19682,0,1A9NuDFHtxxAzvcJgcB5oZxNNQ2NABuw5n,50.0,p2pk,https://raw.githubusercontent.com/bensig/patoshi-addresses/main/patoshi_pubkeys_COMPLETE.csv
E,19684,0,1GrLfW8PW7gc9KKi6jJbFwyJTFuKiPcB6H,50.0,p2pk,https://raw.githubusercontent.com/bensig/patoshi-addresses/main/patoshi_pubkeys_COMPLETE.csv
E,19686,0,1EDaKZPeaTWd7Hy4GNypXKETpXxXmiWjDh,50.0,p2pk,https://raw.githubusercontent.com/bensig/patoshi-addresses/main/patoshi_pubkeys_COMPLETE.csv
E,19688,0,1NADj1D6NneohrdcVY3iRamq51bTVbigds,50.0,p2pk,https://raw.githubusercontent.com/bensig/patoshi-addresses/main/patoshi_pubkeys_COMPLETE.csv
E,19689,0,1EXbph1HSstBniwfu6rsi29DBFQw5Zadm8,50.0,p2pk,https://raw.githubusercontent.com/bensig/patoshi-addresses/main/patoshi_pubkeys_COMPLETE.csv
E,19690,0,1BJLGkdTPiBJSfDxfKWo8Q2EAwne2uPVqM,50.0,p2pk,https://raw.githubusercontent.com/bensig/patoshi-addresses/main/patoshi_pubkeys_COMPLETE.csv
E,19692,0,19L6i7x6rGd15xfsavWFRnP2XcfSjppS1d,50.0,p2pk,https://raw.githubusercontent.com/bensig/patoshi-addresses/main/patoshi_pubkeys_COMPLETE.csv
E,19693,0,1QJBss9tzV5uuoKT5ewPo4iXBJNTyPfnfr,50.0,p2pk,https://raw.githubusercontent.com/bensig/patoshi-addresses/main/patoshi_pubkeys_COMPLETE.csv
E,19694,0,1C8QFfoB62ccimdd1YSw8YCN88huqtcmAY,50.0,p2pk,https://raw.githubusercontent.com/bensig/patoshi-addresses/main/patoshi_pubkeys_COMPLETE.csv
E,19695,0,1BZLvu3qUhm4wiMfX67Byey8iJsy4dwk3K,50.0,p2pk,https://raw.githubusercontent.com/bensig/patoshi-addresses/main/patoshi_pubkeys_COMPLETE.csv
E,19696,0,1Citgh96pdR8ChHbjp5bcUGPb19hkxcbRZ,50.0,p2pk,https://raw.githubusercontent.com/bensig/patoshi-addresses/main/patoshi_pubkeys_COMPLETE.csv
E,19697,0,1GuV1Y2JynmarP3jUUjw4rGN4PiXRyu2Pe,50.0,p2pk,https://raw.githubusercontent.com/bensig/patoshi-addresses/main/patoshi_pubkeys_COMPLETE.csv
E,19698,0,12seFChgGJZ5QC9HnzsJKeeBSrwobss93f,50.0,p2pk,https://raw.githubusercontent.com/bensig/patoshi-addresses/main/patoshi_pubkeys_COMPLETE.csv
E,19700,0,1A9swfNCQ8hTgQtLfai8KZpE5GTcoeUrXk,50.0,p2pk,https://raw.githubusercontent.com/bensig/patoshi-addresses/main/patoshi_pubkeys_COMPLETE.csv
E,19703,0,14fyd97qM15hhTYPSdivRbJCJQUAiCvxWs,50.0,p2pk,https://raw.githubusercontent.com/bensig/patoshi-addresses/main/patoshi_pubkeys_COMPLETE.csv
E,19705,0,1QGiweMMekVQx5FYcbmMgwJGjMMrgZb4cf,50.0,p2pk,https://raw.githubusercontent.com/bensig/patoshi-addresses/main/patoshi_pubkeys_COMPLETE.csv
E,19706,0,16qso3M2nTeQvWawhu1jMMWYv8sQkEtxcW,50.0,p2pk,https://raw.githubusercontent.com/bensig/patoshi-addresses/main/patoshi_pubkeys_COMPLETE.csv
E,19707,0,15mDsf1eR42YBFvWfZiZpM4tVM7SJ8yVjR,50.0,p2pk,https://raw.githubusercontent.com/bensig/patoshi-addresses/main/patoshi_pubkeys_COMPLETE.csv
E,19708,0,1KrYYixp7KLjqaX2BLagGcBTuyYQ49XccX,50.0,p2pk,https://raw.githubusercontent.com/bensig/patoshi-addresses/main/patoshi_pubkeys_COMPLETE.csv
E,19709,0,1ATEs9yWkfcjWBgUuwonBPhbABiCRoX3nE,50.0,p2pk,https://raw.githubusercontent.com/bensig/patoshi-addresses/main/patoshi_pubkeys_COMPLETE.csv
E,19710,0,12oix5NkacMzHynLnhxnurWRzLp5h8Wq3s,50.0,p2pk,https://raw.githubusercontent.com/bensig/patoshi-addresses/main/patoshi_pubkeys_COMPLETE.csv
E,19711,0,1GNtP2WRVGdmtnbq3wkAe512HQYTvC1MXX,50.0,p2pk,https://raw.githubusercontent.com/bensig/patoshi-addresses/main/patoshi_pubkeys_COMPLETE.csv
E,19714,0,14o6m7iU9vWaeT3kReUFJfF3Gbk7cyHQUn,50.0,p2pk,https://raw.githubusercontent.com/bensig/patoshi-addresses/main/patoshi_pubkeys_COMPLETE.csv
E,19715,0,12BteyfW2Pg9Rg4P7sBJoEg4F8JGknvoc9,50.0,p2pk,https://raw.githubusercontent.com/bensig/patoshi-addresses/main/patoshi_pubkeys_COMPLETE.csv
E,19716,0,1KQPLWhPbCHDwhxNJusXy1ACwPt28itSgt,50.0,p2pk,https://raw.githubusercontent.com/bensig/patoshi-addresses/main/patoshi_pubkeys_COMPLETE.csv
E,19717,0,14XRMdMJLzBsfLcEiLvPR8MF1TYXsV8W1A,50.0,p2pk,https://raw.githubusercontent.com/bensig/patoshi-addresses/main/patoshi_pubkeys_COMPLETE.csv
E,19719,0,1KWA3EZAEnK3RbmAnKhED8gV91i4jbF3DR,50.0,p2pk,https://raw.githubusercontent.com/bensig/patoshi-addresses/main/patoshi_pubkeys_COMPLETE.csv
E,19720,0,1C3pBjG8kYDeMGNnTzmdAZ6J2XbRwczNWs,50.0,p2pk,https://raw.githubusercontent.com/bensig/patoshi-addresses/main/patoshi_pubkeys_COMPLETE.csv
E,19721,0,15HY1FGgXNQ8zo5H76PxSWuKiThCXoXvkL,50.0,p2pk,https://raw.githubusercontent.com/bensig/patoshi-addresses/main/patoshi_pubkeys_COMPLETE.csv
E,19727,0,1Q3V4AGCgeq89CA2ngsa4h1DX4H2KkZ5xM,50.0,p2pk,https://raw.githubusercontent.com/bensig/patoshi-addresses/main/patoshi_pubkeys_COMPLETE.csv
E,19728,0,1E7LzgJYySuvUuNJUk45vthG3GT1JNXr2V,50.0,p2pk,https://raw.githubusercontent.com/bensig/patoshi-addresses/main/patoshi_pubkeys_COMPLETE.csv
E,19730,0,18sPsBZpPzLhzCpx5Y7u38tkH9qza7fTQ2,50.0,p2pk,https://raw.githubusercontent.com/bensig/patoshi-addresses/main/patoshi_pubkeys_COMPLETE.csv
E,19731,0,1Fyp1Gh8egnh4fkJ5C5HPrNjPbkmnoPtir,50.0,p2pk,https://raw.githubusercontent.com/bensig/patoshi-addresses/main/patoshi_pubkeys_COMPLETE.csv
E,19732,0,13pjVuWFVsFTShUSnSdVrKCQ2kpgbi9WCn,50.0,p2pk,https://raw.githubusercontent.com/bensig/patoshi-addresses/main/patoshi_pubkeys_COMPLETE.csv
E,19734,0,1KnKdZtSq9BPU3oirxcuJJiJdExQYQXqNn,50.0,p2pk,https://raw.githubusercontent.com/bensig/patoshi-addresses/main/patoshi_pubkeys_COMPLETE.csv
E,19735,0,1FioKwV1K2aVdwhUquxu1K4zrCYUpdxWKr,50.0,p2pk,https://raw.githubusercontent.com/bensig/patoshi-addresses/main/patoshi_pubkeys_COMPLETE.csv
E,19737,0,1zccq4fXfa7s8UYkfBkihBtdgkJJTPAx3,50.0,p2pk,https://raw.githubusercontent.com/bensig/patoshi-addresses/main/patoshi_pubkeys_COMPLETE.csv
E,19738,0,1BcGUJ4zSzcv2D3zX5X47nBbuA8K1NkTb3,50.0,p2pk,https://raw.githubusercontent.com/bensig/patoshi-addresses/main/patoshi_pubkeys_COMPLETE.csv
E,19739,0,1MtRggeLDYbL9wjH8VSasP8yLSmq15nuep,50.0,p2pk,https://raw.githubusercontent.com/bensig/patoshi-addresses/main/patoshi_pubkeys_COMPLETE.csv
E,19741,0,1PRpEkQL8inDmJV4VrxHDwk43yScNWDYPk,50.0,p2pk,https://raw.githubusercontent.com/bensig/patoshi-addresses/main/patoshi_pubkeys_COMPLETE.csv
E,19742,0,113G6j6qckxdGuNRMhsZRMA4ucgC7Bv6if,50.0,p2pk,https://raw.githubusercontent.com/bensig/patoshi-addresses/main/patoshi_pubkeys_COMPLETE.csv
E,19743,0,1JHqHoqYKvxdTMaftfFuT5qbcTaGZS1L2s,50.0,p2pk,https://raw.githubusercontent.com/bensig/patoshi-addresses/main/patoshi_pubkeys_COMPLETE.csv
E,19744,0,113g4dKhN6npzmdoASE8DhUQtw6yGKqjBg,50.0,p2pk,https://raw.githubusercontent.com/bensig/patoshi-addresses/main/patoshi_pubkeys_COMPLETE.csv
E,19745,0,19ytbZ9dNoxp7eqwbQCkckoFbPDwSmz4ic,50.0,p2pk,https://raw.githubusercontent.com/bensig/patoshi-addresses/main/patoshi_pubkeys_COMPLETE.csv
E,19746,0,16mN1jTyEjiTBjFQisiGfkvsWPuyCjS9TG,50.0,p2pk,https://raw.githubusercontent.com/bensig/patoshi-addresses/main/patoshi_pubkeys_COMPLETE.csv
E,19747,0,1Br5cHXaYBztJgmR4YMoU71QDqHZCao8ri,50.0,p2pk,https://raw.githubusercontent.com/bensig/patoshi-addresses/main/patoshi_pubkeys_COMPLETE.csv
E,19748,0,1AcDBCUmP7WKnyqafg3jTh3tT3Ja43rtMf,50.0,p2pk,https://raw.githubusercontent.com/bensig/patoshi-addresses/main/patoshi_pubkeys_COMPLETE.csv
E,19750,0,1KMbyhmBJjrYxRuAbHNu775ZpcXeGgtQRF,50.0,p2pk,https://raw.githubusercontent.com/bensig/patoshi-addresses/main/patoshi_pubkeys_COMPLETE.csv
E,19751,0,179tGy5dy9UCBgiSkTCYEGNHWNrwUHijYs,50.0,p2pk,https://raw.githubusercontent.com/bensig/patoshi-addresses/main/patoshi_pubkeys_COMPLETE.csv
E,19753,0,19tA7nsEHRLJY96eQcvq7SXSqW6LCmwJy8,50.0,p2pk,https://raw.githubusercontent.com/bensig/patoshi-addresses/main/patoshi_pubkeys_COMPLETE.csv
E,19754,0,1PeYD1YNysHbE2Y8NwaoAXZA56ybJodug1,50.0,p2pk,https://raw.githubusercontent.com/bensig/patoshi-addresses/main/patoshi_pubkeys_COMPLETE.csv
E,19755,0,1MCkgzBZUfJWgRcW6xmDPyyWGE1BZrCvGj,50.0,p2pk,https://raw.githubusercontent.com/bensig/patoshi-addresses/main/patoshi_pubkeys_COMPLETE.csv
E,19756,0,1C9JfahbdGeNCNJfFpnp6cAQFoGpu2nR5x,50.0,p2pk,https://raw.githubusercontent.com/bensig/patoshi-addresses/main/patoshi_pubkeys_COMPLETE.csv
E,19758,0,1JDjccZ8iU9zeEB9paGpDRHxHoZJDVUSj1,50.0,p2pk,https://raw.githubusercontent.com/bensig/patoshi-addresses/main/patoshi_pubkeys_COMPLETE.csv
E,19759,0,1EFsQ5gWmxEqGTmzKLyrKjQhTwgUaJHa78,50.0,p2pk,https://raw.githubusercontent.com/bensig/patoshi-addresses/main/patoshi_pubkeys_COMPLETE.csv
E,19762,0,1HM5vsxC9cmQ1AW1H6v4q4KaatU7eSYzZB,50.0,p2pk,https://raw.githubusercontent.com/bensig/patoshi-addresses/main/patoshi_pubkeys_COMPLETE.csv
E,19763,0,1L8dyrFDDQASV4bxZeDru7exB9eJnRoKfF,50.0,p2pk,https://raw.githubusercontent.com/bensig/patoshi-addresses/main/patoshi_pubkeys_COMPLETE.csv
E,19765,0,1NsRWHWHkdZjpdZbo9C8DELEJ3dojuPLEr,50.0,p2pk,https://raw.githubusercontent.com/bensig/patoshi-addresses/main/patoshi_pubkeys_COMPLETE.csv
E,19767,0,113UZQj1PZz3gE3J2drYoFSVaWEqTqzinK,50.0,p2pk,https://raw.githubusercontent.com/bensig/patoshi-addresses/main/patoshi_pubkeys_COMPLETE.csv
E,19768,0,1KPKvkn5bgxxDPSxbCqmKFPEsvxX8Vmipx,50.0,p2pk,https://raw.githubusercontent.com/bensig/patoshi-addresses/main/patoshi_pubkeys_COMPLETE.csv
E,19770,0,1KZkW8Reu3B73J8ZkuMz9pcM2VJh5LmcMY,50.0,p2pk,https://raw.githubusercontent.com/bensig/patoshi-addresses/main/patoshi_pubkeys_COMPLETE.csv
E,19771,0,1DNPc6TDeQpriAhzKEvAjaG5ubneEEuKT8,50.0,p2pk,https://raw.githubusercontent.com/bensig/patoshi-addresses/main/patoshi_pubkeys_COMPLETE.csv
E,19773,0,1XvLyfNArndgjn265RbndBSkDkurFHsn9,50.0,p2pk,https://raw.githubusercontent.com/bensig/patoshi-addresses/main/patoshi_pubkeys_COMPLETE.csv
E,19774,0,1KTSEfeo6ASH188y8Gw5Mpnz9ZdNHq4BkS,50.0,p2pk,https://raw.githubusercontent.com/bensig/patoshi-addresses/main/patoshi_pubkeys_COMPLETE.csv
E,19777,0,1LQ5pTRnQgrg1kQ3f1nuHdJWGzdoWs1t6Y,50.0,p2pk,https://raw.githubusercontent.com/bensig/patoshi-addresses/main/patoshi_pubkeys_COMPLETE.csv
E,19778,0,1BacaAiYqcUn4eUaoVS2akZZsVjBRqqXmM,50.0,p2pk,https://raw.githubusercontent.com/bensig/patoshi-addresses/main/patoshi_pubkeys_COMPLETE.csv
E,19783,0,166dJw3Hjn4D2EwRWswdXrMAsWMD7aLzRv,50.0,p2pk,https://raw.githubusercontent.com/bensig/patoshi-addresses/main/patoshi_pubkeys_COMPLETE.csv
E,19784,0,1B7XxnEGn8uhyBdjG9NcCMVi9Eb3nemwTG,50.0,p2pk,https://raw.githubusercontent.com/bensig/patoshi-addresses/main/patoshi_pubkeys_COMPLETE.csv
E,19785,0,1PceMXEMFU7GkFMBb8oLAGbB9MpGCUBXr5,50.0,p2pk,https://raw.githubusercontent.com/bensig/patoshi-addresses/main/patoshi_pubkeys_COMPLETE.csv
E,19786,0,12Qsse3gsUTPD5r3Gqc46bZLrC65YYF6x8,50.0,p2pk,https://raw.githubusercontent.com/bensig/patoshi-addresses/main/patoshi_pubkeys_COMPLETE.csv
E,19789,0,1Lt1yszjuSEPFdFfp6DewgoPkDzbuwyvED,50.0,p2pk,https://raw.githubusercontent.com/bensig/patoshi-addresses/main/patoshi_pubkeys_COMPLETE.csv
E,19790,0,179Sc9njQNDAHKk3k9fLYzQuS1S6XaRRN2,50.0,p2pk,https://raw.githubusercontent.com/bensig/patoshi-addresses/main/patoshi_pubkeys_COMPLETE.csv
E,19791,0,13SWwfmXDgvP88TkXVBGBfLTkBvZYCPMxV,50.0,p2pk,https://raw.githubusercontent.com/bensig/patoshi-addresses/main/patoshi_pubkeys_COMPLETE.csv
E,19792,0,1GZD4KZq29ncnDRUKXgK9A187Fhh9FP7YL,50.0,p2pk,https://raw.githubusercontent.com/bensig/patoshi-addresses/main/patoshi_pubkeys_COMPLETE.csv
E,19794,0,1KU23mHDkMPqdVU1hi4Tie42ZFb561VxMH,50.0,p2pk,https://raw.githubusercontent.com/bensig/patoshi-addresses/main/patoshi_pubkeys_COMPLETE.csv
E,19795,0,1NvAtszRxZjyAzq7NEnxvAjeeFXsUxomoB,50.0,p2pk,https://raw.githubusercontent.com/bensig/patoshi-addresses/main/patoshi_pubkeys_COMPLETE.csv
E,19796,0,17wjJYkxjHTN7Eg7zK88iCKoRnGpdXkggR,50.0,p2pk,https://raw.githubusercontent.com/bensig/patoshi-addresses/main/patoshi_pubkeys_COMPLETE.csv
E,19797,0,12GZBLPu8RAx2UVpLanuHfZKrN6vr5sMrA,50.0,p2pk,https://raw.githubusercontent.com/bensig/patoshi-addresses/main/patoshi_pubkeys_COMPLETE.csv
E,19798,0,131r7FXcz36Zb4sDPG8G2Dcn7BF7PxUJny,50.0,p2pk,https://raw.githubusercontent.com/bensig/patoshi-addresses/main/patoshi_pubkeys_COMPLETE.csv
E,19799,0,1qD2Q8C2cDb1TsJDesyJnALLNZ1vX5LiC,50.0,p2pk,https://raw.githubusercontent.com/bensig/patoshi-addresses/main/patoshi_pubkeys_COMPLETE.csv
E,19800,0,1HAoRZAo1Jtd1qfamakq24Q5NPxVx9exCX,50.0,p2pk,https://raw.githubusercontent.com/bensig/patoshi-addresses/main/patoshi_pubkeys_COMPLETE.csv
E,19801,0,1KJ4pmvh8vjHhKaRz2TrukLNR7yPNSprY,50.0,p2pk,https://raw.githubusercontent.com/bensig/patoshi-addresses/main/patoshi_pubkeys_COMPLETE.csv
E,19802,0,1J3YvqKbnGUcRkBCP9YwyCsV5N5vJBcKGZ,50.0,p2pk,https://raw.githubusercontent.com/bensig/patoshi-addresses/main/patoshi_pubkeys_COMPLETE.csv
E,19803,0,1HRiPB1WYJZFzCDsQcsBFWeDtireAG9ain,50.0,p2pk,https://raw.githubusercontent.com/bensig/patoshi-addresses/main/patoshi_pubkeys_COMPLETE.csv
E,19804,0,12iRP2r25z282yP8iCAcP2sQRNtyhNZEKo,50.0,p2pk,https://raw.githubusercontent.com/bensig/patoshi-addresses/main/patoshi_pubkeys_COMPLETE.csv
E,19805,0,17aqVJX9S5v1HwvgRHEfinw9tfb2SSb7sD,50.0,p2pk,https://raw.githubusercontent.com/bensig/patoshi-addresses/main/patoshi_pubkeys_COMPLETE.csv
E,19806,0,19q1ZsDTVjHYpwESvazM5EdTYDfZ6YDqrR,50.0,p2pk,https://raw.githubusercontent.com/bensig/patoshi-addresses/main/patoshi_pubkeys_COMPLETE.csv
E,19807,0,18Dg72mFLBY6hZW4stsZJUUPC8fCMCdL4,50.0,p2pk,https://raw.githubusercontent.com/bensig/patoshi-addresses/main/patoshi_pubkeys_COMPLETE.csv
E,19808,0,1K7fTYx747HemVsGZVZ4hZasxZR63QSVwT,50.0,p2pk,https://raw.githubusercontent.com/bensig/patoshi-addresses/main/patoshi_pubkeys_COMPLETE.csv
E,19809,0,1JmKThNaWyBTLGvyhxJeVFKEYovJSN7zkh,50.0,p2pk,https://raw.githubusercontent.com/bensig/patoshi-addresses/main/patoshi_pubkeys_COMPLETE.csv
E,19811,0,1Eb6V4dFLw2jdcxsQHwkeDeeaRLjSTGswe,50.0,p2pk,https://raw.githubusercontent.com/bensig/patoshi-addresses/main/patoshi_pubkeys_COMPLETE.csv
E,19812,0,1KVCLWFPnhvWsHpFhNVcKf5kMB8tivUzs1,50.0,p2pk,https://raw.githubusercontent.com/bensig/patoshi-addresses/main/patoshi_pubkeys_COMPLETE.csv
E,19814,0,1u4x8BHegwosTzpcAjgYHdd7Z7FBYEDe5,50.0,p2pk,https://raw.githubusercontent.com/bensig/patoshi-addresses/main/patoshi_pubkeys_COMPLETE.csv
E,19816,0,1PB9gsEvezyVjEZSMbfkqm5xbgWGL31ttX,50.0,p2pk,https://raw.githubusercontent.com/bensig/patoshi-addresses/main/patoshi_pubkeys_COMPLETE.csv
E,19817,0,15K9aeL65NrhdJwVL7sRTayuXid2zBZhHE,50.0,p2pk,https://raw.githubusercontent.com/bensig/patoshi-addresses/main/patoshi_pubkeys_COMPLETE.csv
E,19818,0,14n7kitjo9wMQgxBiramouZGZ5e7z3uHFs,50.0,p2pk,https://raw.githubusercontent.com/bensig/patoshi-addresses/main/patoshi_pubkeys_COMPLETE.csv
E,19821,0,1P35VvgrBdfbTGG5VGMqVfjV1remCLbkyw,50.0,p2pk,https://raw.githubusercontent.com/bensig/patoshi-addresses/main/patoshi_pubkeys_COMPLETE.csv
E,19823,0,1Ft3znoQKZz5v2gh5oP1DpV9C2EV8iEfpv,50.0,p2pk,https://raw.githubusercontent.com/bensig/patoshi-addresses/main/patoshi_pubkeys_COMPLETE.csv
E,19824,0,1BsHc4toh7kmKiRgN3BfHoT8s4ATkUP4XG,50.0,p2pk,https://raw.githubusercontent.com/bensig/patoshi-addresses/main/patoshi_pubkeys_COMPLETE.csv
E,19825,0,1HG2pCDAYY474dt64H2mZsvQaRbUL4SmRm,50.0,p2pk,https://raw.githubusercontent.com/bensig/patoshi-addresses/main/patoshi_pubkeys_COMPLETE.csv
E,19826,0,1A2tWvFju2i7S7zN8SUTwUA28s9jcNnaWf,50.0,p2pk,https://raw.githubusercontent.com/bensig/patoshi-addresses/main/patoshi_pubkeys_COMPLETE.csv
E,19827,0,1CjHXgzNaB1chLQKab2PN9RUZqPLoib9Kq,50.0,p2pk,https://raw.githubusercontent.com/bensig/patoshi-addresses/main/patoshi_pubkeys_COMPLETE.csv
E,19828,0,1JFu3tbq24xYm9XE5BfTkU6SHAuqq7Kjr4,50.0,p2pk,https://raw.githubusercontent.com/bensig/patoshi-addresses/main/patoshi_pubkeys_COMPLETE.csv
E,19829,0,1CqaQBfHVtP7CXYrs9qFNgpctkzNy5dYza,50.0,p2pk,https://raw.githubusercontent.com/bensig/patoshi-addresses/main/patoshi_pubkeys_COMPLETE.csv
E,19832,0,1MGCCFZ3f7t5eKETBNV4i7R3fd8sn7tYg1,50.0,p2pk,https://raw.githubusercontent.com/bensig/patoshi-addresses/main/patoshi_pubkeys_COMPLETE.csv
E,19833,0,13mVVu4jbQfgwCyqg53hPUPCfTbkCxjr3Z,50.0,p2pk,https://raw.githubusercontent.com/bensig/patoshi-addresses/main/patoshi_pubkeys_COMPLETE.csv
E,19834,0,14a6ptLDwg7z7Khy84tUYrXbhhcRYudYgp,50.0,p2pk,https://raw.githubusercontent.com/bensig/patoshi-addresses/main/patoshi_pubkeys_COMPLETE.csv
E,19836,0,16MwEBU3RpWih9JPEAotZJi7jPANoXtLz4,50.0,p2pk,https://raw.githubusercontent.com/bensig/patoshi-addresses/main/patoshi_pubkeys_COMPLETE.csv
E,19837,0,1P7doinGGP4eoSPR3i9xV9JbQciJoWkRFf,50.0,p2pk,https://raw.githubusercontent.com/bensig/patoshi-addresses/main/patoshi_pubkeys_COMPLETE.csv
E,19840,0,1P6pobDQtMTaDCtxNtvcrThTWruAovahRp,50.0,p2pk,https://raw.githubusercontent.com/bensig/patoshi-addresses/main/patoshi_pubkeys_COMPLETE.csv
E,19841,0,18GcB3nScguhoePSPCDwvhtYZyfN9EAPBe,50.0,p2pk,https://raw.githubusercontent.com/bensig/patoshi-addresses/main/patoshi_pubkeys_COMPLETE.csv
E,19843,0,1QFWtwMbL7F5LkmC2TekDEyW4xsUV2E4At,50.0,p2pk,https://raw.githubusercontent.com/bensig/patoshi-addresses/main/patoshi_pubkeys_COMPLETE.csv
E,19845,0,1BwyZZ4xm53kCsRRaAhVvCmFT8hfrNmuZW,50.0,p2pk,https://raw.githubusercontent.com/bensig/patoshi-addresses/main/patoshi_pubkeys_COMPLETE.csv
E,19848,0,1Dehr8mMpFeyjGmFT2vRicSixzckcyRfkV,50.0,p2pk,https://raw.githubusercontent.com/bensig/patoshi-addresses/main/patoshi_pubkeys_COMPLETE.csv
E,19849,0,1CDAn6V6coYXJoNgrheLAbkSM4j3grjtxu,50.0,p2pk,https://raw.githubusercontent.com/bensig/patoshi-addresses/main/patoshi_pubkeys_COMPLETE.csv
E,19852,0,1ENBfKgtWQNAimHNgQA1X7jdMZTNefDiED,50.0,p2pk,https://raw.githubusercontent.com/bensig/patoshi-addresses/main/patoshi_pubkeys_COMPLETE.csv
E,19853,0,134aR3HNxpG31DKoyj4yCCunpQbzmYpyrQ,50.0,p2pk,https://raw.githubusercontent.com/bensig/patoshi-addresses/main/patoshi_pubkeys_COMPLETE.csv
E,19854,0,1PVoBaULLQXoE7z83ViYiKSqMhiQgzodit,50.0,p2pk,https://raw.githubusercontent.com/bensig/patoshi-addresses/main/patoshi_pubkeys_COMPLETE.csv
E,19855,0,12qmUnupooWxU658XzbPZv58V5Dw2oihyS,50.0,p2pk,https://raw.githubusercontent.com/bensig/patoshi-addresses/main/patoshi_pubkeys_COMPLETE.csv
E,19856,0,1AMkpAGAZ4zBkoW4Qz3YKNZMKv1t95M25R,50.0,p2pk,https://raw.githubusercontent.com/bensig/patoshi-addresses/main/patoshi_pubkeys_COMPLETE.csv
E,19857,0,19itGkv1RNT3TgFQwNhNPb2LdEnC8CxbdD,50.0,p2pk,https://raw.githubusercontent.com/bensig/patoshi-addresses/main/patoshi_pubkeys_COMPLETE.csv
E,19859,0,1M7rXgvMbntQnC9M6pu3CYkKt8tGpu8qUa,50.0,p2pk,https://raw.githubusercontent.com/bensig/patoshi-addresses/main/patoshi_pubkeys_COMPLETE.csv
E,19860,0,1Be5rx1RQETYQT4wpngtSWttWaaYDEgMEn,50.0,p2pk,https://raw.githubusercontent.com/bensig/patoshi-addresses/main/patoshi_pubkeys_COMPLETE.csv
E,19861,0,1JT4WxLjHTvVqvg5RpKEHu8Sm7NZWUnum6,50.0,p2pk,https://raw.githubusercontent.com/bensig/patoshi-addresses/main/patoshi_pubkeys_COMPLETE.csv
E,19863,0,1GEYpSxwYTH9poKaYrY4g7WaRVqFtSWYVJ,50.14,p2pk,https://raw.githubusercontent.com/bensig/patoshi-addresses/main/patoshi_pubkeys_COMPLETE.csv
E,19864,0,1P3qqhNkg3xmSrxgADrdMksFVCkHnjBmpX,50.0,p2pk,https://raw.githubusercontent.com/bensig/patoshi-addresses/main/patoshi_pubkeys_COMPLETE.csv
E,19865,0,18YcL9T8BrcBE2s8oNunfLtim1meeWKvtT,50.0,p2pk,https://raw.githubusercontent.com/bensig/patoshi-addresses/main/patoshi_pubkeys_COMPLETE.csv
E,19868,0,1FyaUo9o5YcvNe8hpoRJS5H9v96xjzhraj,50.0,p2pk,https://raw.githubusercontent.com/bensig/patoshi-addresses/main/patoshi_pubkeys_COMPLETE.csv
E,19869,0,16s2rSa5sqUuLgSzDxByY793bK5mjtuxZ7,50.0,p2pk,https://raw.githubusercontent.com/bensig/patoshi-addresses/main/patoshi_pubkeys_COMPLETE.csv
E,19870,0,1NdoVsQCf1gnwp476Q4e8uerLPEGNS7CiD,50.0,p2pk,https://raw.githubusercontent.com/bensig/patoshi-addresses/main/patoshi_pubkeys_COMPLETE.csv
E,19871,0,1NvM5gpVHeio8E6bqtA6o55CDcNLVt4REa,50.0,p2pk,https://raw.githubusercontent.com/bensig/patoshi-addresses/main/patoshi_pubkeys_COMPLETE.csv
E,19872,0,1DYVxHTNs6vHh641S6fo5CF7fTaSmmL8WM,50.0,p2pk,https://raw.githubusercontent.com/bensig/patoshi-addresses/main/patoshi_pubkeys_COMPLETE.csv
E,19873,0,1FwkRcbLa1YDyHMwMuTv3Q1f7W7VqQRbo9,50.0,p2pk,https://raw.githubusercontent.com/bensig/patoshi-addresses/main/patoshi_pubkeys_COMPLETE.csv
E,19874,0,1CuwfqDhbWa5UNEXp9zRsXSCPxWeyY9hV8,50.0,p2pk,https://raw.githubusercontent.com/bensig/patoshi-addresses/main/patoshi_pubkeys_COMPLETE.csv
E,19875,0,1PNQauaRxURUXRHwNvxUB4NUwDkN2YxzBa,50.0,p2pk,https://raw.githubusercontent.com/bensig/patoshi-addresses/main/patoshi_pubkeys_COMPLETE.csv
E,19877,0,1313bDuckvyog5FnsqWbCQQYXaWNy9HnG7,50.0,p2pk,https://raw.githubusercontent.com/bensig/patoshi-addresses/main/patoshi_pubkeys_COMPLETE.csv
E,19878,0,1PaL4uV4P4GYYLehKs35js6fBwQCWFWZGF,50.0,p2pk,https://raw.githubusercontent.com/bensig/patoshi-addresses/main/patoshi_pubkeys_COMPLETE.csv
E,19879,0,1AmJU2u8yBxio4UZUWEeSDAXZcggmWkaBd,50.0,p2pk,https://raw.githubusercontent.com/bensig/patoshi-addresses/main/patoshi_pubkeys_COMPLETE.csv
E,19880,0,18zi5aB2XuJRH8oCWoM1JmPUYR9xf73Hha,50.0,p2pk,https://raw.githubusercontent.com/bensig/patoshi-addresses/main/patoshi_pubkeys_COMPLETE.csv
E,19882,0,1MEacGfHmNk1wNiM5Kv59aooUemJVRQCFP,50.0,p2pk,https://raw.githubusercontent.com/bensig/patoshi-addresses/main/patoshi_pubkeys_COMPLETE.csv
E,19884,0,1K3TraxL8kf3BVZhQNua5u2dFTevE3dbj2,50.0,p2pk,https://raw.githubusercontent.com/bensig/patoshi-addresses/main/patoshi_pubkeys_COMPLETE.csv
E,19887,0,155YbGV8ufEzZB9pYV91hWnJSviKqTarjV,50.0,p2pk,https://raw.githubusercontent.com/bensig/patoshi-addresses/main/patoshi_pubkeys_COMPLETE.csv
E,19888,0,19yajHrLBV9GmXsRpDYfxjjx9pXbakNBhQ,50.0,p2pk,https://raw.githubusercontent.com/bensig/patoshi-addresses/main/patoshi_pubkeys_COMPLETE.csv
E,19889,0,1QJS8knBmVMLFNq8d6J9efu7gLWkfcZzNn,50.0,p2pk,https://raw.githubusercontent.com/bensig/patoshi-addresses/main/patoshi_pubkeys_COMPLETE.csv
E,19890,0,19bWnaT7mq55nYuQbtAfRYtCveRuND8gpw,50.0,p2pk,https://raw.githubusercontent.com/bensig/patoshi-addresses/main/patoshi_pubkeys_COMPLETE.csv
E,19891,0,17ZX5RvrzRTLzmBaGxQpDaU7eiKbnz2HWs,50.0,p2pk,https://raw.githubusercontent.com/bensig/patoshi-addresses/main/patoshi_pubkeys_COMPLETE.csv
E,19892,0,1FqvNSjDaekFwG47yuvULGEgDzRVxjRmp9,50.0,p2pk,https://raw.githubusercontent.com/bensig/patoshi-addresses/main/patoshi_pubkeys_COMPLETE.csv
E,19894,0,15CDoDQrMDRnwtLtiMQe2pS3D1YK7Nj5Br,50.0,p2pk,https://raw.githubusercontent.com/bensig/patoshi-addresses/main/patoshi_pubkeys_COMPLETE.csv
E,19895,0,17cb31NTouxQ2ESBhykUwBhRGf7qj5Ywbs,50.0,p2pk,https://raw.githubusercontent.com/bensig/patoshi-addresses/main/patoshi_pubkeys_COMPLETE.csv
E,19897,0,1AJ72zJdt1TQsPFFA5qPCsaYTtmBepaeVY,50.0,p2pk,https://raw.githubusercontent.com/bensig/patoshi-addresses/main/patoshi_pubkeys_COMPLETE.csv
E,19898,0,1DbqS1ULbCasHQX39h2oxCE2nCqRHJSBG1,50.0,p2pk,https://raw.githubusercontent.com/bensig/patoshi-addresses/main/patoshi_pubkeys_COMPLETE.csv
E,19899,0,1PmedZaGs3sPuipmpuQBK34nSGB1ibgxkH,50.0,p2pk,https://raw.githubusercontent.com/bensig/patoshi-addresses/main/patoshi_pubkeys_COMPLETE.csv
E,19900,0,1JtCSYCgzNrFb5Gxpp71HLoB5XtZ4n1Kfo,50.0,p2pk,https://raw.githubusercontent.com/bensig/patoshi-addresses/main/patoshi_pubkeys_COMPLETE.csv
E,19902,0,17FC9w1AMQpSM7Zngk41GmTFGtjXVGBgNp,50.0,p2pk,https://raw.githubusercontent.com/bensig/patoshi-addresses/main/patoshi_pubkeys_COMPLETE.csv
E,19903,0,1EkmWLn4nfF8Xqe9Rienq5MrKHR5Pdc9f9,50.0,p2pk,https://raw.githubusercontent.com/bensig/patoshi-addresses/main/patoshi_pubkeys_COMPLETE.csv
E,19904,0,12kQ5EeAuEYTrvtxyErUGqUwMjAQe4oLYS,50.0,p2pk,https://raw.githubusercontent.com/bensig/patoshi-addresses/main/patoshi_pubkeys_COMPLETE.csv
E,19905,0,126QkvCkDuCvRC9k3tcNVGbmADiYFqkGcc,50.0,p2pk,https://raw.githubusercontent.com/bensig/patoshi-addresses/main/patoshi_pubkeys_COMPLETE.csv
E,19906,0,17m5z66LVUaYeLC3dJs6T9VMaMtYuHsVsv,50.0,p2pk,https://raw.githubusercontent.com/bensig/patoshi-addresses/main/patoshi_pubkeys_COMPLETE.csv
E,19907,0,1E4DGD9BvZrV2MJpMwz6L8LJfpC7cbtFo6,50.0,p2pk,https://raw.githubusercontent.com/bensig/patoshi-addresses/main/patoshi_pubkeys_COMPLETE.csv
E,19908,0,1PPTy22A3JhSUejFEVBSVmMdAxcLcwYCdj,50.0,p2pk,https://raw.githubusercontent.com/bensig/patoshi-addresses/main/patoshi_pubkeys_COMPLETE.csv
E,19910,0,18QbkmVhYq3R8b8EiuQd2MHkhqvQVJmRa1,50.0,p2pk,https://raw.githubusercontent.com/bensig/patoshi-addresses/main/patoshi_pubkeys_COMPLETE.csv
E,19911,0,1NmLh7TEhioaSz91Tw7124kuBZkDCfKwDA,50.0,p2pk,https://raw.githubusercontent.com/bensig/patoshi-addresses/main/patoshi_pubkeys_COMPLETE.csv
E,19912,0,12Xy5Jg4DuryDJ9agdfUPeNnxJfBraPsDJ,50.0,p2pk,https://raw.githubusercontent.com/bensig/patoshi-addresses/main/patoshi_pubkeys_COMPLETE.csv
E,19913,0,1DmtiTWGrbF32UAKYDrwsx8CG4SJemosKc,50.0,p2pk,https://raw.githubusercontent.com/bensig/patoshi-addresses/main/patoshi_pubkeys_COMPLETE.csv
E,19914,0,1NCz2wsQU8bZgFY66E8mPre4eqANgc25p1,50.0,p2pk,https://raw.githubusercontent.com/bensig/patoshi-addresses/main/patoshi_pubkeys_COMPLETE.csv
E,19915,0,16DgwtdUiQhnrC1Zjsj6waGDi3VJgmGFWD,50.0,p2pk,https://raw.githubusercontent.com/bensig/patoshi-addresses/main/patoshi_pubkeys_COMPLETE.csv
E,19916,0,15d5Q8hYbye9ZPmCBPAMvcyF5eu2dxaL6h,50.0,p2pk,https://raw.githubusercontent.com/bensig/patoshi-addresses/main/patoshi_pubkeys_COMPLETE.csv
E,19917,0,1AXihFmV4dinWCn39Hbzy3CVxZN3nakxQF,50.0,p2pk,https://raw.githubusercontent.com/bensig/patoshi-addresses/main/patoshi_pubkeys_COMPLETE.csv
E,19918,0,1575q2DKWWvzbZyhkBki3ZCnn698HjNkkh,50.0,p2pk,https://raw.githubusercontent.com/bensig/patoshi-addresses/main/patoshi_pubkeys_COMPLETE.csv
E,19919,0,16ftnpUCiKLyaVEzexL4KdL4hz3eWaYtBV,50.0,p2pk,https://raw.githubusercontent.com/bensig/patoshi-addresses/main/patoshi_pubkeys_COMPLETE.csv
E,19920,0,1GWZSAJa6CxGVa9QbNdMyTV4u8ZQg95QJb,50.0,p2pk,https://raw.githubusercontent.com/bensig/patoshi-addresses/main/patoshi_pubkeys_COMPLETE.csv
E,19921,0,16doQaLzSz2jYsPiDkkcEDpxiZfuPiuoJU,50.0,p2pk,https://raw.githubusercontent.com/bensig/patoshi-addresses/main/patoshi_pubkeys_COMPLETE.csv
E,19922,0,1DoTVeD7LWoK7KShT6Efwqz6XRxU8MXm46,50.0,p2pk,https://raw.githubusercontent.com/bensig/patoshi-addresses/main/patoshi_pubkeys_COMPLETE.csv
E,19925,0,12jy1vJsssXn6BUyuvxjWDvah7jfdhNVmc,50.0,p2pk,https://raw.githubusercontent.com/bensig/patoshi-addresses/main/patoshi_pubkeys_COMPLETE.csv
E,19926,0,1KcaJJpNwzQLysrqDtWbuS7k3oe2RDZVs4,50.0,p2pk,https://raw.githubusercontent.com/bensig/patoshi-addresses/main/patoshi_pubkeys_COMPLETE.csv
E,19927,0,1EzGQ5EyvcggJzDWaXA98wkF18b7v2na9Z,50.0,p2pk,https://raw.githubusercontent.com/bensig/patoshi-addresses/main/patoshi_pubkeys_COMPLETE.csv
E,19928,0,1LEPTdMpeiXqWn3SMQ6U58qk45dVEdZqGd,50.0,p2pk,https://raw.githubusercontent.com/bensig/patoshi-addresses/main/patoshi_pubkeys_COMPLETE.csv
E,19930,0,1E4XqzhiBqYfHPJzacZKqC2FSDTw5HYxFb,50.0,p2pk,https://raw.githubusercontent.com/bensig/patoshi-addresses/main/patoshi_pubkeys_COMPLETE.csv
E,19931,0,1NSopnc1WRz9Fh5gsM34NDPZYMeFMaALHu,50.0,p2pk,https://raw.githubusercontent.com/bensig/patoshi-addresses/main/patoshi_pubkeys_COMPLETE.csv
E,19932,0,1CzDJQTDWRTLdpeEDFMxEnA6NFfT7WDb8M,50.0,p2pk,https://raw.githubusercontent.com/bensig/patoshi-addresses/main/patoshi_pubkeys_COMPLETE.csv
E,19933,0,1N92fBk3pAoDfx25fJgQJDxPXYFKLbxRxh,50.0,p2pk,https://raw.githubusercontent.com/bensig/patoshi-addresses/main/patoshi_pubkeys_COMPLETE.csv
E,19934,0,156ukP6n3ZTWkvfx5uiLyRWszPcYxkesQH,50.0,p2pk,https://raw.githubusercontent.com/bensig/patoshi-addresses/main/patoshi_pubkeys_COMPLETE.csv
E,19936,0,1H8hn1p8CLJiRSbDmGS3VD4GHGJ1Jde7rg,50.0,p2pk,https://raw.githubusercontent.com/bensig/patoshi-addresses/main/patoshi_pubkeys_COMPLETE.csv
E,19937,0,1FLXAGdtGgCHhP3hqymip6MyZb6CEx5szV,50.0,p2pk,https://raw.githubusercontent.com/bensig/patoshi-addresses/main/patoshi_pubkeys_COMPLETE.csv
E,19939,0,1EyUHFrVcNr5SV39SFJ4gZCiTebWsL9H9T,50.0,p2pk,https://raw.githubusercontent.com/bensig/patoshi-addresses/main/patoshi_pubkeys_COMPLETE.csv
E,19940,0,1KcdJcJLzycjWfrbdsxbTV8WJTRVA3x8jM,50.0,p2pk,https://raw.githubusercontent.com/bensig/patoshi-addresses/main/patoshi_pubkeys_COMPLETE.csv
E,19943,0,137RuJ5sd8atyvD1GnkyS1aQ7hzYhFcwhJ,50.0,p2pk,https://raw.githubusercontent.com/bensig/patoshi-addresses/main/patoshi_pubkeys_COMPLETE.csv
E,19944,0,1QWzNvczYwsHyKBwgTdD5DHaepmDSM3Rm,50.0,p2pk,https://raw.githubusercontent.com/bensig/patoshi-addresses/main/patoshi_pubkeys_COMPLETE.csv
E,19945,0,162hxzyTBf6FmJntksVaBwaZf16JFuV7BJ,50.0,p2pk,https://raw.githubusercontent.com/bensig/patoshi-addresses/main/patoshi_pubkeys_COMPLETE.csv
E,19947,0,173NwNM7WkBKzMycfqhh7ZQxyzMVTmmwyz,50.0,p2pk,https://raw.githubusercontent.com/bensig/patoshi-addresses/main/patoshi_pubkeys_COMPLETE.csv
E,19949,0,1PQMwwftSZFdePhXTJ4DBUmAToa5j4hJfd,50.0,p2pk,https://raw.githubusercontent.com/bensig/patoshi-addresses/main/patoshi_pubkeys_COMPLETE.csv
E,19951,0,14h36j6hSzpu9u2Ck9npzQxoDa6ggsn83g,50.0,p2pk,https://raw.githubusercontent.com/bensig/patoshi-addresses/main/patoshi_pubkeys_COMPLETE.csv
E,19952,0,1ARFyni46V229jDYe3vwkoJcWHdiXxGQBG,50.0,p2pk,https://raw.githubusercontent.com/bensig/patoshi-addresses/main/patoshi_pubkeys_COMPLETE.csv
E,19953,0,17KPuBoWYCV2of6xQBMwAP6vCzCWCwGkAo,50.0,p2pk,https://raw.githubusercontent.com/bensig/patoshi-addresses/main/patoshi_pubkeys_COMPLETE.csv
E,19955,0,1NxACd1qKUGGNdjX7uYs8iXSyBVJSYmUWn,50.0,p2pk,https://raw.githubusercontent.com/bensig/patoshi-addresses/main/patoshi_pubkeys_COMPLETE.csv
E,19956,0,1LxoG3NYEiDegAmT5fbyQ73UWhxJUVqTa7,50.0,p2pk,https://raw.githubusercontent.com/bensig/patoshi-addresses/main/patoshi_pubkeys_COMPLETE.csv
E,19959,0,19EXpARSTPz3sojiC2NitpKBcFcoUPh14N,50.0,p2pk,https://raw.githubusercontent.com/bensig/patoshi-addresses/main/patoshi_pubkeys_COMPLETE.csv
E,19960,0,12tgD6W4KNBv7uD97ejfJ6AZLU1yA8s376,50.0,p2pk,https://raw.githubusercontent.com/bensig/patoshi-addresses/main/patoshi_pubkeys_COMPLETE.csv
E,19962,0,1ND7AzUgJLq4XW4HHrXDb9V6hn4BC56Gco,50.0,p2pk,https://raw.githubusercontent.com/bensig/patoshi-addresses/main/patoshi_pubkeys_COMPLETE.csv
E,19963,0,17CPYh5kDFP1f4GVYi9ue4LFZ3qVYf48cz,50.0,p2pk,https://raw.githubusercontent.com/bensig/patoshi-addresses/main/patoshi_pubkeys_COMPLETE.csv
E,19965,0,1EKJ7nHSRCNxsh4k5uj2XGa7ZkjvKY41kc,50.0,p2pk,https://raw.githubusercontent.com/bensig/patoshi-addresses/main/patoshi_pubkeys_COMPLETE.csv
E,19967,0,15zRUiXjA4s49UFZwkNZ3hPerAhjHRsaQX,50.0,p2pk,https://raw.githubusercontent.com/bensig/patoshi-addresses/main/patoshi_pubkeys_COMPLETE.csv
E,19968,0,1BrH2Bau42uJCtrQC9VbAyZfN29MtSU5nu,50.0,p2pk,https://raw.githubusercontent.com/bensig/patoshi-addresses/main/patoshi_pubkeys_COMPLETE.csv
E,19970,0,1H7tuncoAsQCxUxhtdk88W834Lx4b4TxDN,50.0,p2pk,https://raw.githubusercontent.com/bensig/patoshi-addresses/main/patoshi_pubkeys_COMPLETE.csv
E,19972,0,13FSoFuydQLSJJPP4sYc8kiL2o5huw2cKs,50.0,p2pk,https://raw.githubusercontent.com/bensig/patoshi-addresses/main/patoshi_pubkeys_COMPLETE.csv
E,19973,0,1GkMCqsonqsnFd4hTeAncteWQsgNbYyD3r,50.0,p2pk,https://raw.githubusercontent.com/bensig/patoshi-addresses/main/patoshi_pubkeys_COMPLETE.csv
E,19974,0,124B4LhNZJY2UBCvYdoVzUbwddcSV3m98y,50.0,p2pk,https://raw.githubusercontent.com/bensig/patoshi-addresses/main/patoshi_pubkeys_COMPLETE.csv
E,19975,0,1LWqPUdL7ywxdoQPYWdXJ1YambwhqSeA7w,50.0,p2pk,https://raw.githubusercontent.com/bensig/patoshi-addresses/main/patoshi_pubkeys_COMPLETE.csv
E,19976,0,1A8kMSbuzmEAJuMQ42CdL86pc7FytMSAsa,50.0,p2pk,https://raw.githubusercontent.com/bensig/patoshi-addresses/main/patoshi_pubkeys_COMPLETE.csv
E,19978,0,136XgzqXZEDzohPsLmTnBdEroqk1r9xA1m,50.0,p2pk,https://raw.githubusercontent.com/bensig/patoshi-addresses/main/patoshi_pubkeys_COMPLETE.csv
E,19979,0,16dKV9zKekWTJ9LSmPFT7uv2QMZkLTiT7c,50.0,p2pk,https://raw.githubusercontent.com/bensig/patoshi-addresses/main/patoshi_pubkeys_COMPLETE.csv
E,19980,0,1J89TjaPf3aVt9Z3tg2CbsC6VRpNKCTJrm,50.0,p2pk,https://raw.githubusercontent.com/bensig/patoshi-addresses/main/patoshi_pubkeys_COMPLETE.csv
E,19983,0,1E92beZBhiuYZdo39Jg59xb4VsVEYqmZ8u,50.0,p2pk,https://raw.githubusercontent.com/bensig/patoshi-addresses/main/patoshi_pubkeys_COMPLETE.csv
E,19985,0,131XibNcN8hUayJ1bWSXnmv9U8FixgsSLC,50.0,p2pk,https://raw.githubusercontent.com/bensig/patoshi-addresses/main/patoshi_pubkeys_COMPLETE.csv
E,19986,0,17DKSSH7LoGWkxeGjzuYCoKv1cGTujbzXe,50.0,p2pk,https://raw.githubusercontent.com/bensig/patoshi-addresses/main/patoshi_pubkeys_COMPLETE.csv
E,19988,0,1CxNGtz1ZLCkDBjKrN5XGxpexNVnkSYeXb,50.0,p2pk,https://raw.githubusercontent.com/bensig/patoshi-addresses/main/patoshi_pubkeys_COMPLETE.csv
E,19989,0,177fReRydumJLXCmS7RVDNxfFetqFt6P2w,50.0,p2pk,https://raw.githubusercontent.com/bensig/patoshi-addresses/main/patoshi_pubkeys_COMPLETE.csv
E,19990,0,1Kb598KMbug2WCpfBTrB7QPRYUEbGymMty,50.0,p2pk,https://raw.githubusercontent.com/bensig/patoshi-addresses/main/patoshi_pubkeys_COMPLETE.csv
E,19991,0,12kYEKKGeDTQHmpPWtUXQE8vK3APqvXJKq,50.0,p2pk,https://raw.githubusercontent.com/bensig/patoshi-addresses/main/patoshi_pubkeys_COMPLETE.csv
E,19992,0,1NNyyv36QyF1VQmKKkhzUW2DGbT4Xn9Se6,50.0,p2pk,https://raw.githubusercontent.com/bensig/patoshi-addresses/main/patoshi_pubkeys_COMPLETE.csv
E,19993,0,1JJRv7LSGRGvJ9ZxJho5XYGzy2CuZzXxjt,50.0,p2pk,https://raw.githubusercontent.com/bensig/patoshi-addresses/main/patoshi_pubkeys_COMPLETE.csv
E,19994,0,1Fvd6VauHR8EzMwFE8BidSDQo6w6evbH4X,50.0,p2pk,https://raw.githubusercontent.com/bensig/patoshi-addresses/main/patoshi_pubkeys_COMPLETE.csv
E,19995,0,1ALtiHKr14Nks5GhnFcmz4qJEqtSopu17p,50.0,p2pk,https://raw.githubusercontent.com/bensig/patoshi-addresses/main/patoshi_pubkeys_COMPLETE.csv
E,19996,0,15hxQ4BpFWDGJquJwiHZLsSPqwyBABbp5y,50.0,p2pk,https://raw.githubusercontent.com/bensig/patoshi-addresses/main/patoshi_pubkeys_COMPLETE.csv
E,19997,0,1uBuovntXRFHnJ7GpN1bMJNh8XxHYAJBw,50.0,p2pk,https://raw.githubusercontent.com/bensig/patoshi-addresses/main/patoshi_pubkeys_COMPLETE.csv
E,19999,0,1KWj3Jk8xvS6fDdhQBsfmerscSGsS6CMiS,50.0,p2pk,https://raw.githubusercontent.com/bensig/patoshi-addresses/main/patoshi_pubkeys_COMPLETE.csv
E,20000,0,1Gtj5h1u8yZJe32neQZB5C7efP9XeMd9SW,50.0,p2pk,https://raw.githubusercontent.com/bensig/patoshi-addresses/main/patoshi_pubkeys_COMPLETE.csv
E,20004,0,19gCciA3uqUtiS1UBRMbegzFuUfwvjVSP,50.0,p2pk,https://raw.githubusercontent.com/bensig/patoshi-addresses/main/patoshi_pubkeys_COMPLETE.csv
E,20008,0,1DrL2ZMhhMPxsC6XCCnWYU9qo3RhEBTYkS,50.0,p2pk,https://raw.githubusercontent.com/bensig/patoshi-addresses/main/patoshi_pubkeys_COMPLETE.csv
E,20009,0,1J9qdjRbfGsuCHKGMmV6wEYS6hYstWMz5F,50.0,p2pk,https://raw.githubusercontent.com/bensig/patoshi-addresses/main/patoshi_pubkeys_COMPLETE.csv
E,20010,0,1CXerQQ9ZAxNefBcThP6Jq56gH9obU48GP,50.0,p2pk,https://raw.githubusercontent.com/bensig/patoshi-addresses/main/patoshi_pubkeys_COMPLETE.csv
E,20011,0,19JZJhsbizPsffhyjx4QsSS3VGBDcwBuYk,50.0,p2pk,https://raw.githubusercontent.com/bensig/patoshi-addresses/main/patoshi_pubkeys_COMPLETE.csv
E,20012,0,1DVBxCBi9kv47rYDQs8z3QVSW8h13CfDMT,50.0,p2pk,https://raw.githubusercontent.com/bensig/patoshi-addresses/main/patoshi_pubkeys_COMPLETE.csv
E,20013,0,1NfF3omEiC7sy4cFMdGgNJDJYrVVGLFfXB,50.0,p2pk,https://raw.githubusercontent.com/bensig/patoshi-addresses/main/patoshi_pubkeys_COMPLETE.csv
E,20014,0,18T3d3BP65cqYKy3ZJBtuG6kFCBXzLWLcY,50.0,p2pk,https://raw.githubusercontent.com/bensig/patoshi-addresses/main/patoshi_pubkeys_COMPLETE.csv
E,20015,0,1JEKURbVfvbMjMpsiHSVvs9FdnviNdZoeF,50.0,p2pk,https://raw.githubusercontent.com/bensig/patoshi-addresses/main/patoshi_pubkeys_COMPLETE.csv
E,20016,0,1L9UWoVeMmGVwLCens4oPdiCQjvKvHW2b2,50.0,p2pk,https://raw.githubusercontent.com/bensig/patoshi-addresses/main/patoshi_pubkeys_COMPLETE.csv
E,20017,0,186gQVvXTwR4fogtevj5fu3jb4uQnsPrPw,50.0,p2pk,https://raw.githubusercontent.com/bensig/patoshi-addresses/main/patoshi_pubkeys_COMPLETE.csv
E,20018,0,1Gk3zXnMz8miasiTJfG3mNgBmYozzvuH4M,50.0,p2pk,https://raw.githubusercontent.com/bensig/patoshi-addresses/main/patoshi_pubkeys_COMPLETE.csv
E,20020,0,13tuq8ABGtWfqkdWyc1GA2xttaaw7vca41,50.0,p2pk,https://raw.githubusercontent.com/bensig/patoshi-addresses/main/patoshi_pubkeys_COMPLETE.csv
E,20021,0,1MJjTsFAfdP75poJKteDzPx32E3J92vLdp,50.0,p2pk,https://raw.githubusercontent.com/bensig/patoshi-addresses/main/patoshi_pubkeys_COMPLETE.csv
E,20022,0,1NAxEi15JbNahgAQASXnNaRuLJY4pFV8LN,50.0,p2pk,https://raw.githubusercontent.com/bensig/patoshi-addresses/main/patoshi_pubkeys_COMPLETE.csv
E,20023,0,18z5GrQ7UQv61kwkhgHbZrfmoa9U8R2E9N,50.0,p2pk,https://raw.githubusercontent.com/bensig/patoshi-addresses/main/patoshi_pubkeys_COMPLETE.csv
E,20026,0,1DLp5gUdEwJzyqA5eJCZ4yNDqnusxebYkC,50.0,p2pk,https://raw.githubusercontent.com/bensig/patoshi-addresses/main/patoshi_pubkeys_COMPLETE.csv
E,20027,0,1AhXtH8GH35jGHHJ7N4ZvKYvCyGT7evE41,50.0,p2pk,https://raw.githubusercontent.com/bensig/patoshi-addresses/main/patoshi_pubkeys_COMPLETE.csv
E,20028,0,1Kc89PzgMBJLYRnzJYwtSYCUaC6tost4hE,50.0,p2pk,https://raw.githubusercontent.com/bensig/patoshi-addresses/main/patoshi_pubkeys_COMPLETE.csv
E,20030,0,1JVBuqyYGMN1EFwCVqV2Zg427FYh38Dmhz,50.0,p2pk,https://raw.githubusercontent.com/bensig/patoshi-addresses/main/patoshi_pubkeys_COMPLETE.csv
E,20032,0,154YGcXShS84FjUNrjYfCvGMcYnicTMMuZ,50.0,p2pk,https://raw.githubusercontent.com/bensig/patoshi-addresses/main/patoshi_pubkeys_COMPLETE.csv
E,20033,0,1D4R3vxBBtbd4QWEBDLdF1AHBz9a9gEmmx,50.0,p2pk,https://raw.githubusercontent.com/bensig/patoshi-addresses/main/patoshi_pubkeys_COMPLETE.csv
E,20034,0,142T1pUXB3RRACx8zUnmJrwmWh7ico5cFE,50.0,p2pk,https://raw.githubusercontent.com/bensig/patoshi-addresses/main/patoshi_pubkeys_COMPLETE.csv
E,20035,0,1FBqvPCu1AdpdWkfUui98ZdAQXL6kCeTrw,50.0,p2pk,https://raw.githubusercontent.com/bensig/patoshi-addresses/main/patoshi_pubkeys_COMPLETE.csv
E,20037,0,1Gcapg1jNvMw3r5CkCzCDG8u5mnoYTPke7,50.0,p2pk,https://raw.githubusercontent.com/bensig/patoshi-addresses/main/patoshi_pubkeys_COMPLETE.csv
E,20038,0,1NHvrJhdiKJzLAXs7X3FgC7VMJku5W2B8S,50.0,p2pk,https://raw.githubusercontent.com/bensig/patoshi-addresses/main/patoshi_pubkeys_COMPLETE.csv
E,20039,0,1HtD7Lq3aFbefgHUReb2Gf94vj8NvjHVfv,50.0,p2pk,https://raw.githubusercontent.com/bensig/patoshi-addresses/main/patoshi_pubkeys_COMPLETE.csv
E,20040,0,17t5bXKQWqe7nxQXj7gpB9YpowCtSXue4n,50.0,p2pk,https://raw.githubusercontent.com/bensig/patoshi-addresses/main/patoshi_pubkeys_COMPLETE.csv
E,20041,0,1Jt8tu7uUCYoHAR5jyunoE4y6urFRj5nk4,50.0,p2pk,https://raw.githubusercontent.com/bensig/patoshi-addresses/main/patoshi_pubkeys_COMPLETE.csv
E,20043,0,14hASELcCTaYRsYJ9YXw8F8oBSfQZWVHsb,50.0,p2pk,https://raw.githubusercontent.com/bensig/patoshi-addresses/main/patoshi_pubkeys_COMPLETE.csv
E,20044,0,1PDod2dFdpJgZog8evDxptcuqBkZbtSEdv,50.0,p2pk,https://raw.githubusercontent.com/bensig/patoshi-addresses/main/patoshi_pubkeys_COMPLETE.csv
E,20045,0,1EEC8G1GNrKwSW7rHAgN2e2gpX9k56hDLg,50.0,p2pk,https://raw.githubusercontent.com/bensig/patoshi-addresses/main/patoshi_pubkeys_COMPLETE.csv
E,20047,0,1HoASjfJqsPvczFPmnM4T5V5n6gU6peyFs,50.0,p2pk,https://raw.githubusercontent.com/bensig/patoshi-addresses/main/patoshi_pubkeys_COMPLETE.csv
E,20048,0,18PQm1ZoN2x2EbuqNvwXZTeEeiycvAaxPm,50.0,p2pk,https://raw.githubusercontent.com/bensig/patoshi-addresses/main/patoshi_pubkeys_COMPLETE.csv
E,20051,0,1LVMXrvcPHg4JjPk88BSAqqwifGDKd6DHZ,50.0,p2pk,https://raw.githubusercontent.com/bensig/patoshi-addresses/main/patoshi_pubkeys_COMPLETE.csv
E,20052,0,1AVbvXfPHqFmmUEfwsEswQRDyzkeaGFuqA,50.0,p2pk,https://raw.githubusercontent.com/bensig/patoshi-addresses/main/patoshi_pubkeys_COMPLETE.csv
E,20053,0,15xykZGj6ni7jCEgp9bsn5i2qbGqNXrVzM,50.0,p2pk,https://raw.githubusercontent.com/bensig/patoshi-addresses/main/patoshi_pubkeys_COMPLETE.csv
E,20054,0,161riFkFmHBVA3fR7t4awKSEA2GpGGL75h,50.0,p2pk,https://raw.githubusercontent.com/bensig/patoshi-addresses/main/patoshi_pubkeys_COMPLETE.csv
E,20057,0,15Vi3z6D65YkMjaCab4UmQRTvxiZNEjafc,50.0,p2pk,https://raw.githubusercontent.com/bensig/patoshi-addresses/main/patoshi_pubkeys_COMPLETE.csv
E,20058,0,1Nd6k4o8uqiKSPj7X8whYLARwuEZnLFQjR,50.0,p2pk,https://raw.githubusercontent.com/bensig/patoshi-addresses/main/patoshi_pubkeys_COMPLETE.csv
E,20059,0,14v473eW8A53jAKbUvoE8wtjjnZ3JKLRaV,50.0,p2pk,https://raw.githubusercontent.com/bensig/patoshi-addresses/main/patoshi_pubkeys_COMPLETE.csv
E,20060,0,12khAjojha9gCUFaZb31RLdEtyGBwvSUh3,50.0,p2pk,https://raw.githubusercontent.com/bensig/patoshi-addresses/main/patoshi_pubkeys_COMPLETE.csv
E,20061,0,1zt3cjwqr83VeJDc65qEBJRXCeU6J35fj,50.0,p2pk,https://raw.githubusercontent.com/bensig/patoshi-addresses/main/patoshi_pubkeys_COMPLETE.csv
E,20062,0,167ftSjtBzA8sSwx4WSfNU5o2rm5qafgGu,50.0,p2pk,https://raw.githubusercontent.com/bensig/patoshi-addresses/main/patoshi_pubkeys_COMPLETE.csv
E,20063,0,1GrmsVsWHfCztPDdF6Xp27zuNCe1EcSzqL,50.0,p2pk,https://raw.githubusercontent.com/bensig/patoshi-addresses/main/patoshi_pubkeys_COMPLETE.csv
E,20065,0,1Kbqhvi1gntfd1PiFk68Ard38JjQZX5rAe,50.0,p2pk,https://raw.githubusercontent.com/bensig/patoshi-addresses/main/patoshi_pubkeys_COMPLETE.csv
E,20066,0,1K2p2CYgKVbdv4BVrHRokyDSf65skVJvMw,50.0,p2pk,https://raw.githubusercontent.com/bensig/patoshi-addresses/main/patoshi_pubkeys_COMPLETE.csv
E,20068,0,1L77qkx2Au5t5hWcy9MXvLxpBxy95hgTqx,50.0,p2pk,https://raw.githubusercontent.com/bensig/patoshi-addresses/main/patoshi_pubkeys_COMPLETE.csv
E,20071,0,1MF4LGAVPaEu4qjJ4E6innS3zrQJuxXRe5,50.0,p2pk,https://raw.githubusercontent.com/bensig/patoshi-addresses/main/patoshi_pubkeys_COMPLETE.csv
E,20073,0,16WHUzu8a17XaEaR1Si4g4Mr811pk3xEGz,50.0,p2pk,https://raw.githubusercontent.com/bensig/patoshi-addresses/main/patoshi_pubkeys_COMPLETE.csv
E,20074,0,18WoPrV5XD3j6NHEmEjKjnVAC4qv4VgDk3,50.0,p2pk,https://raw.githubusercontent.com/bensig/patoshi-addresses/main/patoshi_pubkeys_COMPLETE.csv
E,20075,0,18QZpc2LcTXGsSrcGNywuQdcMtCVewRQhZ,50.0,p2pk,https://raw.githubusercontent.com/bensig/patoshi-addresses/main/patoshi_pubkeys_COMPLETE.csv
E,20078,0,1HY7MLYrpBjX34x7QbGoE13fg16TQVndSS,50.0,p2pk,https://raw.githubusercontent.com/bensig/patoshi-addresses/main/patoshi_pubkeys_COMPLETE.csv
E,20081,0,18DVZYzQ5SVGtq5fu4W2ekRrLyzUqtYgSd,50.0,p2pk,https://raw.githubusercontent.com/bensig/patoshi-addresses/main/patoshi_pubkeys_COMPLETE.csv
E,20083,0,16t3GWuwXhQeBx1XKwLX1tRp1LJ98SwMKp,50.0,p2pk,https://raw.githubusercontent.com/bensig/patoshi-addresses/main/patoshi_pubkeys_COMPLETE.csv
E,20087,0,1KUduANU5P47TcoBRAKoQGVy8qt9v3bcFd,50.0,p2pk,https://raw.githubusercontent.com/bensig/patoshi-addresses/main/patoshi_pubkeys_COMPLETE.csv
E,20089,0,1QFDiU73vPxXzosftgEkrHCXUywMzqETsN,50.0,p2pk,https://raw.githubusercontent.com/bensig/patoshi-addresses/main/patoshi_pubkeys_COMPLETE.csv
E,20091,0,1LWmW6y832wzy62SGhRiKagcKcaWFj9YGp,50.0,p2pk,https://raw.githubusercontent.com/bensig/patoshi-addresses/main/patoshi_pubkeys_COMPLETE.csv
E,20092,0,1D8zwADgHnY9HZHqp9XeF3wpNUn4iU5QPe,50.0,p2pk,https://raw.githubusercontent.com/bensig/patoshi-addresses/main/patoshi_pubkeys_COMPLETE.csv
E,20093,0,1BxcS6BBWfqXsuuENxSPQ2kjmdwnMVvrkq,50.0,p2pk,https://raw.githubusercontent.com/bensig/patoshi-addresses/main/patoshi_pubkeys_COMPLETE.csv
E,20094,0,1NzhU1E1xuLDVUkVYLqBXFgVgnW8iFDq4d,50.0,p2pk,https://raw.githubusercontent.com/bensig/patoshi-addresses/main/patoshi_pubkeys_COMPLETE.csv
E,20096,0,1pYzpYDUkfY2sZMqdpDoMA5ZMNk92viua,50.0,p2pk,https://raw.githubusercontent.com/bensig/patoshi-addresses/main/patoshi_pubkeys_COMPLETE.csv
E,20097,0,1KLTfqBfpWG4gTa2jWWWpjfui8TRfrs7ka,50.0,p2pk,https://raw.githubusercontent.com/bensig/patoshi-addresses/main/patoshi_pubkeys_COMPLETE.csv
E,20098,0,1MYgfVEGHz45cAMwKvS3BdPDpRWrFg5dFH,50.0,p2pk,https://raw.githubusercontent.com/bensig/patoshi-addresses/main/patoshi_pubkeys_COMPLETE.csv
E,20099,0,1FdKF7YqhJNgaxNxGVcifnVtGf23isfboi,50.0,p2pk,https://raw.githubusercontent.com/bensig/patoshi-addresses/main/patoshi_pubkeys_COMPLETE.csv
E,20101,0,1HfQqX2QuHPth1C43YyiyUe99YecVi2UrB,50.0,p2pk,https://raw.githubusercontent.com/bensig/patoshi-addresses/main/patoshi_pubkeys_COMPLETE.csv
E,20102,0,1AzAxExcgMUfkZ5vsvTDTbdgDjUJFKa22S,50.0,p2pk,https://raw.githubusercontent.com/bensig/patoshi-addresses/main/patoshi_pubkeys_COMPLETE.csv
E,20103,0,1K6ASAGDj8jwhLYrZzzEvNFTvVFVqPJQBX,50.0,p2pk,https://raw.githubusercontent.com/bensig/patoshi-addresses/main/patoshi_pubkeys_COMPLETE.csv
E,20104,0,1P6mMASYJTb4WA6YoxdfUDtzAJsQ9gsywk,50.0,p2pk,https://raw.githubusercontent.com/bensig/patoshi-addresses/main/patoshi_pubkeys_COMPLETE.csv
E,20106,0,1CGyBgmytBTG4ZXPcJdQrEuYc7oEfJ6e8x,50.0,p2pk,https://raw.githubusercontent.com/bensig/patoshi-addresses/main/patoshi_pubkeys_COMPLETE.csv
E,20107,0,1PWgafvMpPQa8Ro3zNKTDvMURkbX6UrmL3,50.0,p2pk,https://raw.githubusercontent.com/bensig/patoshi-addresses/main/patoshi_pubkeys_COMPLETE.csv
E,20108,0,1BvodJmbcgy1JE55uBbYmnoVEyAXRooeat,50.0,p2pk,https://raw.githubusercontent.com/bensig/patoshi-addresses/main/patoshi_pubkeys_COMPLETE.csv
E,20109,0,1NTqVQw376jw81hbrEQuWhxuacFwpbdi9k,50.0,p2pk,https://raw.githubusercontent.com/bensig/patoshi-addresses/main/patoshi_pubkeys_COMPLETE.csv
E,20110,0,14HyZ9HdECHbkwgV5RJD6rSwBE8daFcoZA,50.0,p2pk,https://raw.githubusercontent.com/bensig/patoshi-addresses/main/patoshi_pubkeys_COMPLETE.csv
E,20111,0,1Nf8eJkxRUAHJ5AA13hyXoU34gNzCB1e3v,50.0,p2pk,https://raw.githubusercontent.com/bensig/patoshi-addresses/main/patoshi_pubkeys_COMPLETE.csv
E,20112,0,1BRGXcPH7wHUGpsyNeSidDCFbzsTouQbY,50.0,p2pk,https://raw.githubusercontent.com/bensig/patoshi-addresses/main/patoshi_pubkeys_COMPLETE.csv
E,20114,0,1BZj7LDWxyYqa4YTswcjSa3N8peUkTZTAp,50.0,p2pk,https://raw.githubusercontent.com/bensig/patoshi-addresses/main/patoshi_pubkeys_COMPLETE.csv
E,20117,0,1Lot97HvHnRdfgjxC2PiTy6xAviiUi6DBF,50.0,p2pk,https://raw.githubusercontent.com/bensig/patoshi-addresses/main/patoshi_pubkeys_COMPLETE.csv
E,20118,0,1K5eycVTpmkSziK1Kwa5gT7pNJRmaz68qg,50.0,p2pk,https://raw.githubusercontent.com/bensig/patoshi-addresses/main/patoshi_pubkeys_COMPLETE.csv
E,20119,0,1MmfXznqqZpLR2KU9B3J8hCPVDUWDYWeDz,50.0,p2pk,https://raw.githubusercontent.com/bensig/patoshi-addresses/main/patoshi_pubkeys_COMPLETE.csv
E,20121,0,1MhL412vbiJNwjDHwdGjeQWhrtwHTRvkVG,50.0,p2pk,https://raw.githubusercontent.com/bensig/patoshi-addresses/main/patoshi_pubkeys_COMPLETE.csv
E,20124,0,15DRhSpzBSF3mAn6NgzXpmXA7GFtcwE3Aa,50.0,p2pk,https://raw.githubusercontent.com/bensig/patoshi-addresses/main/patoshi_pubkeys_COMPLETE.csv
E,20125,0,186hR7PBqHJnmRvPqjGQkczMFpWtpocwva,50.0,p2pk,https://raw.githubusercontent.com/bensig/patoshi-addresses/main/patoshi_pubkeys_COMPLETE.csv
E,20127,0,1LX8RfRdUXk41xreKwjwaRvoHmi3vXYzPS,50.0,p2pk,https://raw.githubusercontent.com/bensig/patoshi-addresses/main/patoshi_pubkeys_COMPLETE.csv
E,20128,0,1EcFtrsabBWEo63bgyX1by6pmT6NGNja5A,50.0,p2pk,https://raw.githubusercontent.com/bensig/patoshi-addresses/main/patoshi_pubkeys_COMPLETE.csv
E,20129,0,1Pe5NXsR8s7r4CqxXwT97w5eKitbCCng35,50.0,p2pk,https://raw.githubusercontent.com/bensig/patoshi-addresses/main/patoshi_pubkeys_COMPLETE.csv
E,20130,0,1AABxiNNe1mjeCNKHxHTYU1dNFRx9x9yWW,50.0,p2pk,https://raw.githubusercontent.com/bensig/patoshi-addresses/main/patoshi_pubkeys_COMPLETE.csv
E,20131,0,18XLVHGD6iXoJ1ratscsSwCTCiMN8aQohR,50.0,p2pk,https://raw.githubusercontent.com/bensig/patoshi-addresses/main/patoshi_pubkeys_COMPLETE.csv
E,20133,0,1731f94mHQiTGNFyGnNNW41SmeHTHEKg3c,50.0,p2pk,https://raw.githubusercontent.com/bensig/patoshi-addresses/main/patoshi_pubkeys_COMPLETE.csv
E,20134,0,18N9Z4nEBnePk4j3d1m4QUGHwpPd92zDyQ,50.0,p2pk,https://raw.githubusercontent.com/bensig/patoshi-addresses/main/patoshi_pubkeys_COMPLETE.csv
E,20135,0,1AjVJEQvQ5NPizNwgMim4jDpub4BZknrNk,50.0,p2pk,https://raw.githubusercontent.com/bensig/patoshi-addresses/main/patoshi_pubkeys_COMPLETE.csv
E,20136,0,1PRBGpaP8sMJHVXof5KshQi8f1g5HUk3yr,50.0,p2pk,https://raw.githubusercontent.com/bensig/patoshi-addresses/main/patoshi_pubkeys_COMPLETE.csv
E,20138,0,1EmAp1KBee38SSimUVKvjNR1SG34dktUKN,50.0,p2pk,https://raw.githubusercontent.com/bensig/patoshi-addresses/main/patoshi_pubkeys_COMPLETE.csv
E,20139,0,1G6YMVLR3MjVsiBQiGiQT3ER9YCzGRGTWM,50.0,p2pk,https://raw.githubusercontent.com/bensig/patoshi-addresses/main/patoshi_pubkeys_COMPLETE.csv
E,20141,0,143HmymCkKnLySP7jy8nDunjUPjf7fpm7G,50.0,p2pk,https://raw.githubusercontent.com/bensig/patoshi-addresses/main/patoshi_pubkeys_COMPLETE.csv
E,20143,0,17wdRHKjhCsCEEYRJktZyL2CVApGmBEY6,50.0,p2pk,https://raw.githubusercontent.com/bensig/patoshi-addresses/main/patoshi_pubkeys_COMPLETE.csv
E,20144,0,1LeKjKRtZEypsLBreTCfE2hRdLerb8pC3L,50.0,p2pk,https://raw.githubusercontent.com/bensig/patoshi-addresses/main/patoshi_pubkeys_COMPLETE.csv
E,20145,0,1MwtTtZm6DUAsCqioc4QPgAKk2E4Mtsgm1,50.0,p2pk,https://raw.githubusercontent.com/bensig/patoshi-addresses/main/patoshi_pubkeys_COMPLETE.csv
E,20146,0,19hyzLD8uBDnUzkj7vVrknFQuLNJudLkaD,50.0,p2pk,https://raw.githubusercontent.com/bensig/patoshi-addresses/main/patoshi_pubkeys_COMPLETE.csv
E,20147,0,15manVdhzQjuNcZWjVGsbbmxA6fF8LHZsR,50.0,p2pk,https://raw.githubusercontent.com/bensig/patoshi-addresses/main/patoshi_pubkeys_COMPLETE.csv
E,20148,0,1Kqe7Vy9pbRwppM1q3Pgd8rKLx86Ng78nh,50.0,p2pk,https://raw.githubusercontent.com/bensig/patoshi-addresses/main/patoshi_pubkeys_COMPLETE.csv
E,20150,0,1C5yrEdn5GjNDL2Y5J5VFRycqYc1Ptcvyj,50.0,p2pk,https://raw.githubusercontent.com/bensig/patoshi-addresses/main/patoshi_pubkeys_COMPLETE.csv
E,20151,0,17DyQJ3S4xRVLpnRTAEqHCgeiWC7mphwEs,50.0,p2pk,https://raw.githubusercontent.com/bensig/patoshi-addresses/main/patoshi_pubkeys_COMPLETE.csv
E,20152,0,14AaPRbqLpzWFQAmnko6EWdUeJGmprgmHL,50.0,p2pk,https://raw.githubusercontent.com/bensig/patoshi-addresses/main/patoshi_pubkeys_COMPLETE.csv
E,20153,0,1F38hvEPm2oq5hqbpR5HQPsxeZtf5JERrL,50.0,p2pk,https://raw.githubusercontent.com/bensig/patoshi-addresses/main/patoshi_pubkeys_COMPLETE.csv
E,20155,0,17DQj9ho4nJdv33jzVBbuh8FSRdMogvSaY,50.0,p2pk,https://raw.githubusercontent.com/bensig/patoshi-addresses/main/patoshi_pubkeys_COMPLETE.csv
E,20156,0,196xCfdo7E7u63z5TEmC6c5rrFtZofLY3K,50.0,p2pk,https://raw.githubusercontent.com/bensig/patoshi-addresses/main/patoshi_pubkeys_COMPLETE.csv
E,20157,0,1ALs5opUJhs8DqVrVQAgSPpmx5eZn4QUA2,50.0,p2pk,https://raw.githubusercontent.com/bensig/patoshi-addresses/main/patoshi_pubkeys_COMPLETE.csv
E,20161,0,1PmVcRYr3uxAiAVrknWzsNQVzbCQXmjzpu,50.0,p2pk,https://raw.githubusercontent.com/bensig/patoshi-addresses/main/patoshi_pubkeys_COMPLETE.csv
E,20162,0,19N9gtT7RoZgRQo2Wwf5mdAetXREHagUwi,50.0,p2pk,https://raw.githubusercontent.com/bensig/patoshi-addresses/main/patoshi_pubkeys_COMPLETE.csv
E,20164,0,1H2UwjpQiMdyksJ3mFMzXYaXxmKqUqPhaS,50.0,p2pk,https://raw.githubusercontent.com/bensig/patoshi-addresses/main/patoshi_pubkeys_COMPLETE.csv
E,20165,0,1QE3AyMLrkVjxREiaLXgzoMHnW2FQi9bmy,50.0,p2pk,https://raw.githubusercontent.com/bensig/patoshi-addresses/main/patoshi_pubkeys_COMPLETE.csv
E,20166,0,1AvqLUjPtMTGYPHrmHZWhoScw2xAeYh2Z2,50.0,p2pk,https://raw.githubusercontent.com/bensig/patoshi-addresses/main/patoshi_pubkeys_COMPLETE.csv
E,20167,0,1LsWmsgDKqzMumn7U3xo7mjMQAQw9ZoAEt,50.0,p2pk,https://raw.githubusercontent.com/bensig/patoshi-addresses/main/patoshi_pubkeys_COMPLETE.csv
E,20168,0,13ME2VJ2GMoeDqk5xZcnUaKExen5LT8vcm,50.0,p2pk,https://raw.githubusercontent.com/bensig/patoshi-addresses/main/patoshi_pubkeys_COMPLETE.csv
E,20169,0,1EuX9p3zDcwXhPMT2omffy9xLrdnjGDiA3,50.0,p2pk,https://raw.githubusercontent.com/bensig/patoshi-addresses/main/patoshi_pubkeys_COMPLETE.csv
E,20171,0,18dHx3LzKVRQ1YYqCA3EvjTWz6vNwAhAQy,50.0,p2pk,https://raw.githubusercontent.com/bensig/patoshi-addresses/main/patoshi_pubkeys_COMPLETE.csv
E,20173,0,1ECxYyAVg363DBF8HKVQiZRHCEySTRKpHU,50.0,p2pk,https://raw.githubusercontent.com/bensig/patoshi-addresses/main/patoshi_pubkeys_COMPLETE.csv
E,20174,0,1855RB1ZH7ifrVm8JkQpSGsU8QwZV2PjWf,50.0,p2pk,https://raw.githubusercontent.com/bensig/patoshi-addresses/main/patoshi_pubkeys_COMPLETE.csv
E,20176,0,1123CbSL5FsetAi7za8gMBYjNHhuCURDPC,50.0,p2pk,https://raw.githubusercontent.com/bensig/patoshi-addresses/main/patoshi_pubkeys_COMPLETE.csv
E,20177,0,1PbdX3BS4V894VPQAYUA9xnKaBqB2SZ2Mm,50.0,p2pk,https://raw.githubusercontent.com/bensig/patoshi-addresses/main/patoshi_pubkeys_COMPLETE.csv
E,20179,0,1K4Wd5iaAcz9fvK1QWyc9Hztu2ywVtPJhS,50.0,p2pk,https://raw.githubusercontent.com/bensig/patoshi-addresses/main/patoshi_pubkeys_COMPLETE.csv
E,20180,0,14fVzvL1frvH3HBvfMRFFHCCkdz8u4PtVB,50.0,p2pk,https://raw.githubusercontent.com/bensig/patoshi-addresses/main/patoshi_pubkeys_COMPLETE.csv
E,20181,0,12cTmfkqya9Mjy2TrwNVkwLx4Z6S5aS458,50.0,p2pk,https://raw.githubusercontent.com/bensig/patoshi-addresses/main/patoshi_pubkeys_COMPLETE.csv
E,20182,0,1JkQ8jTs8cyTN4KSTDe24xvEqvhYWQcZ5d,50.0,p2pk,https://raw.githubusercontent.com/bensig/patoshi-addresses/main/patoshi_pubkeys_COMPLETE.csv
E,20183,0,1H4T9Xm6HxS9gD1PuYyoDkVcgZ9qBrW7xc,50.0,p2pk,https://raw.githubusercontent.com/bensig/patoshi-addresses/main/patoshi_pubkeys_COMPLETE.csv
E,20184,0,115VdK74c5eS8XyqfCVhWRoa6etAvb3Yrt,50.0,p2pk,https://raw.githubusercontent.com/bensig/patoshi-addresses/main/patoshi_pubkeys_COMPLETE.csv
E,20185,0,1E5ZNhbu47wwFyru5MS11gcXn4HtbhMaN6,50.0,p2pk,https://raw.githubusercontent.com/bensig/patoshi-addresses/main/patoshi_pubkeys_COMPLETE.csv
E,20186,0,1BGvDUaTfhXftJ65iSA8UCHCSSBDnE53uf,50.0,p2pk,https://raw.githubusercontent.com/bensig/patoshi-addresses/main/patoshi_pubkeys_COMPLETE.csv
E,20211,0,1Agd3XaqYPKCaqm7zkisHCFEfdNZxaVQx3,50.0,p2pk,https://raw.githubusercontent.com/bensig/patoshi-addresses/main/patoshi_pubkeys_COMPLETE.csv
E,20212,0,19NxwopYkEV5CxzvgQGRDKXp2DHWyjgqSn,50.0,p2pk,https://raw.githubusercontent.com/bensig/patoshi-addresses/main/patoshi_pubkeys_COMPLETE.csv
E,20213,0,1PhdA1dVNVXxParNUUwaBw7n1wqp3ooidC,50.0,p2pk,https://raw.githubusercontent.com/bensig/patoshi-addresses/main/patoshi_pubkeys_COMPLETE.csv
E,20214,0,1LyXMHN1NkuKw9oX8unVmNqLLETwBFYydX,50.0,p2pk,https://raw.githubusercontent.com/bensig/patoshi-addresses/main/patoshi_pubkeys_COMPLETE.csv
E,20216,0,1EfHexVdpiS1pe5B4onCA6HWvd2BeEi2i7,50.0,p2pk,https://raw.githubusercontent.com/bensig/patoshi-addresses/main/patoshi_pubkeys_COMPLETE.csv
E,20217,0,1Cw9vAWxn3kZHhkqAq2bS2JWBzDCmadmiX,50.0,p2pk,https://raw.githubusercontent.com/bensig/patoshi-addresses/main/patoshi_pubkeys_COMPLETE.csv
E,20218,0,1AoemftU6mr9qET8sBHy1t1QSYaHQ4s8uv,50.0,p2pk,https://raw.githubusercontent.com/bensig/patoshi-addresses/main/patoshi_pubkeys_COMPLETE.csv
E,20219,0,115m6T77x8EZLrMVrwdssc72EibcysLGAW,50.0,p2pk,https://raw.githubusercontent.com/bensig/patoshi-addresses/main/patoshi_pubkeys_COMPLETE.csv
E,20220,0,1GbUWEYZmshExbdoGPtjPkzhxio7FHDDGz,50.0,p2pk,https://raw.githubusercontent.com/bensig/patoshi-addresses/main/patoshi_pubkeys_COMPLETE.csv
E,20221,0,1BBoVknuBXjHWJwu4br9HyrnR9YZeq17sB,50.0,p2pk,https://raw.githubusercontent.com/bensig/patoshi-addresses/main/patoshi_pubkeys_COMPLETE.csv
E,20222,0,1BspT9ppcZxbH6edf8Wh39kjv2SoKQo2fK,50.0,p2pk,https://raw.githubusercontent.com/bensig/patoshi-addresses/main/patoshi_pubkeys_COMPLETE.csv
E,20223,0,1CVhaPUgLKqmnWP7wr6kPYVu1SCd9Ucsos,50.0,p2pk,https://raw.githubusercontent.com/bensig/patoshi-addresses/main/patoshi_pubkeys_COMPLETE.csv
E,20224,0,15kxB73oot2Y3rZX7yAqCz7cn49B54wpo4,50.0,p2pk,https://raw.githubusercontent.com/bensig/patoshi-addresses/main/patoshi_pubkeys_COMPLETE.csv
E,20226,0,1EZFcQp8QTRnDQB1DJQF2BcRFiEGy1XC3X,50.0,p2pk,https://raw.githubusercontent.com/bensig/patoshi-addresses/main/patoshi_pubkeys_COMPLETE.csv
E,20229,0,1GZdDkddYKv6yhuaWLmh6Siukrcj4sWMv6,50.0,p2pk,https://raw.githubusercontent.com/bensig/patoshi-addresses/main/patoshi_pubkeys_COMPLETE.csv
E,20230,0,16ziW2dA2pJGhFn9qnFYyzHyjsKATD6He6,50.0,p2pk,https://raw.githubusercontent.com/bensig/patoshi-addresses/main/patoshi_pubkeys_COMPLETE.csv
E,20231,0,1F4sT69wTCP2kMtibjjXJWaHyfnpVhJE8L,50.0,p2pk,https://raw.githubusercontent.com/bensig/patoshi-addresses/main/patoshi_pubkeys_COMPLETE.csv
E,20232,0,12Ucs5PMvcYFusEKEpz6SVRgbQ45QpPVHC,50.0,p2pk,https://raw.githubusercontent.com/bensig/patoshi-addresses/main/patoshi_pubkeys_COMPLETE.csv
E,20233,0,1H12VUwuNg5RAh5zAW6YPseH7yEeaoh6Na,50.0,p2pk,https://raw.githubusercontent.com/bensig/patoshi-addresses/main/patoshi_pubkeys_COMPLETE.csv
E,20234,0,1Hx7gJZp8Vi7va6PST3oKtSmb3y6GDT4fN,50.0,p2pk,https://raw.githubusercontent.com/bensig/patoshi-addresses/main/patoshi_pubkeys_COMPLETE.csv
E,20235,0,1uHCJVQTEYkGhd2t4EgNLFfvQmiAHXwea,50.0,p2pk,https://raw.githubusercontent.com/bensig/patoshi-addresses/main/patoshi_pubkeys_COMPLETE.csv
E,20237,0,15DjCyh3FqHLsy43xMdr9a8vz9hYnpKyZ4,50.0,p2pk,https://raw.githubusercontent.com/bensig/patoshi-addresses/main/patoshi_pubkeys_COMPLETE.csv
E,20238,0,1AiLhVF1arej752xnE2ZXg14kEyHVqCR9f,50.0,p2pk,https://raw.githubusercontent.com/bensig/patoshi-addresses/main/patoshi_pubkeys_COMPLETE.csv
E,20239,0,1AZCMZXPc1bA8M2mTP6DpRiVE3kNGBMA17,50.0,p2pk,https://raw.githubusercontent.com/bensig/patoshi-addresses/main/patoshi_pubkeys_COMPLETE.csv
E,20240,0,1PxLpcV6rEmGhzM2fpqUJxjHjjpMDJ4BV3,50.0,p2pk,https://raw.githubusercontent.com/bensig/patoshi-addresses/main/patoshi_pubkeys_COMPLETE.csv
E,20241,0,1JtyBHGk6DpvAKJZWjicav1ocoxsmxQB4U,50.0,p2pk,https://raw.githubusercontent.com/bensig/patoshi-addresses/main/patoshi_pubkeys_COMPLETE.csv
E,20242,0,18aUZxSQW6iYrUvwT7hKRZ8BVCc2SMWaGH,50.0,p2pk,https://raw.githubusercontent.com/bensig/patoshi-addresses/main/patoshi_pubkeys_COMPLETE.csv
E,20243,0,17T7tpiVPN1cQNphSfnNf5NtzxX7M6o2Br,50.0,p2pk,https://raw.githubusercontent.com/bensig/patoshi-addresses/main/patoshi_pubkeys_COMPLETE.csv
E,20248,0,1B8EdTbabPR2yUT5UHBDxYyYuerTLNf6R9,50.0,p2pk,https://raw.githubusercontent.com/bensig/patoshi-addresses/main/patoshi_pubkeys_COMPLETE.csv
E,20251,0,1Gb6PkYfbjapAmzHiofYBUcytRSaWyP3mN,50.0,p2pk,https://raw.githubusercontent.com/bensig/patoshi-addresses/main/patoshi_pubkeys_COMPLETE.csv
E,20252,0,1LC4wWvh8q5P9unpp4zkFJ6jHAE5VAPu79,50.0,p2pk,https://raw.githubusercontent.com/bensig/patoshi-addresses/main/patoshi_pubkeys_COMPLETE.csv
E,20253,0,1H1LFdJcEKeDU4qPu7Gm1GMNH4ihEgxQyj,50.0,p2pk,https://raw.githubusercontent.com/bensig/patoshi-addresses/main/patoshi_pubkeys_COMPLETE.csv
E,20254,0,1GW4Teg9qU9UjR4BqaPtySz4kmDwmksPog,50.0,p2pk,https://raw.githubusercontent.com/bensig/patoshi-addresses/main/patoshi_pubkeys_COMPLETE.csv
E,20256,0,1FQq5Wg4EXAH6KpGSujLV8A8nBLn7wkg4M,50.0,p2pk,https://raw.githubusercontent.com/bensig/patoshi-addresses/main/patoshi_pubkeys_COMPLETE.csv
E,20257,0,187uwYLxYFuqqwoS4GPe6b7sct4yy3Q7af,50.0,p2pk,https://raw.githubusercontent.com/bensig/patoshi-addresses/main/patoshi_pubkeys_COMPLETE.csv
E,20258,0,1MLGTKxyCR2KuX2eVwryV5Qv6Kj2ELEdoD,50.0,p2pk,https://raw.githubusercontent.com/bensig/patoshi-addresses/main/patoshi_pubkeys_COMPLETE.csv
E,20259,0,1DszEemCokp2JihqabpEGyY49X9fKGUr1U,50.0,p2pk,https://raw.githubusercontent.com/bensig/patoshi-addresses/main/patoshi_pubkeys_COMPLETE.csv
E,20261,0,1FQ9KvVRB2nSXts6AkUdepS16oyHcdX2n8,50.0,p2pk,https://raw.githubusercontent.com/bensig/patoshi-addresses/main/patoshi_pubkeys_COMPLETE.csv
E,20262,0,1FLNF57JzypBB1xcPm4HzE56d6SjMkdCLM,50.0,p2pk,https://raw.githubusercontent.com/bensig/patoshi-addresses/main/patoshi_pubkeys_COMPLETE.csv
E,20263,0,12w7vE6trAGXQZBWdVbk1mDk5DMGWw8rwY,50.0,p2pk,https://raw.githubusercontent.com/bensig/patoshi-addresses/main/patoshi_pubkeys_COMPLETE.csv
E,20264,0,1D1ecHFhDujyPiRMX8PM6MTwPHXpz9HnCn,50.0,p2pk,https://raw.githubusercontent.com/bensig/patoshi-addresses/main/patoshi_pubkeys_COMPLETE.csv
E,20265,0,1WXfQqb8U4enm2XCciBF5jwrp3NLAvDqb,50.0,p2pk,https://raw.githubusercontent.com/bensig/patoshi-addresses/main/patoshi_pubkeys_COMPLETE.csv
E,20266,0,128wfkZ7F4UcKBxXAM8y7HYVMCqbP2HUYQ,50.0,p2pk,https://raw.githubusercontent.com/bensig/patoshi-addresses/main/patoshi_pubkeys_COMPLETE.csv
E,20267,0,1DZ8ge5E9UHVtGwiiPioqgaGLaoaXLQ1pi,50.0,p2pk,https://raw.githubusercontent.com/bensig/patoshi-addresses/main/patoshi_pubkeys_COMPLETE.csv
E,20268,0,13fTRZMV6C9P5qZKYJGHbJkUcq49BGjL63,50.0,p2pk,https://raw.githubusercontent.com/bensig/patoshi-addresses/main/patoshi_pubkeys_COMPLETE.csv
E,20270,0,17AhUUq2PYKLDX51QgBuUaamWBe7dLf8bF,50.0,p2pk,https://raw.githubusercontent.com/bensig/patoshi-addresses/main/patoshi_pubkeys_COMPLETE.csv
E,20271,0,1E3ebarBX1PLxeaMKhp7KxKy3hcyUWdvCg,50.0,p2pk,https://raw.githubusercontent.com/bensig/patoshi-addresses/main/patoshi_pubkeys_COMPLETE.csv
E,20273,0,14AS4YCQamZvQtP6UBqjy199vHPoUfuBuS,50.0,p2pk,https://raw.githubusercontent.com/bensig/patoshi-addresses/main/patoshi_pubkeys_COMPLETE.csv
E,20274,0,13VFD8JUUSaYZBcZuJVMTWu22itzzL18wG,50.0,p2pk,https://raw.githubusercontent.com/bensig/patoshi-addresses/main/patoshi_pubkeys_COMPLETE.csv
E,20275,0,1EdoDPpB3XpVdapU2B4JzTvAa4UtdBuzVa,50.0,p2pk,https://raw.githubusercontent.com/bensig/patoshi-addresses/main/patoshi_pubkeys_COMPLETE.csv
E,20276,0,1FTkFdWRaSMN6x6AMugaDq1GrD41J8BdCU,50.0,p2pk,https://raw.githubusercontent.com/bensig/patoshi-addresses/main/patoshi_pubkeys_COMPLETE.csv
E,20277,0,18d7DR1LBmFkAfsXb5E7v29kPw9voT4ANs,50.0,p2pk,https://raw.githubusercontent.com/bensig/patoshi-addresses/main/patoshi_pubkeys_COMPLETE.csv
E,20279,0,1FZnX7rpQhh9QUmEJyo27o52qq9yESWDqc,50.0,p2pk,https://raw.githubusercontent.com/bensig/patoshi-addresses/main/patoshi_pubkeys_COMPLETE.csv
E,20281,0,1Admcj5UHqW37QMjeJC9ayFVrbZM3FnarG,50.0,p2pk,https://raw.githubusercontent.com/bensig/patoshi-addresses/main/patoshi_pubkeys_COMPLETE.csv
E,20282,0,12Mx88KLeBhedoGJkiQSaYyHPsPbajmaAd,50.0,p2pk,https://raw.githubusercontent.com/bensig/patoshi-addresses/main/patoshi_pubkeys_COMPLETE.csv
E,20283,0,1HmkMHHsiyiA4AmFRoPXGZrtGyB2dKhAz4,50.0,p2pk,https://raw.githubusercontent.com/bensig/patoshi-addresses/main/patoshi_pubkeys_COMPLETE.csv
E,20284,0,1EXSTSxzNHmCAMXuqD4im4FcJCmkNQpmeB,50.0,p2pk,https://raw.githubusercontent.com/bensig/patoshi-addresses/main/patoshi_pubkeys_COMPLETE.csv
E,20286,0,1Cwgfu4dTHnAjzz8YPXdK6xRNTMhuoaQfs,50.0,p2pk,https://raw.githubusercontent.com/bensig/patoshi-addresses/main/patoshi_pubkeys_COMPLETE.csv
E,20287,0,1Kg4WaMuU7Lv5h7ii49DDsbjv6WG7Fbshm,50.0,p2pk,https://raw.githubusercontent.com/bensig/patoshi-addresses/main/patoshi_pubkeys_COMPLETE.csv
E,20289,0,1FYXg2F6rJtNoQQVAspqYkLgoaSmaduS5q,50.0,p2pk,https://raw.githubusercontent.com/bensig/patoshi-addresses/main/patoshi_pubkeys_COMPLETE.csv
E,20290,0,1N1hJzK5PFzimY7Te2WnrTHDyH6jHD4RCG,50.0,p2pk,https://raw.githubusercontent.com/bensig/patoshi-addresses/main/patoshi_pubkeys_COMPLETE.csv
E,20291,0,1KpaY8PLckESCHb4gpQi6jN9JjjzAKTniR,50.0,p2pk,https://raw.githubusercontent.com/bensig/patoshi-addresses/main/patoshi_pubkeys_COMPLETE.csv
E,20292,0,16uMbPe9uUHZzVamDvuZYJziAn1jp6B8uG,50.0,p2pk,https://raw.githubusercontent.com/bensig/patoshi-addresses/main/patoshi_pubkeys_COMPLETE.csv
E,20295,0,19ZM6ta34yCZaypC7ES4satowYmVWqysWR,50.0,p2pk,https://raw.githubusercontent.com/bensig/patoshi-addresses/main/patoshi_pubkeys_COMPLETE.csv
E,20297,0,1J1WcdJGhk14MA6Pygvv2tmvDBhGotNkSq,50.0,p2pk,https://raw.githubusercontent.com/bensig/patoshi-addresses/main/patoshi_pubkeys_COMPLETE.csv
E,20298,0,1JbmMQgEfXJz3TG7m8FnGqLFd4r94pWKyq,50.0,p2pk,https://raw.githubusercontent.com/bensig/patoshi-addresses/main/patoshi_pubkeys_COMPLETE.csv
E,20312,0,1PgzYxLXjAw4NfqnzBjm8ww8mZgCXRwTJd,50.0,p2pk,https://raw.githubusercontent.com/bensig/patoshi-addresses/main/patoshi_pubkeys_COMPLETE.csv
E,20313,0,1C7LZ5N42qMb4F1ddExtEwaZM7xegtcLde,50.0,p2pk,https://raw.githubusercontent.com/bensig/patoshi-addresses/main/patoshi_pubkeys_COMPLETE.csv
E,20314,0,1GUHkmYh76D31wKhapscnEtyAL3iVqk78S,50.0,p2pk,https://raw.githubusercontent.com/bensig/patoshi-addresses/main/patoshi_pubkeys_COMPLETE.csv
E,20315,0,182pJ5Ny4MuvHV36A2kpNhTSHWTtHezipK,50.0,p2pk,https://raw.githubusercontent.com/bensig/patoshi-addresses/main/patoshi_pubkeys_COMPLETE.csv
E,20317,0,1NzkNygWzQXsdqrrkcNQDYg7yQk1rG8qtp,50.0,p2pk,https://raw.githubusercontent.com/bensig/patoshi-addresses/main/patoshi_pubkeys_COMPLETE.csv
E,20318,0,12ypKADcrECjamrxVwHb64X2Bfo98jUUA1,50.0,p2pk,https://raw.githubusercontent.com/bensig/patoshi-addresses/main/patoshi_pubkeys_COMPLETE.csv
E,20319,0,16UmsDmDn7T1XVmDP3YaVsAGAubLJQcr2s,50.0,p2pk,https://raw.githubusercontent.com/bensig/patoshi-addresses/main/patoshi_pubkeys_COMPLETE.csv
E,20321,0,1WoBykLA64jNV1am5BEBD38PSaCAhapR4,50.0,p2pk,https://raw.githubusercontent.com/bensig/patoshi-addresses/main/patoshi_pubkeys_COMPLETE.csv
E,20322,0,1FBXLqwCYUFTVyutHPKND2ZcBLmbio38D9,50.0,p2pk,https://raw.githubusercontent.com/bensig/patoshi-addresses/main/patoshi_pubkeys_COMPLETE.csv
E,20323,0,157EeAtBYLTSYMNYpBdbHsRB4CuCfoGGPs,50.0,p2pk,https://raw.githubusercontent.com/bensig/patoshi-addresses/main/patoshi_pubkeys_COMPLETE.csv
E,20340,0,1CKhb7zTmQ1hFvyZBL5wUFdBJfjzrfU7n6,50.0,p2pk,https://raw.githubusercontent.com/bensig/patoshi-addresses/main/patoshi_pubkeys_COMPLETE.csv
E,20341,0,1GHKMfzzN9yF94wvgUoF9PXejaEogKZZm4,50.0,p2pk,https://raw.githubusercontent.com/bensig/patoshi-addresses/main/patoshi_pubkeys_COMPLETE.csv
E,20342,0,1aYh16rCmvPvieKAy4m8BmpKK64s2xZzC,50.0,p2pk,https://raw.githubusercontent.com/bensig/patoshi-addresses/main/patoshi_pubkeys_COMPLETE.csv
E,20442,0,1AB2dqPLRcnDJgCfQ16VUXNy7HjgdMFwyU,50.0,p2pk,https://raw.githubusercontent.com/bensig/patoshi-addresses/main/patoshi_pubkeys_COMPLETE.csv
E,20444,0,19iygUzwhQtfH5nhBZJKpKJKbcZcxsHCcy,50.0,p2pk,https://raw.githubusercontent.com/bensig/patoshi-addresses/main/patoshi_pubkeys_COMPLETE.csv
E,20445,0,1G5jZrqxgRPV5a9LZawmzz42TJrBHc4cqU,50.0,p2pk,https://raw.githubusercontent.com/bensig/patoshi-addresses/main/patoshi_pubkeys_COMPLETE.csv
E,20446,0,1EAJwQ9Y89TBCHcd3en7s4JGt5qJ1SXgCL,50.0,p2pk,https://raw.githubusercontent.com/bensig/patoshi-addresses/main/patoshi_pubkeys_COMPLETE.csv
E,20449,0,187kzjb94jRMEZo9u3cbU24MuJZZTEmu1K,50.0,p2pk,https://raw.githubusercontent.com/bensig/patoshi-addresses/main/patoshi_pubkeys_COMPLETE.csv
E,20451,0,1AncfH1GQczTKwFovGT9MtrQwPkCTVQGEn,50.0,p2pk,https://raw.githubusercontent.com/bensig/patoshi-addresses/main/patoshi_pubkeys_COMPLETE.csv
E,20453,0,1ELENKMEiMbUdmzRyeZYtixw1QHUyZEjQN,50.0,p2pk,https://raw.githubusercontent.com/bensig/patoshi-addresses/main/patoshi_pubkeys_COMPLETE.csv
E,20454,0,12HGnCtsvSmpdhxCQNG4BP2XY7r7KLcySX,50.0,p2pk,https://raw.githubusercontent.com/bensig/patoshi-addresses/main/patoshi_pubkeys_COMPLETE.csv
E,20455,0,1A9uskNuNyUfY3PGuJH6SJrsQnemB9BXan,50.0,p2pk,https://raw.githubusercontent.com/bensig/patoshi-addresses/main/patoshi_pubkeys_COMPLETE.csv
E,20456,0,1P7KCehdd9F4jgXAnsvBNZUFdynTXc39Ka,50.0,p2pk,https://raw.githubusercontent.com/bensig/patoshi-addresses/main/patoshi_pubkeys_COMPLETE.csv
E,20457,0,1LPbFsWg533YVddqTPAY6A3sHkz8sWAZMZ,50.0,p2pk,https://raw.githubusercontent.com/bensig/patoshi-addresses/main/patoshi_pubkeys_COMPLETE.csv
E,20459,0,14U3xc5kLuMJwuyMrw5AkeNVuv9zCaWZ3f,50.0,p2pk,https://raw.githubusercontent.com/bensig/patoshi-addresses/main/patoshi_pubkeys_COMPLETE.csv
E,20460,0,127TjEfV5PvQxL5shQTjZf4eAwQSsq2jYm,50.0,p2pk,https://raw.githubusercontent.com/bensig/patoshi-addresses/main/patoshi_pubkeys_COMPLETE.csv
E,20462,0,192teLdj73aWwKsu2hz1bhQMqzKDeYrsv5,50.0,p2pk,https://raw.githubusercontent.com/bensig/patoshi-addresses/main/patoshi_pubkeys_COMPLETE.csv
E,20463,0,1JDRneWSKStShSjSgJa9v1UrEFj3wCmPSq,50.0,p2pk,https://raw.githubusercontent.com/bensig/patoshi-addresses/main/patoshi_pubkeys_COMPLETE.csv
E,20465,0,18aecnSJuRprFxsNX8R8wQ9Tfh3ET6FAn1,50.0,p2pk,https://raw.githubusercontent.com/bensig/patoshi-addresses/main/patoshi_pubkeys_COMPLETE.csv
E,20467,0,1DX17Zn4GdZE4QpuEFL65ipq5LPSEKJ4QE,50.0,p2pk,https://raw.githubusercontent.com/bensig/patoshi-addresses/main/patoshi_pubkeys_COMPLETE.csv
E,20469,0,1FYdKGo3Be1gRd34zPwKaBZDnquE21A1uV,50.0,p2pk,https://raw.githubusercontent.com/bensig/patoshi-addresses/main/patoshi_pubkeys_COMPLETE.csv
E,20471,0,1MMGxG4D49tWDj3i75x4dEsTC9ftq66u19,50.0,p2pk,https://raw.githubusercontent.com/bensig/patoshi-addresses/main/patoshi_pubkeys_COMPLETE.csv
E,20472,0,1P9ZR1nXzq8BqKErWebEegkKo1vz7Ts8xb,50.0,p2pk,https://raw.githubusercontent.com/bensig/patoshi-addresses/main/patoshi_pubkeys_COMPLETE.csv
E,20473,0,1b8LMeraRD26q4RLwapyc6d8TsB1WABnH,50.0,p2pk,https://raw.githubusercontent.com/bensig/patoshi-addresses/main/patoshi_pubkeys_COMPLETE.csv
E,20475,0,18gBYVSPxm5jxkiXn4ufJffiYcaxTEu1d4,50.0,p2pk,https://raw.githubusercontent.com/bensig/patoshi-addresses/main/patoshi_pubkeys_COMPLETE.csv
E,20476,0,1MjAhYWD7U62jzFqz7DXwSGxcrPThVRx2b,50.0,p2pk,https://raw.githubusercontent.com/bensig/patoshi-addresses/main/patoshi_pubkeys_COMPLETE.csv
E,20477,0,1EuyBSwVUBN2DrJmQPYKj7wAcfPHih3qtV,50.0,p2pk,https://raw.githubusercontent.com/bensig/patoshi-addresses/main/patoshi_pubkeys_COMPLETE.csv
E,20478,0,1D5sZHcbM1dVad1EeZ12GW86QuAha3Gkgb,50.0,p2pk,https://raw.githubusercontent.com/bensig/patoshi-addresses/main/patoshi_pubkeys_COMPLETE.csv
E,20480,0,19DNeDccdNWuSpkMQp82M5ooPGPjpxVz53,50.0,p2pk,https://raw.githubusercontent.com/bensig/patoshi-addresses/main/patoshi_pubkeys_COMPLETE.csv
E,20482,0,13Mtjmx2hv155M6ZBhwUDpHPs2474jrrnm,50.0,p2pk,https://raw.githubusercontent.com/bensig/patoshi-addresses/main/patoshi_pubkeys_COMPLETE.csv
E,20485,0,1Mx9V4AjG4AoY82UABLBKXq2myGmBViHaF,50.0,p2pk,https://raw.githubusercontent.com/bensig/patoshi-addresses/main/patoshi_pubkeys_COMPLETE.csv
E,20486,0,1N7BXS2346DnEseFsjsz2A4TN2bCBmGUhP,50.0,p2pk,https://raw.githubusercontent.com/bensig/patoshi-addresses/main/patoshi_pubkeys_COMPLETE.csv
E,20487,0,13NVM3srNgYMBeogW8NZ3AH8pLRs2rr8nP,50.0,p2pk,https://raw.githubusercontent.com/bensig/patoshi-addresses/main/patoshi_pubkeys_COMPLETE.csv
E,20488,0,1FSMkjg6jAUt8pxr3Zfq4wQ2LcHZcNiDZG,50.0,p2pk,https://raw.githubusercontent.com/bensig/patoshi-addresses/main/patoshi_pubkeys_COMPLETE.csv
E,20489,0,18iQs4YxWXRgA2svpXajkD7e96FcnMYqFo,50.0,p2pk,https://raw.githubusercontent.com/bensig/patoshi-addresses/main/patoshi_pubkeys_COMPLETE.csv
E,20490,0,15jXUYm8vs86aUHTd2kze6ayPbZPJgNe5u,50.0,p2pk,https://raw.githubusercontent.com/bensig/patoshi-addresses/main/patoshi_pubkeys_COMPLETE.csv
E,20492,0,17SPVsiNSPrUfWCbZK8bsGWGDRoEdWzwv3,50.0,p2pk,https://raw.githubusercontent.com/bensig/patoshi-addresses/main/patoshi_pubkeys_COMPLETE.csv
E,20494,0,15bQ2fzGtwdqETZAWyDXAuY8tmLBmRnFAC,50.0,p2pk,https://raw.githubusercontent.com/bensig/patoshi-addresses/main/patoshi_pubkeys_COMPLETE.csv
E,20495,0,1B58VQ74JjGxqXF4FpvGaDi15SfExYMths,50.0,p2pk,https://raw.githubusercontent.com/bensig/patoshi-addresses/main/patoshi_pubkeys_COMPLETE.csv
E,20496,0,13nmqaAdGN8zRtbD4Qzd76Ahs2y5ST6PWL,50.0,p2pk,https://raw.githubusercontent.com/bensig/patoshi-addresses/main/patoshi_pubkeys_COMPLETE.csv
E,20497,0,1PXqro5zSKo4iLmKwZu57sTifXSukQofyi,50.0,p2pk,https://raw.githubusercontent.com/bensig/patoshi-addresses/main/patoshi_pubkeys_COMPLETE.csv
E,20498,0,1HcdmFyNRN1sqfniujtFA3p1ML26uRAEah,50.0,p2pk,https://raw.githubusercontent.com/bensig/patoshi-addresses/main/patoshi_pubkeys_COMPLETE.csv
E,20499,0,1MjsLbpXubVie6CS7dSRvHQ5wZmj3kzvGz,50.0,p2pk,https://raw.githubusercontent.com/bensig/patoshi-addresses/main/patoshi_pubkeys_COMPLETE.csv
E,20500,0,19CFt1L91d86vuhhqzMAev8ruzhSRG374V,50.0,p2pk,https://raw.githubusercontent.com/bensig/patoshi-addresses/main/patoshi_pubkeys_COMPLETE.csv
E,20501,0,12c8tFuiMgt7AEMSmQXFCojyqMMRDUZvSV,50.0,p2pk,https://raw.githubusercontent.com/bensig/patoshi-addresses/main/patoshi_pubkeys_COMPLETE.csv
E,20506,0,1FPkiZcDqAeWk2CNx82BGvgDCum3Fkxqmf,50.0,p2pk,https://raw.githubusercontent.com/bensig/patoshi-addresses/main/patoshi_pubkeys_COMPLETE.csv
E,20509,0,1HwXGRwUZ47KmFYSw67yFo1EFT546FWMZx,50.0,p2pk,https://raw.githubusercontent.com/bensig/patoshi-addresses/main/patoshi_pubkeys_COMPLETE.csv
E,20510,0,1EcHd78ZQaTLmHUCt18bFSU881cVB44fS4,50.0,p2pk,https://raw.githubusercontent.com/bensig/patoshi-addresses/main/patoshi_pubkeys_COMPLETE.csv
E,20511,0,1JU66QVKhQxh9R3pNSs7v5Mc3EQTPt2qcB,50.0,p2pk,https://raw.githubusercontent.com/bensig/patoshi-addresses/main/patoshi_pubkeys_COMPLETE.csv
E,20513,0,13rLZTT7MRBitDEKSF4mszE9ziuZWnYArj,50.0,p2pk,https://raw.githubusercontent.com/bensig/patoshi-addresses/main/patoshi_pubkeys_COMPLETE.csv
E,20515,0,15gRppmmb4YPCVsE7jbRowRQPQUZHyWxn1,50.0,p2pk,https://raw.githubusercontent.com/bensig/patoshi-addresses/main/patoshi_pubkeys_COMPLETE.csv
E,20516,0,1HnukqW1ssAjxh8v3C5t8BJ5V1j8rPnDNp,50.0,p2pk,https://raw.githubusercontent.com/bensig/patoshi-addresses/main/patoshi_pubkeys_COMPLETE.csv
E,20517,0,14wYueZFqXbgytokDiLu8ffhj3867xKy3j,50.0,p2pk,https://raw.githubusercontent.com/bensig/patoshi-addresses/main/patoshi_pubkeys_COMPLETE.csv
E,20520,0,1P3ryHSghTvT7yhituWtwxJDV1ncRj3QQD,50.0,p2pk,https://raw.githubusercontent.com/bensig/patoshi-addresses/main/patoshi_pubkeys_COMPLETE.csv
E,20521,0,1679pSyYgLcTijg2FZbfGrNirqAXzXZ6uR,50.0,p2pk,https://raw.githubusercontent.com/bensig/patoshi-addresses/main/patoshi_pubkeys_COMPLETE.csv
E,20527,0,128K2T9dTpebvaNVXei4uuyXB7UrBQeQrD,50.0,p2pk,https://raw.githubusercontent.com/bensig/patoshi-addresses/main/patoshi_pubkeys_COMPLETE.csv
E,20528,0,1K4gjBArgVQyVu7DobYEUwRM53P77BJunj,50.0,p2pk,https://raw.githubusercontent.com/bensig/patoshi-addresses/main/patoshi_pubkeys_COMPLETE.csv
E,20529,0,1PrY5127nN5hNdxz9AiyLm4ZgTMw49mr4q,50.0,p2pk,https://raw.githubusercontent.com/bensig/patoshi-addresses/main/patoshi_pubkeys_COMPLETE.csv
E,20530,0,1Czn2AHvAr4irRdrqHDPHTYmRmop75fNi8,50.0,p2pk,https://raw.githubusercontent.com/bensig/patoshi-addresses/main/patoshi_pubkeys_COMPLETE.csv
E,20531,0,1E4kQxwWHcpqDiX6SUR15n5JTT5gsRFgRh,50.0,p2pk,https://raw.githubusercontent.com/bensig/patoshi-addresses/main/patoshi_pubkeys_COMPLETE.csv
E,20532,0,1KxGRnnzyna2MyKwiMs2dMLyxKWjLfTkMG,50.0,p2pk,https://raw.githubusercontent.com/bensig/patoshi-addresses/main/patoshi_pubkeys_COMPLETE.csv
E,20533,0,1LSUSuRNvHjCwCuULvcNcA2TFVDog6soJ5,50.0,p2pk,https://raw.githubusercontent.com/bensig/patoshi-addresses/main/patoshi_pubkeys_COMPLETE.csv
E,20534,0,16GBbPAa8mUkaSXkCbGaGYMwBFCcdpmNgy,50.0,p2pk,https://raw.githubusercontent.com/bensig/patoshi-addresses/main/patoshi_pubkeys_COMPLETE.csv
E,20536,0,1B9DRWh2Kf8VJ2M8sogFqw3wYFf5Sgf1s5,50.0,p2pk,https://raw.githubusercontent.com/bensig/patoshi-addresses/main/patoshi_pubkeys_COMPLETE.csv
E,20537,0,18Mc6un8Bh52kguAhrPChkosXtXxiLzkFi,50.0,p2pk,https://raw.githubusercontent.com/bensig/patoshi-addresses/main/patoshi_pubkeys_COMPLETE.csv
E,20538,0,1LAEiiBhjX31N3XHJcgEbzsKzgftLDyPhg,50.0,p2pk,https://raw.githubusercontent.com/bensig/patoshi-addresses/main/patoshi_pubkeys_COMPLETE.csv
E,20542,0,1NayZNtTWLX7tT2D9PpUMMVctgrsmCPkB5,50.0,p2pk,https://raw.githubusercontent.com/bensig/patoshi-addresses/main/patoshi_pubkeys_COMPLETE.csv
E,20544,0,158b1xN8s5Kg7ZFCuVhZNNUAwLriBFuarw,50.0,p2pk,https://raw.githubusercontent.com/bensig/patoshi-addresses/main/patoshi_pubkeys_COMPLETE.csv
E,20545,0,1FAmBvFRUPUh1kZLC6HnsXH2W1aXU4j5Ga,50.0,p2pk,https://raw.githubusercontent.com/bensig/patoshi-addresses/main/patoshi_pubkeys_COMPLETE.csv
E,20546,0,18psRiUc3Agsb2bybPxQLPhMoq1hJKBV5U,50.0,p2pk,https://raw.githubusercontent.com/bensig/patoshi-addresses/main/patoshi_pubkeys_COMPLETE.csv
E,20547,0,1DVPaQD2knhL9FDEf2nEZb2ckmSssm8Sas,50.0,p2pk,https://raw.githubusercontent.com/bensig/patoshi-addresses/main/patoshi_pubkeys_COMPLETE.csv
E,20550,0,1DwqHj2D3E9NaQqb2KXXHFxqvhcXYuHFNY,50.0,p2pk,https://raw.githubusercontent.com/bensig/patoshi-addresses/main/patoshi_pubkeys_COMPLETE.csv
E,20551,0,1JuM77uBy7RQvadSxednHj5tN54EKpWjbt,50.0,p2pk,https://raw.githubusercontent.com/bensig/patoshi-addresses/main/patoshi_pubkeys_COMPLETE.csv
E,20552,0,1MCK4xfDDUJyYz7CxosbZGiEbXgW1RqgKs,50.0,p2pk,https://raw.githubusercontent.com/bensig/patoshi-addresses/main/patoshi_pubkeys_COMPLETE.csv
E,20554,0,14w7MNnnDd61qMHSddAFiFrtzetayAhMoA,50.0,p2pk,https://raw.githubusercontent.com/bensig/patoshi-addresses/main/patoshi_pubkeys_COMPLETE.csv
E,20555,0,1NcnpnpNg47UXiadLXZroWp3116CEVpju9,50.0,p2pk,https://raw.githubusercontent.com/bensig/patoshi-addresses/main/patoshi_pubkeys_COMPLETE.csv
E,20556,0,1N7v4Uax9TmaPz86crGvmGWPDPW4JPM8g5,50.0,p2pk,https://raw.githubusercontent.com/bensig/patoshi-addresses/main/patoshi_pubkeys_COMPLETE.csv
E,20559,0,1H1xcBapfLCoD4v3nysoJY8vUoF3MXySsa,50.0,p2pk,https://raw.githubusercontent.com/bensig/patoshi-addresses/main/patoshi_pubkeys_COMPLETE.csv
E,20560,0,18dSpFyjFNuSQYUn95nDfKVU5HjVbK6FVB,50.0,p2pk,https://raw.githubusercontent.com/bensig/patoshi-addresses/main/patoshi_pubkeys_COMPLETE.csv
E,20561,0,155pTKgP6MUtZ2AGxPYpRWhSYTTX42mM9Y,50.0,p2pk,https://raw.githubusercontent.com/bensig/patoshi-addresses/main/patoshi_pubkeys_COMPLETE.csv
E,20562,0,17K3kj2yu2vkwQaxmznjdbGMPiS9gR3PqB,50.0,p2pk,https://raw.githubusercontent.com/bensig/patoshi-addresses/main/patoshi_pubkeys_COMPLETE.csv
E,20563,0,1LSGgCNfqzEByarEPMALgcKv6g2FL9sobo,50.0,p2pk,https://raw.githubusercontent.com/bensig/patoshi-addresses/main/patoshi_pubkeys_COMPLETE.csv
E,20564,0,14FmVWZEQTxRRSptcq4JtWtsNxkqS1GiyX,50.0,p2pk,https://raw.githubusercontent.com/bensig/patoshi-addresses/main/patoshi_pubkeys_COMPLETE.csv
E,20566,0,1Eims4HuLaYfK7AVcFfBiM6Rhsu1J4GVhA,50.0,p2pk,https://raw.githubusercontent.com/bensig/patoshi-addresses/main/patoshi_pubkeys_COMPLETE.csv
E,20568,0,16iDF6ZnqXQiVYHxkDi5ubbUyuat185Yzx,50.0,p2pk,https://raw.githubusercontent.com/bensig/patoshi-addresses/main/patoshi_pubkeys_COMPLETE.csv
E,20569,0,18igGSRYEXiHwjJ9qD4C1aaVMRTGeYJUq5,50.0,p2pk,https://raw.githubusercontent.com/bensig/patoshi-addresses/main/patoshi_pubkeys_COMPLETE.csv
E,20571,0,18snpRDYm664qPzmX47aGCQim3Z24RDx5r,50.0,p2pk,https://raw.githubusercontent.com/bensig/patoshi-addresses/main/patoshi_pubkeys_COMPLETE.csv
E,20573,0,18oe2MNWD3GzJpmqHoiDDVbSLGw4gemVjP,50.0,p2pk,https://raw.githubusercontent.com/bensig/patoshi-addresses/main/patoshi_pubkeys_COMPLETE.csv
E,20574,0,1AFGmix6Ceqocsd8a8MwoQWHxcbU6kNjy1,50.0,p2pk,https://raw.githubusercontent.com/bensig/patoshi-addresses/main/patoshi_pubkeys_COMPLETE.csv
E,20576,0,18QVZAg2hji36KyG65brSTvwsNp53RmZzh,50.0,p2pk,https://raw.githubusercontent.com/bensig/patoshi-addresses/main/patoshi_pubkeys_COMPLETE.csv
E,20577,0,1A5e88UmVNiTigMa8c73XVupPUZqAZCwFC,50.0,p2pk,https://raw.githubusercontent.com/bensig/patoshi-addresses/main/patoshi_pubkeys_COMPLETE.csv
E,20579,0,12zX5GWDuWNemM2orPeFDZ2acsQ9nCLBpo,50.0,p2pk,https://raw.githubusercontent.com/bensig/patoshi-addresses/main/patoshi_pubkeys_COMPLETE.csv
E,20580,0,1ECF951Ya2LtanEzn5TDifpSeDf9HXMJqy,50.0,p2pk,https://raw.githubusercontent.com/bensig/patoshi-addresses/main/patoshi_pubkeys_COMPLETE.csv
E,20581,0,1FXhzoLFw7ZKFvmu1JVhKenk55Faan8dN9,50.0,p2pk,https://raw.githubusercontent.com/bensig/patoshi-addresses/main/patoshi_pubkeys_COMPLETE.csv
E,20584,0,1Cw9zKUxqsiymth7P12b3X1XxDdBWhHedG,50.0,p2pk,https://raw.githubusercontent.com/bensig/patoshi-addresses/main/patoshi_pubkeys_COMPLETE.csv
E,20585,0,1992dxSuEeoEaTPXWiGjf9yuoYqFaLhw9H,50.0,p2pk,https://raw.githubusercontent.com/bensig/patoshi-addresses/main/patoshi_pubkeys_COMPLETE.csv
E,20586,0,14Tr1bY8erwzUgNv2qifFpGVDP6xrdPp3w,50.0,p2pk,https://raw.githubusercontent.com/bensig/patoshi-addresses/main/patoshi_pubkeys_COMPLETE.csv
E,20587,0,15bE3iDRPUYopyHWasGS5hbqxjtHQbStfz,50.0,p2pk,https://raw.githubusercontent.com/bensig/patoshi-addresses/main/patoshi_pubkeys_COMPLETE.csv
E,20590,0,18JdY2K9HzrnCQLbsRG8sNsmpugUzWZPRn,50.0,p2pk,https://raw.githubusercontent.com/bensig/patoshi-addresses/main/patoshi_pubkeys_COMPLETE.csv
E,20591,0,1PyYZXdH1tH535ZcpHpCBVRee7nk99hFKa,50.0,p2pk,https://raw.githubusercontent.com/bensig/patoshi-addresses/main/patoshi_pubkeys_COMPLETE.csv
E,20593,0,1Pj4f3fkdXdNBTLu4jRBfek9aHTSmXHNta,50.0,p2pk,https://raw.githubusercontent.com/bensig/patoshi-addresses/main/patoshi_pubkeys_COMPLETE.csv
E,20594,0,18vUJd2BoZLRXzw1fuEpvUKoSw1PeCSq21,50.0,p2pk,https://raw.githubusercontent.com/bensig/patoshi-addresses/main/patoshi_pubkeys_COMPLETE.csv
E,20598,0,1GzJ3sSxWgpjkCYpfY6NhaxAFn4tLXpWDb,50.0,p2pk,https://raw.githubusercontent.com/bensig/patoshi-addresses/main/patoshi_pubkeys_COMPLETE.csv
E,20600,0,1AMUwjTDNwbfbtVZ6T9nFs2RStVBw5HciM,50.0,p2pk,https://raw.githubusercontent.com/bensig/patoshi-addresses/main/patoshi_pubkeys_COMPLETE.csv
E,20601,0,19JyZDVPLLQP5gLjR36WaLGonr7TrC6PD3,50.0,p2pk,https://raw.githubusercontent.com/bensig/patoshi-addresses/main/patoshi_pubkeys_COMPLETE.csv
E,20604,0,14ob77ZQCTD6i1wXwLqTEMh81EbUJc2TyG,50.0,p2pk,https://raw.githubusercontent.com/bensig/patoshi-addresses/main/patoshi_pubkeys_COMPLETE.csv
E,20606,0,128mz2jEdhwaFdwqj5bWr6DkeHs1gUSCPr,50.0,p2pk,https://raw.githubusercontent.com/bensig/patoshi-addresses/main/patoshi_pubkeys_COMPLETE.csv
E,20608,0,1PbWExy8aar25QqGSW5gS1xYimSP4m2QRg,50.0,p2pk,https://raw.githubusercontent.com/bensig/patoshi-addresses/main/patoshi_pubkeys_COMPLETE.csv
E,20613,0,1Njk7igypJ7uqqC8a1cmdbFi1XYHL37BFe,50.0,p2pk,https://raw.githubusercontent.com/bensig/patoshi-addresses/main/patoshi_pubkeys_COMPLETE.csv
E,20615,0,19YNcYbiMn1G7snsxGxDomKYDwwHUJGShC,50.0,p2pk,https://raw.githubusercontent.com/bensig/patoshi-addresses/main/patoshi_pubkeys_COMPLETE.csv
E,20617,0,1DD7KzCMZKnWwGmuPDdQzPofoFFBDWNkCA,50.0,p2pk,https://raw.githubusercontent.com/bensig/patoshi-addresses/main/patoshi_pubkeys_COMPLETE.csv
E,20618,0,1NM1jzXzTRxMPiZcHAyAkYV3JdZLSTc5A1,50.0,p2pk,https://raw.githubusercontent.com/bensig/patoshi-addresses/main/patoshi_pubkeys_COMPLETE.csv
E,20619,0,148J7cyvyKmHW6asM7b9a1zvT5XyFx8MsX,50.0,p2pk,https://raw.githubusercontent.com/bensig/patoshi-addresses/main/patoshi_pubkeys_COMPLETE.csv
E,20620,0,19ixBs8cLaSaMBqUDiXL7JQvLZzhyJ2Csp,50.0,p2pk,https://raw.githubusercontent.com/bensig/patoshi-addresses/main/patoshi_pubkeys_COMPLETE.csv
E,20621,0,188XLLKiFZD61antf4R2wvcVDMt7aWCZsX,50.0,p2pk,https://raw.githubusercontent.com/bensig/patoshi-addresses/main/patoshi_pubkeys_COMPLETE.csv
E,20622,0,17baDUYmPA3KaANYtViLjNMzhDVtxAbkUE,50.0,p2pk,https://raw.githubusercontent.com/bensig/patoshi-addresses/main/patoshi_pubkeys_COMPLETE.csv
E,20623,0,13rbwpsFarkNp3XmhttKNYiJv3xyWWmCNy,50.0,p2pk,https://raw.githubusercontent.com/bensig/patoshi-addresses/main/patoshi_pubkeys_COMPLETE.csv
E,20627,0,1BzTVPY1V9kywLPAycj17Qz6GDsXjduY56,50.0,p2pk,https://raw.githubusercontent.com/bensig/patoshi-addresses/main/patoshi_pubkeys_COMPLETE.csv
E,20628,0,1EeCfnBGVtEYugPV5wZQ9FnDkgY1M8FTT,50.0,p2pk,https://raw.githubusercontent.com/bensig/patoshi-addresses/main/patoshi_pubkeys_COMPLETE.csv
E,20630,0,152FFZkxmZ2mUHgKy7FFpDj9JSPqfo1AE1,50.0,p2pk,https://raw.githubusercontent.com/bensig/patoshi-addresses/main/patoshi_pubkeys_COMPLETE.csv
E,20631,0,1HbfG8GsjazrhfPpp4z8DTvyB5bG4P2SuH,50.0,p2pk,https://raw.githubusercontent.com/bensig/patoshi-addresses/main/patoshi_pubkeys_COMPLETE.csv
E,20633,0,1FuzyZUsYP8zDYZiPG3uD2L46xhgZXs3Gh,50.0,p2pk,https://raw.githubusercontent.com/bensig/patoshi-addresses/main/patoshi_pubkeys_COMPLETE.csv
E,20634,0,1CTPyZbgWu7YEUa5iiPRPZrYAR8ZoNBJen,50.0,p2pk,https://raw.githubusercontent.com/bensig/patoshi-addresses/main/patoshi_pubkeys_COMPLETE.csv
E,20635,0,1MwJkZgkzmjYTMCdDWKPD74HQDV2wMtLvB,50.0,p2pk,https://raw.githubusercontent.com/bensig/patoshi-addresses/main/patoshi_pubkeys_COMPLETE.csv
E,20637,0,1J1FaqxJB6mdFgmYKuagti7z33GuR4ccbs,50.0,p2pk,https://raw.githubusercontent.com/bensig/patoshi-addresses/main/patoshi_pubkeys_COMPLETE.csv
E,20639,0,187a4nvtULDNS2K17NPu67nGZgHjiJEtz9,50.0,p2pk,https://raw.githubusercontent.com/bensig/patoshi-addresses/main/patoshi_pubkeys_COMPLETE.csv
E,20640,0,1wSVd8Pcok1QCCgh4CQZXCtqFrH1PSJ1N,50.0,p2pk,https://raw.githubusercontent.com/bensig/patoshi-addresses/main/patoshi_pubkeys_COMPLETE.csv
E,20641,0,1PAz8qYwbJ48qQZCwo1mBq4ErxMj1kimHr,50.0,p2pk,https://raw.githubusercontent.com/bensig/patoshi-addresses/main/patoshi_pubkeys_COMPLETE.csv
E,20643,0,1BZLkJNp7Yxh7zJHQ8wZoP4pzztrBkcTnf,50.0,p2pk,https://raw.githubusercontent.com/bensig/patoshi-addresses/main/patoshi_pubkeys_COMPLETE.csv
E,20644,0,1B6Tz54JymPLdGNqtsWH61nDE8muZBPu5f,50.0,p2pk,https://raw.githubusercontent.com/bensig/patoshi-addresses/main/patoshi_pubkeys_COMPLETE.csv
E,20646,0,16v47BT2SkKRKgTL7JaKC13QmvhtrfHA6p,50.0,p2pk,https://raw.githubusercontent.com/bensig/patoshi-addresses/main/patoshi_pubkeys_COMPLETE.csv
E,20648,0,1zRMKUP5GvEoyCNPSyhEA8mqXdehk9r1M,50.0,p2pk,https://raw.githubusercontent.com/bensig/patoshi-addresses/main/patoshi_pubkeys_COMPLETE.csv
E,20649,0,1Gtn8tcVopwYZLBr4fSQwqk7fkrFY4AeGK,50.0,p2pk,https://raw.githubusercontent.com/bensig/patoshi-addresses/main/patoshi_pubkeys_COMPLETE.csv
E,20651,0,1FnbkgRpzJtv2nHn9yAHsJ4orLo7chTb9Q,50.0,p2pk,https://raw.githubusercontent.com/bensig/patoshi-addresses/main/patoshi_pubkeys_COMPLETE.csv
E,20652,0,1LcEZBERDhYaWhYmC7bRkCVdJ414E22n4d,50.0,p2pk,https://raw.githubusercontent.com/bensig/patoshi-addresses/main/patoshi_pubkeys_COMPLETE.csv
E,20654,0,116EKGHnRnk5LNKtYtCJkLKJJMtARPT6vX,50.0,p2pk,https://raw.githubusercontent.com/bensig/patoshi-addresses/main/patoshi_pubkeys_COMPLETE.csv
E,20655,0,18LSJwUMWX9SJ76xXQ1AzGoB5szLsDds8r,50.0,p2pk,https://raw.githubusercontent.com/bensig/patoshi-addresses/main/patoshi_pubkeys_COMPLETE.csv
E,20657,0,1P2H8vLEkf6u6xmwQ8RskgkPNsGE6j8r64,50.0,p2pk,https://raw.githubusercontent.com/bensig/patoshi-addresses/main/patoshi_pubkeys_COMPLETE.csv
E,20658,0,1KyKmcwfB5qiojkniLqECkeE6JC9NBnbnW,50.0,p2pk,https://raw.githubusercontent.com/bensig/patoshi-addresses/main/patoshi_pubkeys_COMPLETE.csv
E,20660,0,121QGeGXDDE6wriSNt7ZcrLgoNpb5aMLdx,50.0,p2pk,https://raw.githubusercontent.com/bensig/patoshi-addresses/main/patoshi_pubkeys_COMPLETE.csv
E,20661,0,1HVzndzxjPoL8mXW96NUpD8j7wPnAdazH6,50.0,p2pk,https://raw.githubusercontent.com/bensig/patoshi-addresses/main/patoshi_pubkeys_COMPLETE.csv
E,20662,0,1CLTiFQeBmwzHbxrsrp5e743jSyJ93KvqT,50.0,p2pk,https://raw.githubusercontent.com/bensig/patoshi-addresses/main/patoshi_pubkeys_COMPLETE.csv
E,20664,0,152k13qNnAjxTbbjeVW9d6gSk3JZxYii1H,50.0,p2pk,https://raw.githubusercontent.com/bensig/patoshi-addresses/main/patoshi_pubkeys_COMPLETE.csv
E,20666,0,1JS4qQu4VjqgbueQviEXXgsFyrg7voV2NG,50.0,p2pk,https://raw.githubusercontent.com/bensig/patoshi-addresses/main/patoshi_pubkeys_COMPLETE.csv
E,20670,0,14Xo4eZW3sAbQmfzi2UQLgYCjWtwfZXagt,50.0,p2pk,https://raw.githubusercontent.com/bensig/patoshi-addresses/main/patoshi_pubkeys_COMPLETE.csv
E,20672,0,19yHvPXSpeB61Kyw2h98UtrM7V8dzZivCo,50.0,p2pk,https://raw.githubusercontent.com/bensig/patoshi-addresses/main/patoshi_pubkeys_COMPLETE.csv
E,20674,0,1MJZEZoLfYVT2NVngoUS7ww7PKDE9eJQm4,50.0,p2pk,https://raw.githubusercontent.com/bensig/patoshi-addresses/main/patoshi_pubkeys_COMPLETE.csv
E,20675,0,1Nn8tucc6NtK5uMBCr1s7evKDhporPk6oL,50.0,p2pk,https://raw.githubusercontent.com/bensig/patoshi-addresses/main/patoshi_pubkeys_COMPLETE.csv
E,20677,0,1FKD66MCX6nov7XsUYyp7kpGjtmZw1mDnB,50.0,p2pk,https://raw.githubusercontent.com/bensig/patoshi-addresses/main/patoshi_pubkeys_COMPLETE.csv
E,20679,0,1GnNnKJmevFyr4Ca5L9ba7n3Q1VgvhLCVu,50.0,p2pk,https://raw.githubusercontent.com/bensig/patoshi-addresses/main/patoshi_pubkeys_COMPLETE.csv
E,20680,0,168uXR6bKhiain5aw9uiGrei3WqeFNKow7,50.0,p2pk,https://raw.githubusercontent.com/bensig/patoshi-addresses/main/patoshi_pubkeys_COMPLETE.csv
E,20681,0,17VsvdK1S1Vez4A8d2QERf1FyfpRhFiEQY,50.0,p2pk,https://raw.githubusercontent.com/bensig/patoshi-addresses/main/patoshi_pubkeys_COMPLETE.csv
E,20684,0,1HTrfyfLMFRciC11Wh6DTkdzn8pKBS9sAN,50.0,p2pk,https://raw.githubusercontent.com/bensig/patoshi-addresses/main/patoshi_pubkeys_COMPLETE.csv
E,20685,0,1FmKRcuXDP7jKZsJfk6rv1qYRRercNuVb,50.0,p2pk,https://raw.githubusercontent.com/bensig/patoshi-addresses/main/patoshi_pubkeys_COMPLETE.csv
E,20687,0,1K6X5dCodVaN74iYoZjcurqzpHx3jKt6TF,50.0,p2pk,https://raw.githubusercontent.com/bensig/patoshi-addresses/main/patoshi_pubkeys_COMPLETE.csv
E,20688,0,19dMzzYw8C97mFBMdEJF26QjcuXSVNWvYY,50.0,p2pk,https://raw.githubusercontent.com/bensig/patoshi-addresses/main/patoshi_pubkeys_COMPLETE.csv
E,20689,0,18Xancg91SZJYqDwJGzZ49PD73Dc4vKWpx,50.0,p2pk,https://raw.githubusercontent.com/bensig/patoshi-addresses/main/patoshi_pubkeys_COMPLETE.csv
E,20690,0,1LbYTGDL6prvQniXEnT9m68rsybPSzbzZT,50.0,p2pk,https://raw.githubusercontent.com/bensig/patoshi-addresses/main/patoshi_pubkeys_COMPLETE.csv
E,20691,0,1Hz1AnjKT48b3PReU8w4BqY1SDCDHmfoFR,50.0,p2pk,https://raw.githubusercontent.com/bensig/patoshi-addresses/main/patoshi_pubkeys_COMPLETE.csv
E,20692,0,18mXua5Dfh9oXE3dJvyxxgmy922UZ5i2nG,50.0,p2pk,https://raw.githubusercontent.com/bensig/patoshi-addresses/main/patoshi_pubkeys_COMPLETE.csv
E,20693,0,1AqAA8yd9SPtv73Ctyb8zhHPBxt6wTzRCm,50.0,p2pk,https://raw.githubusercontent.com/bensig/patoshi-addresses/main/patoshi_pubkeys_COMPLETE.csv
E,20694,0,18gnzt1pPXpxzDmc13Nn5JpywhF2R4YQj9,50.0,p2pk,https://raw.githubusercontent.com/bensig/patoshi-addresses/main/patoshi_pubkeys_COMPLETE.csv
E,20695,0,12nTXwpPWqS5PXEE5XRUadSGrgYqH7Hvpe,50.0,p2pk,https://raw.githubusercontent.com/bensig/patoshi-addresses/main/patoshi_pubkeys_COMPLETE.csv
E,20697,0,1EZKrkVQf2Z4Bnij55bpdstDX9dBAKHGmy,50.0,p2pk,https://raw.githubusercontent.com/bensig/patoshi-addresses/main/patoshi_pubkeys_COMPLETE.csv
E,20699,0,1L8C5rFdZzXPzTvyhjRcVvjq4AMG5dNHen,50.0,p2pk,https://raw.githubusercontent.com/bensig/patoshi-addresses/main/patoshi_pubkeys_COMPLETE.csv
E,20700,0,1Pv8Am1qsChGgdsGxgFrm5KiCWejDgXhSe,50.0,p2pk,https://raw.githubusercontent.com/bensig/patoshi-addresses/main/patoshi_pubkeys_COMPLETE.csv
E,20702,0,1M3ZDimEoBRwTyVuRL1youG2W2VBhV9zaG,50.0,p2pk,https://raw.githubusercontent.com/bensig/patoshi-addresses/main/patoshi_pubkeys_COMPLETE.csv
E,20703,0,1JqVKRwY1ajx5GEWZs8z86USYcmfmsHRCv,50.0,p2pk,https://raw.githubusercontent.com/bensig/patoshi-addresses/main/patoshi_pubkeys_COMPLETE.csv
E,20705,0,18D3TfK6MMRR3b38ox3ByYz5enqLtoo66Q,50.0,p2pk,https://raw.githubusercontent.com/bensig/patoshi-addresses/main/patoshi_pubkeys_COMPLETE.csv
E,20706,0,1Jt1KF327qHuq9EKgG2gLYYJUuFcQo6Sso,50.0,p2pk,https://raw.githubusercontent.com/bensig/patoshi-addresses/main/patoshi_pubkeys_COMPLETE.csv
E,20707,0,19d4v7uPxx1rQfKJ1mjXpTXHGBJg7rR51T,50.0,p2pk,https://raw.githubusercontent.com/bensig/patoshi-addresses/main/patoshi_pubkeys_COMPLETE.csv
E,20708,0,1MWnE3J2Vurc7KB5WTq6L3v3xpaJhec7ZU,50.0,p2pk,https://raw.githubusercontent.com/bensig/patoshi-addresses/main/patoshi_pubkeys_COMPLETE.csv
E,20709,0,1C44e6rhPL1teo9TxbTYr9ZjmStEWdEGnc,50.0,p2pk,https://raw.githubusercontent.com/bensig/patoshi-addresses/main/patoshi_pubkeys_COMPLETE.csv
E,20710,0,1BCrvP1tNU5r375uCK58Kk8YKgkYdSJnam,50.0,p2pk,https://raw.githubusercontent.com/bensig/patoshi-addresses/main/patoshi_pubkeys_COMPLETE.csv
E,20711,0,18tJdqEJH8CBGPpsTnx4CadLvAaufMi9e9,50.0,p2pk,https://raw.githubusercontent.com/bensig/patoshi-addresses/main/patoshi_pubkeys_COMPLETE.csv
E,20713,0,14EzVySP2uih9wESYGEj4ohkvApv6GFPv2,50.0,p2pk,https://raw.githubusercontent.com/bensig/patoshi-addresses/main/patoshi_pubkeys_COMPLETE.csv
E,20714,0,18xwK6Pf9BFbc9RZjdWQFFpS5SbjnvMrx7,50.0,p2pk,https://raw.githubusercontent.com/bensig/patoshi-addresses/main/patoshi_pubkeys_COMPLETE.csv
E,20715,0,19Yx2bfQA7taCesmrutCy51JJpei3wMGSA,50.0,p2pk,https://raw.githubusercontent.com/bensig/patoshi-addresses/main/patoshi_pubkeys_COMPLETE.csv
E,20718,0,1JSPuBMMFExjtEn9oqHiqfdRHPEcdeJJ6w,50.0,p2pk,https://raw.githubusercontent.com/bensig/patoshi-addresses/main/patoshi_pubkeys_COMPLETE.csv
E,20719,0,1LeoSCNewJYLe8EgXcqSSXBjt3cS1ncQ8B,50.0,p2pk,https://raw.githubusercontent.com/bensig/patoshi-addresses/main/patoshi_pubkeys_COMPLETE.csv
E,20720,0,1Hh99wPju1SJCVZNcJRi2JBaYp98oKjrgD,50.0,p2pk,https://raw.githubusercontent.com/bensig/patoshi-addresses/main/patoshi_pubkeys_COMPLETE.csv
E,20723,0,14EigHeC35qjvS4Px3vfZx3sbeqVPXDBTW,50.0,p2pk,https://raw.githubusercontent.com/bensig/patoshi-addresses/main/patoshi_pubkeys_COMPLETE.csv
E,20725,0,1Giva2DZYnuD6HWEkr2X5hBwxxVJGFwLGp,50.0,p2pk,https://raw.githubusercontent.com/bensig/patoshi-addresses/main/patoshi_pubkeys_COMPLETE.csv
E,20726,0,15nRSefk97uUixSPnE9GRFJQNd4N627rGS,50.0,p2pk,https://raw.githubusercontent.com/bensig/patoshi-addresses/main/patoshi_pubkeys_COMPLETE.csv
E,20731,0,15ZMww2hvvXDKFzpAtSC69Sbv141VDqsmo,50.0,p2pk,https://raw.githubusercontent.com/bensig/patoshi-addresses/main/patoshi_pubkeys_COMPLETE.csv
E,20732,0,1L14QsR88KNGvmQTBgAjPSHsYZ38CVhCqo,50.0,p2pk,https://raw.githubusercontent.com/bensig/patoshi-addresses/main/patoshi_pubkeys_COMPLETE.csv
E,20733,0,1KqWEdhntaeRGuy4ajQdz7w5UfLDyzRowg,50.0,p2pk,https://raw.githubusercontent.com/bensig/patoshi-addresses/main/patoshi_pubkeys_COMPLETE.csv
E,20734,0,1Kn4m2tpNcgJuQZnuaN3ZKjoC7okq5EsjV,50.0,p2pk,https://raw.githubusercontent.com/bensig/patoshi-addresses/main/patoshi_pubkeys_COMPLETE.csv
E,20739,0,1KQzzDYG1fSjiwSkGecwo9jhJ9KirpZPPA,50.0,p2pk,https://raw.githubusercontent.com/bensig/patoshi-addresses/main/patoshi_pubkeys_COMPLETE.csv
E,20740,0,1KSPgVXTsT5Gs17ym3BneWFnJT2BYLPeoy,50.0,p2pk,https://raw.githubusercontent.com/bensig/patoshi-addresses/main/patoshi_pubkeys_COMPLETE.csv
E,20742,0,1BMyiP85awSg3yu3VdSkdmMoLJbWCbt3sZ,50.0,p2pk,https://raw.githubusercontent.com/bensig/patoshi-addresses/main/patoshi_pubkeys_COMPLETE.csv
E,20744,0,18dDbMRU7sb7JoAoC3Z3BW39UYXuNtze6d,50.0,p2pk,https://raw.githubusercontent.com/bensig/patoshi-addresses/main/patoshi_pubkeys_COMPLETE.csv
E,20745,0,17xDwTSJUYR1TX1aYnUWbKS6fXgJVm6WPc,50.0,p2pk,https://raw.githubusercontent.com/bensig/patoshi-addresses/main/patoshi_pubkeys_COMPLETE.csv
E,20746,0,12QGsbQtM2N6q4gtHiqj6wA8xzQBB86Hv9,50.0,p2pk,https://raw.githubusercontent.com/bensig/patoshi-addresses/main/patoshi_pubkeys_COMPLETE.csv
E,20748,0,1DR2E9NWQzQSiNdHRkRvwARSMnbLoU2UBJ,50.0,p2pk,https://raw.githubusercontent.com/bensig/patoshi-addresses/main/patoshi_pubkeys_COMPLETE.csv
E,20750,0,1CkdJcGEdQZ2UdonKMrQtrekgcRyRvCWF2,50.0,p2pk,https://raw.githubusercontent.com/bensig/patoshi-addresses/main/patoshi_pubkeys_COMPLETE.csv
E,20753,0,1A79Y4PaZE8ez2k21LapQsNBR6meAowB1r,50.0,p2pk,https://raw.githubusercontent.com/bensig/patoshi-addresses/main/patoshi_pubkeys_COMPLETE.csv
E,20755,0,15shkjGCJNY7C2K8QMYW1u7kQ1tgLzvQuF,50.0,p2pk,https://raw.githubusercontent.com/bensig/patoshi-addresses/main/patoshi_pubkeys_COMPLETE.csv
E,20756,0,14gr9H78bB5G1s1HnyCNcxbejVbpJp7rZ5,50.0,p2pk,https://raw.githubusercontent.com/bensig/patoshi-addresses/main/patoshi_pubkeys_COMPLETE.csv
E,20757,0,1Fua8GgEJmehLW2SiADNryRptYQi3gv6Bq,50.0,p2pk,https://raw.githubusercontent.com/bensig/patoshi-addresses/main/patoshi_pubkeys_COMPLETE.csv
E,20758,0,14evVxPZhD1SAK4mzeZcbXEgRxX2BqZMTb,50.0,p2pk,https://raw.githubusercontent.com/bensig/patoshi-addresses/main/patoshi_pubkeys_COMPLETE.csv
E,20759,0,1EiFFJUXgPzDiJRGdV61cYXz4w7dfsQvB9,50.0,p2pk,https://raw.githubusercontent.com/bensig/patoshi-addresses/main/patoshi_pubkeys_COMPLETE.csv
E,20760,0,13FWigK7JSaLGscnK7eUn11sCETVyvBr7E,50.0,p2pk,https://raw.githubusercontent.com/bensig/patoshi-addresses/main/patoshi_pubkeys_COMPLETE.csv
E,20761,0,13zGi3H8KrEcAPT4rh1Y752MfmgHwNKc5e,50.0,p2pk,https://raw.githubusercontent.com/bensig/patoshi-addresses/main/patoshi_pubkeys_COMPLETE.csv
E,20762,0,1HmbYbedSpCZkCiL692spU8XSxrBQ6Yaa2,50.0,p2pk,https://raw.githubusercontent.com/bensig/patoshi-addresses/main/patoshi_pubkeys_COMPLETE.csv
E,20764,0,14PtWpeAivXBhZVDBQgDRRzHRdGkjs1tUZ,50.0,p2pk,https://raw.githubusercontent.com/bensig/patoshi-addresses/main/patoshi_pubkeys_COMPLETE.csv
E,20765,0,1EZd6q3TgaHUyxUAzNLxSQiFUsEiXPtEsf,50.0,p2pk,https://raw.githubusercontent.com/bensig/patoshi-addresses/main/patoshi_pubkeys_COMPLETE.csv
E,20767,0,121uWsJpegUWfTLzjsTJXaHkwR7gR7agAt,50.0,p2pk,https://raw.githubusercontent.com/bensig/patoshi-addresses/main/patoshi_pubkeys_COMPLETE.csv
E,20771,0,1Moh6k4fRPmxxR4w7YZfZkEEKdUfCFieF7,50.0,p2pk,https://raw.githubusercontent.com/bensig/patoshi-addresses/main/patoshi_pubkeys_COMPLETE.csv
E,20772,0,1QLNXBHpZKjXNjtv4BnXQMkTmwezVckPkB,50.0,p2pk,https://raw.githubusercontent.com/bensig/patoshi-addresses/main/patoshi_pubkeys_COMPLETE.csv
E,20773,0,192rLhFJTxsMuRUrL7Xjw2n7D2rbokDt17,50.0,p2pk,https://raw.githubusercontent.com/bensig/patoshi-addresses/main/patoshi_pubkeys_COMPLETE.csv
E,20777,0,1GLMLinAeJxDzZyrGBKhfWcbY2KsohDRYh,50.0,p2pk,https://raw.githubusercontent.com/bensig/patoshi-addresses/main/patoshi_pubkeys_COMPLETE.csv
E,20778,0,1JJRpT6iDNdhFo8dcvTmE1c89G4kJ757SL,50.0,p2pk,https://raw.githubusercontent.com/bensig/patoshi-addresses/main/patoshi_pubkeys_COMPLETE.csv
E,20779,0,1N9Ab373AkrU1bsNZFAfBBnfF5YozwfTyA,50.0,p2pk,https://raw.githubusercontent.com/bensig/patoshi-addresses/main/patoshi_pubkeys_COMPLETE.csv
E,20782,0,1JzVQ7KDpUDPZP8aiF9edxLrN3CKKErY6P,50.0,p2pk,https://raw.githubusercontent.com/bensig/patoshi-addresses/main/patoshi_pubkeys_COMPLETE.csv
E,20783,0,1247XSc4zKBvoMCd966mKbfupa52QhTpSr,50.0,p2pk,https://raw.githubusercontent.com/bensig/patoshi-addresses/main/patoshi_pubkeys_COMPLETE.csv
E,20784,0,152ohecwWhcZD4s68Unymh6CxXmWMwVwQy,50.0,p2pk,https://raw.githubusercontent.com/bensig/patoshi-addresses/main/patoshi_pubkeys_COMPLETE.csv
E,20786,0,1eYd2SWNfR95ncULT7YBMdBmuanW7SUjj,50.0,p2pk,https://raw.githubusercontent.com/bensig/patoshi-addresses/main/patoshi_pubkeys_COMPLETE.csv
E,20788,0,1PNxxakk689cSrnYavgAwQEgVC4Ji58MNZ,50.0,p2pk,https://raw.githubusercontent.com/bensig/patoshi-addresses/main/patoshi_pubkeys_COMPLETE.csv
E,20789,0,13VJMzz422qfbEV4LuJU5CdMXdfNXuCc8W,50.0,p2pk,https://raw.githubusercontent.com/bensig/patoshi-addresses/main/patoshi_pubkeys_COMPLETE.csv
E,20791,0,1HytNPw7zUiinZephiKEmrhQ5zjo7QjoTn,50.0,p2pk,https://raw.githubusercontent.com/bensig/patoshi-addresses/main/patoshi_pubkeys_COMPLETE.csv
E,20793,0,1MujDQvf2izQvnqLefLctPMXMEcgNgkaGy,50.0,p2pk,https://raw.githubusercontent.com/bensig/patoshi-addresses/main/patoshi_pubkeys_COMPLETE.csv
E,20794,0,1H8jb6GhYavC9huHgsWB9Z4zQ6BTiu2Tye,50.0,p2pk,https://raw.githubusercontent.com/bensig/patoshi-addresses/main/patoshi_pubkeys_COMPLETE.csv
E,20795,0,1KyJvGD2vYkHUziH2GUhd8GwoQXrUxogQR,50.0,p2pk,https://raw.githubusercontent.com/bensig/patoshi-addresses/main/patoshi_pubkeys_COMPLETE.csv
E,20796,0,1NypnXLPQSvcR3WWEB8Y4LeoTK4tL8dFUC,50.0,p2pk,https://raw.githubusercontent.com/bensig/patoshi-addresses/main/patoshi_pubkeys_COMPLETE.csv
E,20797,0,1FdSWxUUWaAMM51Xf43SXT7coi2oYSKH3y,50.0,p2pk,https://raw.githubusercontent.com/bensig/patoshi-addresses/main/patoshi_pubkeys_COMPLETE.csv
E,20798,0,1D8yVgZ8H6Mi8yCgKVSEcAgfpwkw3F6V2w,50.0,p2pk,https://raw.githubusercontent.com/bensig/patoshi-addresses/main/patoshi_pubkeys_COMPLETE.csv
E,20801,0,1Lg8rpxbp3yxUDLXnS7TPbpedi6gzcmcDz,50.0,p2pk,https://raw.githubusercontent.com/bensig/patoshi-addresses/main/patoshi_pubkeys_COMPLETE.csv
E,20802,0,1AccNaxdhnJ8uBr1fNCN4KxTnDLUhtiBWX,50.0,p2pk,https://raw.githubusercontent.com/bensig/patoshi-addresses/main/patoshi_pubkeys_COMPLETE.csv
E,20803,0,1JgSv3cB4bSForukAAd3xperR41y74EnQF,50.0,p2pk,https://raw.githubusercontent.com/bensig/patoshi-addresses/main/patoshi_pubkeys_COMPLETE.csv
E,20804,0,1BnQftKdPwvmNitsiof2McHbPaTPJTyRDM,50.0,p2pk,https://raw.githubusercontent.com/bensig/patoshi-addresses/main/patoshi_pubkeys_COMPLETE.csv
E,20806,0,1GUi9NkGHy1FvyJDeZ2ZGaTtMXTAb8DFgV,50.0,p2pk,https://raw.githubusercontent.com/bensig/patoshi-addresses/main/patoshi_pubkeys_COMPLETE.csv
E,20808,0,1P9d5yc6BcLUVi4EGmccvgGj1Yo5U2MwBa,50.0,p2pk,https://raw.githubusercontent.com/bensig/patoshi-addresses/main/patoshi_pubkeys_COMPLETE.csv
E,20810,0,196hBakvvdi712ruShskTnKHAhLEW7b99S,50.0,p2pk,https://raw.githubusercontent.com/bensig/patoshi-addresses/main/patoshi_pubkeys_COMPLETE.csv
E,20814,0,1NJiPawGpAM9B9D6CrEZT3RjjNcEfArGUY,50.0,p2pk,https://raw.githubusercontent.com/bensig/patoshi-addresses/main/patoshi_pubkeys_COMPLETE.csv
E,20815,0,1BcAAYtDrxjyMfr6SD8QekrmwXYeQ1paxj,50.0,p2pk,https://raw.githubusercontent.com/bensig/patoshi-addresses/main/patoshi_pubkeys_COMPLETE.csv
E,20817,0,1LKzjsEoqk9MHXt2tQMgVPJ1UnohSKaLEk,50.0,p2pk,https://raw.githubusercontent.com/bensig/patoshi-addresses/main/patoshi_pubkeys_COMPLETE.csv
E,20818,0,1FXbh5rcfS7YKtS2Rmg74u2QSQs5WzYhUP,50.0,p2pk,https://raw.githubusercontent.com/bensig/patoshi-addresses/main/patoshi_pubkeys_COMPLETE.csv
E,20819,0,1Fb1Zgd28wiPziZjFKoRG7gR4VoTixz5jh,50.0,p2pk,https://raw.githubusercontent.com/bensig/patoshi-addresses/main/patoshi_pubkeys_COMPLETE.csv
E,20820,0,1AYJJokEcfrpTijrHT5xVUSN6GY72Phyfo,50.0,p2pk,https://raw.githubusercontent.com/bensig/patoshi-addresses/main/patoshi_pubkeys_COMPLETE.csv
E,20821,0,1fQJRQBAqZPkNJAL32K5NceGPXZuztjoC,50.0,p2pk,https://raw.githubusercontent.com/bensig/patoshi-addresses/main/patoshi_pubkeys_COMPLETE.csv
E,20824,0,18Wtg6c23BCp7jkJyv8XXDAskCzqpwjXY8,50.0,p2pk,https://raw.githubusercontent.com/bensig/patoshi-addresses/main/patoshi_pubkeys_COMPLETE.csv
E,20826,0,13KvJJwzdnrsXtnRQoHeXMSTZYm3njq3aX,50.0,p2pk,https://raw.githubusercontent.com/bensig/patoshi-addresses/main/patoshi_pubkeys_COMPLETE.csv
E,20827,0,1A6eNKG8RueefwGZLwoYZP8PpP2BUN9cvB,50.0,p2pk,https://raw.githubusercontent.com/bensig/patoshi-addresses/main/patoshi_pubkeys_COMPLETE.csv
E,20828,0,1Pf6HsqTZuK7KHWf6PPxi8mwG1UomUdCjW,50.0,p2pk,https://raw.githubusercontent.com/bensig/patoshi-addresses/main/patoshi_pubkeys_COMPLETE.csv
E,20829,0,1J6wpWiGn6NzWhr5yNzgX2WQWKCGTrT7Mm,50.0,p2pk,https://raw.githubusercontent.com/bensig/patoshi-addresses/main/patoshi_pubkeys_COMPLETE.csv
E,20832,0,1A2GGWRKu3rDv1q3jgTJKXFTunqfVJAgV,50.0,p2pk,https://raw.githubusercontent.com/bensig/patoshi-addresses/main/patoshi_pubkeys_COMPLETE.csv
E,20833,0,1EK7botnjFNNRixmifM2cHTN6Ys1sCk1EH,50.0,p2pk,https://raw.githubusercontent.com/bensig/patoshi-addresses/main/patoshi_pubkeys_COMPLETE.csv
E,20835,0,15Y2CSMfRNYsS1PMmGn7gYyLCUyQzZRXQs,50.0,p2pk,https://raw.githubusercontent.com/bensig/patoshi-addresses/main/patoshi_pubkeys_COMPLETE.csv
E,20837,0,1HMhK3taXdSLJYgHD1k89mqgPD4zmuFfSV,50.0,p2pk,https://raw.githubusercontent.com/bensig/patoshi-addresses/main/patoshi_pubkeys_COMPLETE.csv
E,20840,0,1P56Wo6cCM5MBwWU5CQuYYYUEV7meyq1zZ,50.0,p2pk,https://raw.githubusercontent.com/bensig/patoshi-addresses/main/patoshi_pubkeys_COMPLETE.csv
E,20841,0,1LCipqPKrcK3w6BxWUyfMW1McYCty7bZQ1,50.0,p2pk,https://raw.githubusercontent.com/bensig/patoshi-addresses/main/patoshi_pubkeys_COMPLETE.csv
E,20843,0,1DQAqwK7kXRjpspVZNGfNJ2jMZbrW3MyBG,50.0,p2pk,https://raw.githubusercontent.com/bensig/patoshi-addresses/main/patoshi_pubkeys_COMPLETE.csv
E,20844,0,16C8bPvWU8eJagcuc5gi8d7HYCGUcuTvqr,50.0,p2pk,https://raw.githubusercontent.com/bensig/patoshi-addresses/main/patoshi_pubkeys_COMPLETE.csv
E,20847,0,17xm2mioL9QoyLoVJ5RmUcjc5RJjrxxU3,50.0,p2pk,https://raw.githubusercontent.com/bensig/patoshi-addresses/main/patoshi_pubkeys_COMPLETE.csv
E,20849,0,1AsDhDxbtFrgsUgwJGeVDs4qh44aazAExz,50.0,p2pk,https://raw.githubusercontent.com/bensig/patoshi-addresses/main/patoshi_pubkeys_COMPLETE.csv
E,20850,0,1KtPV6HZNNQ5AyqBbWmWAx5Qd8QyaCBChw,50.0,p2pk,https://raw.githubusercontent.com/bensig/patoshi-addresses/main/patoshi_pubkeys_COMPLETE.csv
E,20852,0,1Mdj4iuypQycEWvd6xA2ZtKoJi8yGQX5MA,50.0,p2pk,https://raw.githubusercontent.com/bensig/patoshi-addresses/main/patoshi_pubkeys_COMPLETE.csv
E,20853,0,1L3t4nLRAUa8dwsgewZ8ErwoUywXzkR58k,50.0,p2pk,https://raw.githubusercontent.com/bensig/patoshi-addresses/main/patoshi_pubkeys_COMPLETE.csv
E,20854,0,15UYTXJX8CiY3jtw7sieen13qyQM7WXWpg,50.0,p2pk,https://raw.githubusercontent.com/bensig/patoshi-addresses/main/patoshi_pubkeys_COMPLETE.csv
E,20856,0,1M8yHEo9Q4XoSQodmNb2T7yVSuQ4Y9NF1R,50.0,p2pk,https://raw.githubusercontent.com/bensig/patoshi-addresses/main/patoshi_pubkeys_COMPLETE.csv
E,20857,0,115Kc2Zoaz3Bzzctfx5gRi3qHs3tF3z9Kz,50.0,p2pk,https://raw.githubusercontent.com/bensig/patoshi-addresses/main/patoshi_pubkeys_COMPLETE.csv
E,20858,0,1DXbgnFM1tBpcYtvC1Rp7rWx9a8u9puXBR,50.0,p2pk,https://raw.githubusercontent.com/bensig/patoshi-addresses/main/patoshi_pubkeys_COMPLETE.csv
E,20860,0,18nCwBB72eYNimdRA56fB5fQMVSwqALGCZ,50.0,p2pk,https://raw.githubusercontent.com/bensig/patoshi-addresses/main/patoshi_pubkeys_COMPLETE.csv
E,20861,0,1Ni3Hok3i9XPZJNDgHbkaYihyHLhBr5erd,50.0,p2pk,https://raw.githubusercontent.com/bensig/patoshi-addresses/main/patoshi_pubkeys_COMPLETE.csv
E,20863,0,1AtJ1hfATw3HYJbSASGvjdK14kSSLGb6Jk,50.0,p2pk,https://raw.githubusercontent.com/bensig/patoshi-addresses/main/patoshi_pubkeys_COMPLETE.csv
E,20864,0,15bUzhJdgmPutseKxdZG4VWoJJv6QUfQhf,50.0,p2pk,https://raw.githubusercontent.com/bensig/patoshi-addresses/main/patoshi_pubkeys_COMPLETE.csv
E,20865,0,19niR6kM8xkR3Ctf9a4uDu36miBwi6gpFg,50.0,p2pk,https://raw.githubusercontent.com/bensig/patoshi-addresses/main/patoshi_pubkeys_COMPLETE.csv
E,20866,0,121TmbX2tpuRkF8MNEHagFxuKJrhsvMqpe,50.0,p2pk,https://raw.githubusercontent.com/bensig/patoshi-addresses/main/patoshi_pubkeys_COMPLETE.csv
E,20867,0,1KokkhuwqH3ijBF7DHJZGn1UHmLv1c5A2C,50.0,p2pk,https://raw.githubusercontent.com/bensig/patoshi-addresses/main/patoshi_pubkeys_COMPLETE.csv
E,20869,0,1Cuo8Z4J2CnJRVcGPvRXX7zibZrDavCdGk,50.0,p2pk,https://raw.githubusercontent.com/bensig/patoshi-addresses/main/patoshi_pubkeys_COMPLETE.csv
E,20870,0,1Ps4H8zxxLrvt1UqLtc9MkzJyvCWbKsa8i,50.0,p2pk,https://raw.githubusercontent.com/bensig/patoshi-addresses/main/patoshi_pubkeys_COMPLETE.csv
E,20872,0,1BXBEMf4K44j2i4o1mS8oJmHiKvHg8bu6Y,50.0,p2pk,https://raw.githubusercontent.com/bensig/patoshi-addresses/main/patoshi_pubkeys_COMPLETE.csv
E,20873,0,15TQqx8wTdJBQ6q99Nb2LqnQ5U2F1aNwbm,50.0,p2pk,https://raw.githubusercontent.com/bensig/patoshi-addresses/main/patoshi_pubkeys_COMPLETE.csv
E,20874,0,1FhxtjkXGmG7nLqjM1XhvpbAr7CwJaDYCZ,50.0,p2pk,https://raw.githubusercontent.com/bensig/patoshi-addresses/main/patoshi_pubkeys_COMPLETE.csv
E,20877,0,17Fw7r3AYLjiWwP5wVdCT2gLfgKZpAKWwy,50.0,p2pk,https://raw.githubusercontent.com/bensig/patoshi-addresses/main/patoshi_pubkeys_COMPLETE.csv
E,20880,0,16u6NfM8YPUdvVpRpdA9eSizpVRnPzdoaW,50.0,p2pk,https://raw.githubusercontent.com/bensig/patoshi-addresses/main/patoshi_pubkeys_COMPLETE.csv
E,20881,0,1EwMHGMHtNAy4d2qBthtqVhxqHaJUaWzQV,50.0,p2pk,https://raw.githubusercontent.com/bensig/patoshi-addresses/main/patoshi_pubkeys_COMPLETE.csv
E,20884,0,17KzCzoAZSuAEFT1M4sBhPXKp5yuk1dZm3,50.0,p2pk,https://raw.githubusercontent.com/bensig/patoshi-addresses/main/patoshi_pubkeys_COMPLETE.csv
E,20885,0,19zbyGQtbrQZQu9iW1F6YTwycqRDMqnhrs,50.0,p2pk,https://raw.githubusercontent.com/bensig/patoshi-addresses/main/patoshi_pubkeys_COMPLETE.csv
E,20887,0,1Ldf4NjK7Av6cZiMLqmXyvLGxFUh7tDgqu,50.0,p2pk,https://raw.githubusercontent.com/bensig/patoshi-addresses/main/patoshi_pubkeys_COMPLETE.csv
E,20889,0,1A98XP2fbNaSr3uUSoMb3sU52eRaJreWhy,50.0,p2pk,https://raw.githubusercontent.com/bensig/patoshi-addresses/main/patoshi_pubkeys_COMPLETE.csv
E,20892,0,15RNxySTHRuhqsRSD47xiSNVrtg98Wpyq2,50.0,p2pk,https://raw.githubusercontent.com/bensig/patoshi-addresses/main/patoshi_pubkeys_COMPLETE.csv
E,20893,0,1MZBjbxJLvnXyaY4CHgERJV1SygcrsymjH,50.0,p2pk,https://raw.githubusercontent.com/bensig/patoshi-addresses/main/patoshi_pubkeys_COMPLETE.csv
E,20894,0,19Ep8erBGGQYDjGmjLj2DtrEAgUCAmtALG,50.0,p2pk,https://raw.githubusercontent.com/bensig/patoshi-addresses/main/patoshi_pubkeys_COMPLETE.csv
E,20897,0,19A9Cae6rGPkfBiTvfLcfY1j76kp9AAgir,50.0,p2pk,https://raw.githubusercontent.com/bensig/patoshi-addresses/main/patoshi_pubkeys_COMPLETE.csv
E,20898,0,1Lwqy4dcBDk84rpnB2mfXiZTtB2XJFi9UJ,50.0,p2pk,https://raw.githubusercontent.com/bensig/patoshi-addresses/main/patoshi_pubkeys_COMPLETE.csv
E,20899,0,1D7nNmqEg1jAgRKsXX89qfMEaVUgSBFAgM,50.0,p2pk,https://raw.githubusercontent.com/bensig/patoshi-addresses/main/patoshi_pubkeys_COMPLETE.csv
E,20901,0,14EtPKBXzbfmD91Ju6RdhvL1xevWUXwnEa,50.0,p2pk,https://raw.githubusercontent.com/bensig/patoshi-addresses/main/patoshi_pubkeys_COMPLETE.csv
E,20902,0,1CiurTZsGkzwLUqSDRhXbaVkaqqy7oNGtg,50.0,p2pk,https://raw.githubusercontent.com/bensig/patoshi-addresses/main/patoshi_pubkeys_COMPLETE.csv
E,20904,0,1NivRsfxKra1TCUMukGyb1Zhu7Ss5477Ux,50.0,p2pk,https://raw.githubusercontent.com/bensig/patoshi-addresses/main/patoshi_pubkeys_COMPLETE.csv
E,20907,0,19gFZZrGuNhdzw5T6tmPtAEp11dw6L3wqX,50.0,p2pk,https://raw.githubusercontent.com/bensig/patoshi-addresses/main/patoshi_pubkeys_COMPLETE.csv
E,20908,0,18UQB9XWFKSNfJbAgVxAtnxaru6CrndvRi,50.0,p2pk,https://raw.githubusercontent.com/bensig/patoshi-addresses/main/patoshi_pubkeys_COMPLETE.csv
E,20912,0,1EqDNyHBn6YorfMZNbMeknD6fgitu2uU7P,50.0,p2pk,https://raw.githubusercontent.com/bensig/patoshi-addresses/main/patoshi_pubkeys_COMPLETE.csv
E,20913,0,17YvmaWS3eNGVMw4BbEfba32jg3YwZit32,50.0,p2pk,https://raw.githubusercontent.com/bensig/patoshi-addresses/main/patoshi_pubkeys_COMPLETE.csv
E,20914,0,1AULnRaw9ivTNCqJkviBDUU95osCeGg9rP,50.0,p2pk,https://raw.githubusercontent.com/bensig/patoshi-addresses/main/patoshi_pubkeys_COMPLETE.csv
E,20915,0,19w97SMiXoBF2KNt4cBLurGfGEoJkiQUJN,50.0,p2pk,https://raw.githubusercontent.com/bensig/patoshi-addresses/main/patoshi_pubkeys_COMPLETE.csv
E,20918,0,1MJZ4nuoijHfiap5tX5SszdofY4npTa8zb,50.0,p2pk,https://raw.githubusercontent.com/bensig/patoshi-addresses/main/patoshi_pubkeys_COMPLETE.csv
E,20919,0,1NbWC9QRV5tYGBYsx4yuz8xC6gcVx1cr6h,50.0,p2pk,https://raw.githubusercontent.com/bensig/patoshi-addresses/main/patoshi_pubkeys_COMPLETE.csv
E,20923,0,13cMFJ3J2B4JUNGMYWJ7EpLT1ewuHsFygE,50.0,p2pk,https://raw.githubusercontent.com/bensig/patoshi-addresses/main/patoshi_pubkeys_COMPLETE.csv
E,20924,0,1BarcNNX4NYWNVkmdsHzhAApj7LPHJFpUe,50.0,p2pk,https://raw.githubusercontent.com/bensig/patoshi-addresses/main/patoshi_pubkeys_COMPLETE.csv
E,20926,0,1FW81R6Gkq8oRcNSDTneejTnC24xfoo7Qm,50.0,p2pk,https://raw.githubusercontent.com/bensig/patoshi-addresses/main/patoshi_pubkeys_COMPLETE.csv
E,20928,0,1KnAbH4r3E7byHerbB3hVQXt7w36VZZvfc,50.0,p2pk,https://raw.githubusercontent.com/bensig/patoshi-addresses/main/patoshi_pubkeys_COMPLETE.csv
E,20929,0,1PmSf2gR8PJLwn5vCMM14m1aLJT3KyuEzz,50.0,p2pk,https://raw.githubusercontent.com/bensig/patoshi-addresses/main/patoshi_pubkeys_COMPLETE.csv
E,20930,0,1EMcUC7FziBJgvsJ7pvgzq4bst9qanuf11,50.0,p2pk,https://raw.githubusercontent.com/bensig/patoshi-addresses/main/patoshi_pubkeys_COMPLETE.csv
E,20932,0,1CwAo5A5syiSQd7LsouodhszpxuCf7TNDd,50.0,p2pk,https://raw.githubusercontent.com/bensig/patoshi-addresses/main/patoshi_pubkeys_COMPLETE.csv
E,20934,0,1Mgke7v1vQZhHzqohmH1Jegbwf3JYSijtw,50.0,p2pk,https://raw.githubusercontent.com/bensig/patoshi-addresses/main/patoshi_pubkeys_COMPLETE.csv
E,20936,0,1GXdrRX6kyaguE666Xkoqon9Yj8qi9gkoT,50.0,p2pk,https://raw.githubusercontent.com/bensig/patoshi-addresses/main/patoshi_pubkeys_COMPLETE.csv
E,20939,0,1DKcw6VWdezNhBFbGfdfMBTUWLiK39GkKF,50.0,p2pk,https://raw.githubusercontent.com/bensig/patoshi-addresses/main/patoshi_pubkeys_COMPLETE.csv
E,20940,0,1Dnm4pF5nG9pm2rjw9HaBCV8DhybktMLFb,50.0,p2pk,https://raw.githubusercontent.com/bensig/patoshi-addresses/main/patoshi_pubkeys_COMPLETE.csv
E,20942,0,1LXkiF5sLoo8MtUVj7BLmwqHY5H4NxY42Z,50.0,p2pk,https://raw.githubusercontent.com/bensig/patoshi-addresses/main/patoshi_pubkeys_COMPLETE.csv
E,20945,0,1GyghYHQM4vFXNaiCHa8UUcm2jWeDYkw2u,50.0,p2pk,https://raw.githubusercontent.com/bensig/patoshi-addresses/main/patoshi_pubkeys_COMPLETE.csv
E,20947,0,1QEp9ipV6qc7FyZwJtGfdtMxrZRATEeFTN,50.0,p2pk,https://raw.githubusercontent.com/bensig/patoshi-addresses/main/patoshi_pubkeys_COMPLETE.csv
E,20949,0,1EGKh1c671gPdvWjPakpuneBDHgGp3EUPf,50.0,p2pk,https://raw.githubusercontent.com/bensig/patoshi-addresses/main/patoshi_pubkeys_COMPLETE.csv
E,20951,0,1QAYyYqacnzcPv8fnSEx589f3b8QMshqV7,50.0,p2pk,https://raw.githubusercontent.com/bensig/patoshi-addresses/main/patoshi_pubkeys_COMPLETE.csv
E,20952,0,13f3my3WQ7ZVz6YSc8N6a49SucHhFWa2GS,50.0,p2pk,https://raw.githubusercontent.com/bensig/patoshi-addresses/main/patoshi_pubkeys_COMPLETE.csv
E,20953,0,1LDCp2MYaQNhZotwUzsmMsDYAEPXYHapwE,50.0,p2pk,https://raw.githubusercontent.com/bensig/patoshi-addresses/main/patoshi_pubkeys_COMPLETE.csv
E,20955,0,19oBPcxrdikG2gZQZjotBgh6QoK355EL15,50.0,p2pk,https://raw.githubusercontent.com/bensig/patoshi-addresses/main/patoshi_pubkeys_COMPLETE.csv
E,20956,0,16yUATu3SnMJUwk6GEvuSP8D2bCoLZQDzJ,50.0,p2pk,https://raw.githubusercontent.com/bensig/patoshi-addresses/main/patoshi_pubkeys_COMPLETE.csv
E,20957,0,1Es8uK6ZtjvFtpPdsHoAzdJwryPcjhr6oR,50.0,p2pk,https://raw.githubusercontent.com/bensig/patoshi-addresses/main/patoshi_pubkeys_COMPLETE.csv
E,20958,0,18U1aZQKwm86ikokLH4bovcxjPgBejALtR,50.0,p2pk,https://raw.githubusercontent.com/bensig/patoshi-addresses/main/patoshi_pubkeys_COMPLETE.csv
E,20959,0,1KjpEnGHRNf4B9YatAKGmt5JNjjFnTzCy7,50.0,p2pk,https://raw.githubusercontent.com/bensig/patoshi-addresses/main/patoshi_pubkeys_COMPLETE.csv
E,20960,0,13nQkuwCKoBkyxbHHSod8CA8ibyki3q8Lo,50.0,p2pk,https://raw.githubusercontent.com/bensig/patoshi-addresses/main/patoshi_pubkeys_COMPLETE.csv
E,20961,0,12QFvbnSWTG5sHBSRf9bsgFdZ8G35PfYxm,50.0,p2pk,https://raw.githubusercontent.com/bensig/patoshi-addresses/main/patoshi_pubkeys_COMPLETE.csv
E,20963,0,1KVAW3fTPoydqYz4eM3aJptT75q7ZGHK5i,50.0,p2pk,https://raw.githubusercontent.com/bensig/patoshi-addresses/main/patoshi_pubkeys_COMPLETE.csv
E,20965,0,1Kcutna2E2ZtzNh5ZHw3HsS58xpLVhqmqX,50.0,p2pk,https://raw.githubusercontent.com/bensig/patoshi-addresses/main/patoshi_pubkeys_COMPLETE.csv
E,20966,0,14y7LWTiHUcNBScwRWcfvcnvmkBJVtCPZR,50.0,p2pk,https://raw.githubusercontent.com/bensig/patoshi-addresses/main/patoshi_pubkeys_COMPLETE.csv
E,20969,0,114NHvyJdYy93YG5drTekGKAgfiPiRyeJn,50.0,p2pk,https://raw.githubusercontent.com/bensig/patoshi-addresses/main/patoshi_pubkeys_COMPLETE.csv
E,20970,0,1H8nwFLZ3Zan8peKuW3JLMzAP8p9yZw6fm,50.0,p2pk,https://raw.githubusercontent.com/bensig/patoshi-addresses/main/patoshi_pubkeys_COMPLETE.csv
E,20971,0,123E3mPCcSgMhfFW1uQfS6F4hc2bXZgZsG,50.0,p2pk,https://raw.githubusercontent.com/bensig/patoshi-addresses/main/patoshi_pubkeys_COMPLETE.csv
E,20972,0,19kmG7AumVEMy9nzFaJLKJeeiNiwAQP3uJ,50.0,p2pk,https://raw.githubusercontent.com/bensig/patoshi-addresses/main/patoshi_pubkeys_COMPLETE.csv
E,20973,0,1FhbZNreMAtdhQKUd7aMcoYwzR5PqobqYT,50.0,p2pk,https://raw.githubusercontent.com/bensig/patoshi-addresses/main/patoshi_pubkeys_COMPLETE.csv
E,20974,0,16nq4RtcHh5GrQzUgrbQxkhUa72K7qLTuh,50.0,p2pk,https://raw.githubusercontent.com/bensig/patoshi-addresses/main/patoshi_pubkeys_COMPLETE.csv
E,20975,0,1BW6DbgwSmyXrfXZvYeL7oJJ8VMNBwiyAv,50.0,p2pk,https://raw.githubusercontent.com/bensig/patoshi-addresses/main/patoshi_pubkeys_COMPLETE.csv
E,20976,0,1PjDnbTEEGHSKy35qNAqVdnnFuEaoXLaCg,50.0,p2pk,https://raw.githubusercontent.com/bensig/patoshi-addresses/main/patoshi_pubkeys_COMPLETE.csv
E,20977,0,1NrgUcyp3YdoeTHhNkCFtugWA6DpJKivRv,50.0,p2pk,https://raw.githubusercontent.com/bensig/patoshi-addresses/main/patoshi_pubkeys_COMPLETE.csv
E,20979,0,1Bg6kJVrAbs31YkacFe5hLGXaBvsyNAkSe,50.0,p2pk,https://raw.githubusercontent.com/bensig/patoshi-addresses/main/patoshi_pubkeys_COMPLETE.csv
E,20980,0,1JVCpf9szuoLdFsdsvNdCLWWStWKLeVmYD,50.0,p2pk,https://raw.githubusercontent.com/bensig/patoshi-addresses/main/patoshi_pubkeys_COMPLETE.csv
E,20982,0,1JsRuc78k8SQV4ZKUzkqhdjgv8Dghk6Vdw,50.0,p2pk,https://raw.githubusercontent.com/bensig/patoshi-addresses/main/patoshi_pubkeys_COMPLETE.csv
E,20985,0,1Pm5YrsrMncA6xZJ9brRbVAus7Nduf444N,50.0,p2pk,https://raw.githubusercontent.com/bensig/patoshi-addresses/main/patoshi_pubkeys_COMPLETE.csv
E,20986,0,1gCcsMf2wrWTzo7CVTft1To3XzWm6zw6D,50.0,p2pk,https://raw.githubusercontent.com/bensig/patoshi-addresses/main/patoshi_pubkeys_COMPLETE.csv
E,20988,0,1JrrryFHD11EM9mi56rRxNnEw7PY96EJpH,50.0,p2pk,https://raw.githubusercontent.com/bensig/patoshi-addresses/main/patoshi_pubkeys_COMPLETE.csv
E,20989,0,1EjxtAA7awXnLYSMAjCWomHLP9bL3VE5Uc,50.0,p2pk,https://raw.githubusercontent.com/bensig/patoshi-addresses/main/patoshi_pubkeys_COMPLETE.csv
E,20990,0,126iHKkWpV7EYVn3mLtKJtveLddmBjKsc1,50.0,p2pk,https://raw.githubusercontent.com/bensig/patoshi-addresses/main/patoshi_pubkeys_COMPLETE.csv
E,20991,0,1LFRYmXZzSmb4JtRsRCxNieyBjPpW91dSF,50.0,p2pk,https://raw.githubusercontent.com/bensig/patoshi-addresses/main/patoshi_pubkeys_COMPLETE.csv
E,20993,0,1KnFup2QpUNR2yphGWY2j15ryNWnE9S3W7,50.0,p2pk,https://raw.githubusercontent.com/bensig/patoshi-addresses/main/patoshi_pubkeys_COMPLETE.csv
E,20994,0,1A7m2KQakuFuZJoqnyGgK771R9SrNbRfsD,50.0,p2pk,https://raw.githubusercontent.com/bensig/patoshi-addresses/main/patoshi_pubkeys_COMPLETE.csv
E,20995,0,1FUiXn51Adu8GzZGUSi7g8gjv8g8vKEuw6,50.0,p2pk,https://raw.githubusercontent.com/bensig/patoshi-addresses/main/patoshi_pubkeys_COMPLETE.csv
E,20996,0,189SGBbpHXbEUb4EcAQgFfhZGeRxS9iRWc,50.0,p2pk,https://raw.githubusercontent.com/bensig/patoshi-addresses/main/patoshi_pubkeys_COMPLETE.csv
E,20997,0,1CYX4dbdqarZrtWMkSB4vPDigEyEh3thu,50.0,p2pk,https://raw.githubusercontent.com/bensig/patoshi-addresses/main/patoshi_pubkeys_COMPLETE.csv
E,20998,0,1L15mMoumKTxpKqywj5wTuaxsgRXJ5tJXH,50.0,p2pk,https://raw.githubusercontent.com/bensig/patoshi-addresses/main/patoshi_pubkeys_COMPLETE.csv
E,21000,0,1J6hX3Uz3LrRUyRH2vX2dPivcsMvvhArwm,50.0,p2pk,https://raw.githubusercontent.com/bensig/patoshi-addresses/main/patoshi_pubkeys_COMPLETE.csv
E,21001,0,1LAGRAWoADA7AfyuhHb3G26JtMBtA8zxDf,50.0,p2pk,https://raw.githubusercontent.com/bensig/patoshi-addresses/main/patoshi_pubkeys_COMPLETE.csv
E,21003,0,1KXJ8QbD13JTiLaDLjg99s3dFxgLDaLtYc,50.0,p2pk,https://raw.githubusercontent.com/bensig/patoshi-addresses/main/patoshi_pubkeys_COMPLETE.csv
E,21004,0,1N9fAg19hiW9xvjG9gn1E1oJrNpo174KMD,50.0,p2pk,https://raw.githubusercontent.com/bensig/patoshi-addresses/main/patoshi_pubkeys_COMPLETE.csv
E,21006,0,1CTuJ5Z7xaZok4TrJUunmYkKMWkPrpBHez,50.0,p2pk,https://raw.githubusercontent.com/bensig/patoshi-addresses/main/patoshi_pubkeys_COMPLETE.csv
E,21007,0,1A93Jhh5C9AouEJghr6rZrtXZBEvRAJ4o6,50.0,p2pk,https://raw.githubusercontent.com/bensig/patoshi-addresses/main/patoshi_pubkeys_COMPLETE.csv
E,21009,0,1Gg8fECo8o37y5v4i77FPL3jwj4jdz3Xjx,50.0,p2pk,https://raw.githubusercontent.com/bensig/patoshi-addresses/main/patoshi_pubkeys_COMPLETE.csv
E,21010,0,1EqumxaQoYHmHwPVSZyAoY2dk5LLix5Lk4,50.0,p2pk,https://raw.githubusercontent.com/bensig/patoshi-addresses/main/patoshi_pubkeys_COMPLETE.csv
E,21012,0,1MyRHWbXfzKWZpAnGXQ5AomXuWfjuMKihR,50.0,p2pk,https://raw.githubusercontent.com/bensig/patoshi-addresses/main/patoshi_pubkeys_COMPLETE.csv
E,21014,0,1Gtb4qPkaMgbVp4cSYU5KBLB6fcVGBpWWi,50.0,p2pk,https://raw.githubusercontent.com/bensig/patoshi-addresses/main/patoshi_pubkeys_COMPLETE.csv
E,21015,0,1NDuz5B61UdpWcNvyy4uapvQwFVXEzXeTJ,50.0,p2pk,https://raw.githubusercontent.com/bensig/patoshi-addresses/main/patoshi_pubkeys_COMPLETE.csv
E,21016,0,12yvue5Po7ewf2ja3jTLuP27Xa55ULRXiL,50.0,p2pk,https://raw.githubusercontent.com/bensig/patoshi-addresses/main/patoshi_pubkeys_COMPLETE.csv
E,21017,0,17VoDoqbY69vEAoo8b15z1DTVM9zZ1RJBw,50.0,p2pk,https://raw.githubusercontent.com/bensig/patoshi-addresses/main/patoshi_pubkeys_COMPLETE.csv
E,21018,0,1GKjF2ZcKmJ3kAbUQ2dXkf2yrZdZnj7E7E,50.0,p2pk,https://raw.githubusercontent.com/bensig/patoshi-addresses/main/patoshi_pubkeys_COMPLETE.csv
E,21020,0,1GVBVRqCsrk5A1desnfaDkfVAcmFCGPSdU,50.0,p2pk,https://raw.githubusercontent.com/bensig/patoshi-addresses/main/patoshi_pubkeys_COMPLETE.csv
E,21021,0,1G3bazrEno2Ag9wpBawFv2LgToSePPq3si,50.0,p2pk,https://raw.githubusercontent.com/bensig/patoshi-addresses/main/patoshi_pubkeys_COMPLETE.csv
E,21022,0,1B9Fd2CPcAptFVXR79odV88jFqsX175CsM,50.0,p2pk,https://raw.githubusercontent.com/bensig/patoshi-addresses/main/patoshi_pubkeys_COMPLETE.csv
E,21023,0,1CHSzgRGyHc4qAvKikvMBSsLZz9T4iwVjt,50.0,p2pk,https://raw.githubusercontent.com/bensig/patoshi-addresses/main/patoshi_pubkeys_COMPLETE.csv
E,21024,0,17PvAhiSbrTtNSBr49zC4TKnwLjkJiuDB5,50.0,p2pk,https://raw.githubusercontent.com/bensig/patoshi-addresses/main/patoshi_pubkeys_COMPLETE.csv
E,21026,0,14kMqguC7WWHumWwSrv4tpjiYnDk9Aw2uY,50.0,p2pk,https://raw.githubusercontent.com/bensig/patoshi-addresses/main/patoshi_pubkeys_COMPLETE.csv
E,21027,0,15utKMZah7YKnmsNmG8WEU1gooC2XcwNNw,50.0,p2pk,https://raw.githubusercontent.com/bensig/patoshi-addresses/main/patoshi_pubkeys_COMPLETE.csv
E,21028,0,1LTura1UehdLf8LHH2PHxW62GU2577G6iB,50.0,p2pk,https://raw.githubusercontent.com/bensig/patoshi-addresses/main/patoshi_pubkeys_COMPLETE.csv
E,21030,0,1K223H7be7qGK2EqFebATZ1Qi6H3ne43Y3,50.0,p2pk,https://raw.githubusercontent.com/bensig/patoshi-addresses/main/patoshi_pubkeys_COMPLETE.csv
E,21031,0,1GPBA9sAwQFh3pxMVysvJfqg6cBsnsoe7R,50.0,p2pk,https://raw.githubusercontent.com/bensig/patoshi-addresses/main/patoshi_pubkeys_COMPLETE.csv
E,21032,0,1Ad2NrxHRiidNkXgTxkfbCC4RbtZ5CCK96,50.0,p2pk,https://raw.githubusercontent.com/bensig/patoshi-addresses/main/patoshi_pubkeys_COMPLETE.csv
E,21033,0,166j2kGR2iTByCkb231FD7yf6tfFzD3wxF,50.0,p2pk,https://raw.githubusercontent.com/bensig/patoshi-addresses/main/patoshi_pubkeys_COMPLETE.csv
E,21034,0,18ARbR2Vvnmgg7rUjd1nf2XDkwkMT9PgsW,50.0,p2pk,https://raw.githubusercontent.com/bensig/patoshi-addresses/main/patoshi_pubkeys_COMPLETE.csv
E,21035,0,12Cko1REP3396wdgW2nbiEcn8SVVoUwTyd,50.0,p2pk,https://raw.githubusercontent.com/bensig/patoshi-addresses/main/patoshi_pubkeys_COMPLETE.csv
E,21038,0,15H3gLZnuccd1wWbXme18xah2BnFxyYeH8,50.0,p2pk,https://raw.githubusercontent.com/bensig/patoshi-addresses/main/patoshi_pubkeys_COMPLETE.csv
E,21039,0,1grMsMQ8dV2hA4h31aCTtRiVnAzRMqYC2,50.0,p2pk,https://raw.githubusercontent.com/bensig/patoshi-addresses/main/patoshi_pubkeys_COMPLETE.csv
E,21040,0,1EQVbtg8MZKkvFRowzVkdPYXzKLNZdmhnC,50.0,p2pk,https://raw.githubusercontent.com/bensig/patoshi-addresses/main/patoshi_pubkeys_COMPLETE.csv
E,21042,0,16r17hW5U2tjcBicgNMGEgaJRGLRNDWLhb,50.0,p2pk,https://raw.githubusercontent.com/bensig/patoshi-addresses/main/patoshi_pubkeys_COMPLETE.csv
E,21043,0,17GbMCZ3VovuTmvY8ETtG2bR3VRu4UW64t,50.0,p2pk,https://raw.githubusercontent.com/bensig/patoshi-addresses/main/patoshi_pubkeys_COMPLETE.csv
E,21044,0,14HK1qzt9maTK2HAkL7vNBHKCV4dZXsVLH,50.0,p2pk,https://raw.githubusercontent.com/bensig/patoshi-addresses/main/patoshi_pubkeys_COMPLETE.csv
E,21046,0,1QBjYQh7AzWsa5cK14dBwJypvM9EPh1KZY,50.0,p2pk,https://raw.githubusercontent.com/bensig/patoshi-addresses/main/patoshi_pubkeys_COMPLETE.csv
E,21047,0,1E26BX5rRomNjkBSNBigb4kZgsp91BFJfn,50.0,p2pk,https://raw.githubusercontent.com/bensig/patoshi-addresses/main/patoshi_pubkeys_COMPLETE.csv
E,21049,0,1DzdW7BegXrS99uJbhqWrbfvTq8hLqthKj,50.0,p2pk,https://raw.githubusercontent.com/bensig/patoshi-addresses/main/patoshi_pubkeys_COMPLETE.csv
E,21050,0,1EWD5ZA7LWrZHwwWZbMmWGcVDscnVts8Kj,50.0,p2pk,https://raw.githubusercontent.com/bensig/patoshi-addresses/main/patoshi_pubkeys_COMPLETE.csv
E,21051,0,15PYJPczGcwtNsthdtZoZkWW4fyfhTHN6u,50.0,p2pk,https://raw.githubusercontent.com/bensig/patoshi-addresses/main/patoshi_pubkeys_COMPLETE.csv
E,21052,0,1JrB43MLXkwMbEVrGAJbtuK64pDJ9qymwH,50.0,p2pk,https://raw.githubusercontent.com/bensig/patoshi-addresses/main/patoshi_pubkeys_COMPLETE.csv
E,21054,0,1Kkx86WSUNDKZzxescGSne6r1ueukLRE7z,50.0,p2pk,https://raw.githubusercontent.com/bensig/patoshi-addresses/main/patoshi_pubkeys_COMPLETE.csv
E,21055,0,184WWpUs3YRBP6KYNLrQjTcuedPYJigeJe,50.0,p2pk,https://raw.githubusercontent.com/bensig/patoshi-addresses/main/patoshi_pubkeys_COMPLETE.csv
E,21056,0,1JvkarhFLELzFumbShifmrzwgF25qiyvoR,50.0,p2pk,https://raw.githubusercontent.com/bensig/patoshi-addresses/main/patoshi_pubkeys_COMPLETE.csv
E,21058,0,1G5LR9n8BF6Jxqa7tHB95bzBhp3Px5FL8z,50.0,p2pk,https://raw.githubusercontent.com/bensig/patoshi-addresses/main/patoshi_pubkeys_COMPLETE.csv
E,21060,0,16sGrjU9UhBnjzWfA7itLDTxsbUkc6oRS5,50.0,p2pk,https://raw.githubusercontent.com/bensig/patoshi-addresses/main/patoshi_pubkeys_COMPLETE.csv
E,21061,0,1LsXFxhTSHCNLL4JgRZ1JEs6FzKxo6kuGD,50.0,p2pk,https://raw.githubusercontent.com/bensig/patoshi-addresses/main/patoshi_pubkeys_COMPLETE.csv
E,21062,0,1HJzDm2yeiCzBrCRFTueEuazw8oefoK1f4,50.0,p2pk,https://raw.githubusercontent.com/bensig/patoshi-addresses/main/patoshi_pubkeys_COMPLETE.csv
E,21064,0,1CASyqvTC4URgA8wXGgjVjvcEQvLasP5xM,50.0,p2pk,https://raw.githubusercontent.com/bensig/patoshi-addresses/main/patoshi_pubkeys_COMPLETE.csv
E,21065,0,1AusYu4YByBJoC32bf3yuZQveV8xrzCZg6,50.0,p2pk,https://raw.githubusercontent.com/bensig/patoshi-addresses/main/patoshi_pubkeys_COMPLETE.csv
E,21066,0,18UYCVkqYrrZZhC2DujWrUs8wkFGeC3cQ6,50.0,p2pk,https://raw.githubusercontent.com/bensig/patoshi-addresses/main/patoshi_pubkeys_COMPLETE.csv
E,21067,0,16we7KAX7PxSK5bjRcDZioR6To16TRkePR,50.0,p2pk,https://raw.githubusercontent.com/bensig/patoshi-addresses/main/patoshi_pubkeys_COMPLETE.csv
E,21068,0,1PJAAH8JboN27yRx4zmNx7mdRyMN61pPKg,50.0,p2pk,https://raw.githubusercontent.com/bensig/patoshi-addresses/main/patoshi_pubkeys_COMPLETE.csv
E,21069,0,13gHXMoDwSfF2DABuKpbrdmh3kVBTmwp72,50.0,p2pk,https://raw.githubusercontent.com/bensig/patoshi-addresses/main/patoshi_pubkeys_COMPLETE.csv
E,21070,0,1DzRcULR5yvgitxkojnogK115L47ccxrFK,50.0,p2pk,https://raw.githubusercontent.com/bensig/patoshi-addresses/main/patoshi_pubkeys_COMPLETE.csv
E,21071,0,13Ffu3Ve8wA5X1MDUAGXuaedfn14452jyM,50.0,p2pk,https://raw.githubusercontent.com/bensig/patoshi-addresses/main/patoshi_pubkeys_COMPLETE.csv
E,21072,0,13he61k6XDwjov6u8GshAdCzfpgdL27QwW,50.0,p2pk,https://raw.githubusercontent.com/bensig/patoshi-addresses/main/patoshi_pubkeys_COMPLETE.csv
E,21073,0,1K9vE7RYQunpPKL7bdm6YBNA8hdDqiJYvS,50.0,p2pk,https://raw.githubusercontent.com/bensig/patoshi-addresses/main/patoshi_pubkeys_COMPLETE.csv
E,21074,0,1AgNpzjJm5FNE3aB9dXvYu58FBfCVyjM1L,50.0,p2pk,https://raw.githubusercontent.com/bensig/patoshi-addresses/main/patoshi_pubkeys_COMPLETE.csv
E,21076,0,1LV6ncd8pKZM64tZHjyVxboa1W4Re2vCvV,50.0,p2pk,https://raw.githubusercontent.com/bensig/patoshi-addresses/main/patoshi_pubkeys_COMPLETE.csv
E,21077,0,14cUsW7Rdyzz2ofoYNM6xzNsoJTK6cDRCG,50.0,p2pk,https://raw.githubusercontent.com/bensig/patoshi-addresses/main/patoshi_pubkeys_COMPLETE.csv
E,21079,0,1NivqxNDH7FqTJ2JqxtV5xuFZvzX7R2Ekx,50.0,p2pk,https://raw.githubusercontent.com/bensig/patoshi-addresses/main/patoshi_pubkeys_COMPLETE.csv
E,21080,0,1PNngm7vQgsmuWbKwdkhECj42NVvDrhPFi,50.0,p2pk,https://raw.githubusercontent.com/bensig/patoshi-addresses/main/patoshi_pubkeys_COMPLETE.csv
E,21082,0,1JremQsm3HpkBLVkeoEgVy2oGaeUnUFDXw,50.0,p2pk,https://raw.githubusercontent.com/bensig/patoshi-addresses/main/patoshi_pubkeys_COMPLETE.csv
E,21083,0,1GWnQNCKaYFkqEbCGCNdkkQWSaRRXAAvZR,50.0,p2pk,https://raw.githubusercontent.com/bensig/patoshi-addresses/main/patoshi_pubkeys_COMPLETE.csv
E,21084,0,1QJJN9Hhsr9kSSmP8nKBwVzVNDkuPtxi3z,50.0,p2pk,https://raw.githubusercontent.com/bensig/patoshi-addresses/main/patoshi_pubkeys_COMPLETE.csv
E,21087,0,158V8eFeWZY75NLhpWxXfdzT1ai1rUZc5N,50.0,p2pk,https://raw.githubusercontent.com/bensig/patoshi-addresses/main/patoshi_pubkeys_COMPLETE.csv
E,21088,0,1QGmFZDc9Rth7k5MqujK2ARoTnfbEbpvp6,50.0,p2pk,https://raw.githubusercontent.com/bensig/patoshi-addresses/main/patoshi_pubkeys_COMPLETE.csv
E,21089,0,13uRaLYyF8YWDwAmz937WJV54XgzRCpcPj,50.0,p2pk,https://raw.githubusercontent.com/bensig/patoshi-addresses/main/patoshi_pubkeys_COMPLETE.csv
E,21090,0,1PZ7eLwMEc7UsXg7Gw74ADRk69ZCcwSbXX,50.0,p2pk,https://raw.githubusercontent.com/bensig/patoshi-addresses/main/patoshi_pubkeys_COMPLETE.csv
E,21092,0,1BmZvuULtFCSk4GfKJwvJtoHWWsj9hmE4d,50.0,p2pk,https://raw.githubusercontent.com/bensig/patoshi-addresses/main/patoshi_pubkeys_COMPLETE.csv
E,21094,0,18EAF7RJp2zMrhbJcRF3pHAfdwTPEo5ghH,50.0,p2pk,https://raw.githubusercontent.com/bensig/patoshi-addresses/main/patoshi_pubkeys_COMPLETE.csv
E,21095,0,15EAW64hQDgrc86suVY118t2cbaLraP5wM,50.0,p2pk,https://raw.githubusercontent.com/bensig/patoshi-addresses/main/patoshi_pubkeys_COMPLETE.csv
E,21097,0,1KH1g9aFkciarUJxBVZz9h5ejdoB28PFsq,50.0,p2pk,https://raw.githubusercontent.com/bensig/patoshi-addresses/main/patoshi_pubkeys_COMPLETE.csv
E,21098,0,16NWXdasB6uuMnUuxXCUfuTAyxYstptT48,50.0,p2pk,https://raw.githubusercontent.com/bensig/patoshi-addresses/main/patoshi_pubkeys_COMPLETE.csv
E,21099,0,19chG6vMv1f1tj7ym1yww7C57vnd5QqiFv,50.0,p2pk,https://raw.githubusercontent.com/bensig/patoshi-addresses/main/patoshi_pubkeys_COMPLETE.csv
E,21101,0,1EHrEYu1hCQ9KG5R5WpTaoTZCZc7b1sFqk,50.0,p2pk,https://raw.githubusercontent.com/bensig/patoshi-addresses/main/patoshi_pubkeys_COMPLETE.csv
E,21102,0,14LgfEFvhC94rFML24XxQ8atU6YddMEhEB,50.0,p2pk,https://raw.githubusercontent.com/bensig/patoshi-addresses/main/patoshi_pubkeys_COMPLETE.csv
E,21103,0,19xCjpNekM1xnEYE3WC52PdN6JH2cN5ujw,50.0,p2pk,https://raw.githubusercontent.com/bensig/patoshi-addresses/main/patoshi_pubkeys_COMPLETE.csv
E,21104,0,158BZD4dvT79g45aGE9CZVdnVxbjiova4s,50.0,p2pk,https://raw.githubusercontent.com/bensig/patoshi-addresses/main/patoshi_pubkeys_COMPLETE.csv
E,21105,0,15mGopZ7aVrH27wDvkZrbgE6Ayg2iGxgdX,50.0,p2pk,https://raw.githubusercontent.com/bensig/patoshi-addresses/main/patoshi_pubkeys_COMPLETE.csv
E,21106,0,1EVyWW7JC4V2QGvzTPE6TDFxEDeLavQGC8,50.0,p2pk,https://raw.githubusercontent.com/bensig/patoshi-addresses/main/patoshi_pubkeys_COMPLETE.csv
E,21108,0,1NdRRS89NxHf6vUCJtyx6Cw2AZ6FEowNPJ,50.0,p2pk,https://raw.githubusercontent.com/bensig/patoshi-addresses/main/patoshi_pubkeys_COMPLETE.csv
E,21109,0,13LdbfTMTFfNbwQWxYHcz7v9cz5EeCJmiU,50.0,p2pk,https://raw.githubusercontent.com/bensig/patoshi-addresses/main/patoshi_pubkeys_COMPLETE.csv
E,21110,0,1L1TATKiFBDcAr9oAKAQhLkzLvDgseC3Pw,50.0,p2pk,https://raw.githubusercontent.com/bensig/patoshi-addresses/main/patoshi_pubkeys_COMPLETE.csv
E,21111,0,1Ea489rVc3xxNYqhKFLa6wScwTG8zaYex8,50.0,p2pk,https://raw.githubusercontent.com/bensig/patoshi-addresses/main/patoshi_pubkeys_COMPLETE.csv
E,21113,0,1PmMq8hk1Zzzefu7zys3xN15sL3VMii5Su,50.0,p2pk,https://raw.githubusercontent.com/bensig/patoshi-addresses/main/patoshi_pubkeys_COMPLETE.csv
E,21115,0,18gY4HbnCTUPFQeHua7pGkX8HmCAArvH2X,50.0,p2pk,https://raw.githubusercontent.com/bensig/patoshi-addresses/main/patoshi_pubkeys_COMPLETE.csv
E,21117,0,1ARLkynBuet742zB9zYhWwEK5qqDYerp8t,50.0,p2pk,https://raw.githubusercontent.com/bensig/patoshi-addresses/main/patoshi_pubkeys_COMPLETE.csv
E,21119,0,1HbH1QdoAVvmQVBHqsFLrJsLR8cHRRYzpr,50.0,p2pk,https://raw.githubusercontent.com/bensig/patoshi-addresses/main/patoshi_pubkeys_COMPLETE.csv
E,21120,0,17BR7GryUZEmuYSS9NbEjWKsViPY4QsX5m,50.0,p2pk,https://raw.githubusercontent.com/bensig/patoshi-addresses/main/patoshi_pubkeys_COMPLETE.csv
E,21122,0,13oWeFufPvssqucJUUNhTytUy7f9F5qSix,50.0,p2pk,https://raw.githubusercontent.com/bensig/patoshi-addresses/main/patoshi_pubkeys_COMPLETE.csv
E,21123,0,1NZBKjQtDEP8HwdoWs7mATjPtmsTZnREvN,50.0,p2pk,https://raw.githubusercontent.com/bensig/patoshi-addresses/main/patoshi_pubkeys_COMPLETE.csv
E,21124,0,1J4tC7nSbyJHbxoCbucoFifzcCMxyzbT6r,50.0,p2pk,https://raw.githubusercontent.com/bensig/patoshi-addresses/main/patoshi_pubkeys_COMPLETE.csv
E,21125,0,1CAL3eMg8NnBzjJfyGXvePYi9eVDJv4A5v,50.0,p2pk,https://raw.githubusercontent.com/bensig/patoshi-addresses/main/patoshi_pubkeys_COMPLETE.csv
E,21126,0,1BDVD5FAxmQqye6UpvnmidVua8xt64GipF,50.0,p2pk,https://raw.githubusercontent.com/bensig/patoshi-addresses/main/patoshi_pubkeys_COMPLETE.csv
E,21127,0,14xCwABrA4qS645AuMMHMevjpqQSwZiX4x,50.0,p2pk,https://raw.githubusercontent.com/bensig/patoshi-addresses/main/patoshi_pubkeys_COMPLETE.csv
E,21128,0,1PXmgHq7Joa7qyFajARfCM7sy5ig9DLa5T,50.0,p2pk,https://raw.githubusercontent.com/bensig/patoshi-addresses/main/patoshi_pubkeys_COMPLETE.csv
E,21130,0,12YbV8imhxeZZJjBdsi1RBGAp9cw2T6Zjb,50.0,p2pk,https://raw.githubusercontent.com/bensig/patoshi-addresses/main/patoshi_pubkeys_COMPLETE.csv
E,21131,0,137JYgnWETFFyGZqsqNhYiLsNfH5hTZWdQ,50.0,p2pk,https://raw.githubusercontent.com/bensig/patoshi-addresses/main/patoshi_pubkeys_COMPLETE.csv
E,21132,0,1EdjuH27XdWZv6n1MWFi6QDLEvvoFrrdV4,50.0,p2pk,https://raw.githubusercontent.com/bensig/patoshi-addresses/main/patoshi_pubkeys_COMPLETE.csv
E,21133,0,12Dw6CLJ3dsCzmZvGJ94zybSgpS21PKLBs,50.0,p2pk,https://raw.githubusercontent.com/bensig/patoshi-addresses/main/patoshi_pubkeys_COMPLETE.csv
E,21134,0,1Dq2Zp5faoyU1h97gtjjMGruGa2odfbsav,50.0,p2pk,https://raw.githubusercontent.com/bensig/patoshi-addresses/main/patoshi_pubkeys_COMPLETE.csv
E,21135,0,1FrWEgaHcY38W1AMckJatHwvoc19HbUdNH,50.0,p2pk,https://raw.githubusercontent.com/bensig/patoshi-addresses/main/patoshi_pubkeys_COMPLETE.csv
E,21136,0,18Jte9KR8LqmmVZWrhkcy5UkbtmdXAeLwn,50.0,p2pk,https://raw.githubusercontent.com/bensig/patoshi-addresses/main/patoshi_pubkeys_COMPLETE.csv
E,21137,0,1K7Teo3d6QDj3XdnvkBkcBNWyTEW2USz9T,50.0,p2pk,https://raw.githubusercontent.com/bensig/patoshi-addresses/main/patoshi_pubkeys_COMPLETE.csv
E,21138,0,17ta6Q2S1ptRDkUGwPhMmKErZDaWy6Cxgk,50.0,p2pk,https://raw.githubusercontent.com/bensig/patoshi-addresses/main/patoshi_pubkeys_COMPLETE.csv
E,21139,0,181ttLFyPCQNYQ9oaBLXjyTGH2ERjJTtXN,50.0,p2pk,https://raw.githubusercontent.com/bensig/patoshi-addresses/main/patoshi_pubkeys_COMPLETE.csv
E,21140,0,1Jam84uvBE6Fgmm79fYhvQCAWRBi1XZpy2,50.0,p2pk,https://raw.githubusercontent.com/bensig/patoshi-addresses/main/patoshi_pubkeys_COMPLETE.csv
E,21141,0,1fQKYt2qZVtN5XPPX53Jg2jRrcZ9Xrgwk,50.0,p2pk,https://raw.githubusercontent.com/bensig/patoshi-addresses/main/patoshi_pubkeys_COMPLETE.csv
E,21142,0,1LR69buz98pNT6LvYjoBiFBZ8fRBw9FFQj,50.0,p2pk,https://raw.githubusercontent.com/bensig/patoshi-addresses/main/patoshi_pubkeys_COMPLETE.csv
E,21143,0,1B5NPL7hRrL7R5bf79AAWWrJqiazV7gf5H,50.0,p2pk,https://raw.githubusercontent.com/bensig/patoshi-addresses/main/patoshi_pubkeys_COMPLETE.csv
E,21144,0,1Jm9D8GaUPW723H8tedMCwfuUHbwwcDnYJ,50.0,p2pk,https://raw.githubusercontent.com/bensig/patoshi-addresses/main/patoshi_pubkeys_COMPLETE.csv
E,21146,0,1T5QicDV8SzikMEGWBzrUmwcjx7JTpHqe,50.0,p2pk,https://raw.githubusercontent.com/bensig/patoshi-addresses/main/patoshi_pubkeys_COMPLETE.csv
E,21148,0,1DN2EsnbEdn9BZxjqa9DnQAH5uY7EGmQK,50.0,p2pk,https://raw.githubusercontent.com/bensig/patoshi-addresses/main/patoshi_pubkeys_COMPLETE.csv
E,21149,0,1DB6jx6XGxbbMWWn2MKbcK5x7gcAbeYGEL,50.0,p2pk,https://raw.githubusercontent.com/bensig/patoshi-addresses/main/patoshi_pubkeys_COMPLETE.csv
E,21150,0,1ATu4ZWkyKVeEEbGwC33gtPGrTUpTiZ1Ep,50.0,p2pk,https://raw.githubusercontent.com/bensig/patoshi-addresses/main/patoshi_pubkeys_COMPLETE.csv
E,21151,0,13hPrSkUUoaGHbTUcEBknCj3sm7s1s9EzT,50.0,p2pk,https://raw.githubusercontent.com/bensig/patoshi-addresses/main/patoshi_pubkeys_COMPLETE.csv
E,21152,0,1NZ73vnp7EtpjVRPMahSKvtaFPPVWRPkpU,50.0,p2pk,https://raw.githubusercontent.com/bensig/patoshi-addresses/main/patoshi_pubkeys_COMPLETE.csv
E,21153,0,1LpT9qs9unLJCBKezPQwU4qxEdE7ygmzFj,50.0,p2pk,https://raw.githubusercontent.com/bensig/patoshi-addresses/main/patoshi_pubkeys_COMPLETE.csv
E,21155,0,1doVa7Jgg5qpdmYeL4A3pm1JHtn7UPYtr,50.0,p2pk,https://raw.githubusercontent.com/bensig/patoshi-addresses/main/patoshi_pubkeys_COMPLETE.csv
E,21156,0,1Kw5WR1WUoSDzJUuJnUtajmWpAVqs1RxS1,50.0,p2pk,https://raw.githubusercontent.com/bensig/patoshi-addresses/main/patoshi_pubkeys_COMPLETE.csv
E,21157,0,1KdwaruxT9dc2GCrVZzDooSueaEEZwwe4x,50.0,p2pk,https://raw.githubusercontent.com/bensig/patoshi-addresses/main/patoshi_pubkeys_COMPLETE.csv
E,21158,0,15z4VMRJDfqwTaAj2SGwDWCJG7jJKzthMS,50.0,p2pk,https://raw.githubusercontent.com/bensig/patoshi-addresses/main/patoshi_pubkeys_COMPLETE.csv
E,21160,0,1B7diFtX73AYqbzTQ4GKfkhZ93YYjhifZm,50.0,p2pk,https://raw.githubusercontent.com/bensig/patoshi-addresses/main/patoshi_pubkeys_COMPLETE.csv
E,21161,0,1CaU3K5ayNQPRXorFNUhwHNteCco31TDTe,50.0,p2pk,https://raw.githubusercontent.com/bensig/patoshi-addresses/main/patoshi_pubkeys_COMPLETE.csv
E,21162,0,1DDNTUJghMEqqLCTFaN5gdKUETuTXdZ4Yr,50.0,p2pk,https://raw.githubusercontent.com/bensig/patoshi-addresses/main/patoshi_pubkeys_COMPLETE.csv
E,21163,0,1GcKX3eRhAZRfK3M61SE8gKJyV46cuhpLa,50.0,p2pk,https://raw.githubusercontent.com/bensig/patoshi-addresses/main/patoshi_pubkeys_COMPLETE.csv
E,21164,0,16yJgJuHR842HbTv5oLvEcgmHjH57GyF9H,50.0,p2pk,https://raw.githubusercontent.com/bensig/patoshi-addresses/main/patoshi_pubkeys_COMPLETE.csv
E,21166,0,1CTXyrEj3wSvezvCiu4EPfEUCPL6KA2jpU,50.0,p2pk,https://raw.githubusercontent.com/bensig/patoshi-addresses/main/patoshi_pubkeys_COMPLETE.csv
E,21167,0,1KSqQtuCugqasLSSxE7QRCAykLF89mcNZw,50.0,p2pk,https://raw.githubusercontent.com/bensig/patoshi-addresses/main/patoshi_pubkeys_COMPLETE.csv
E,21168,0,13LMA9jio2SRgXWRzndJvDEEVPK6BnaFuy,50.0,p2pk,https://raw.githubusercontent.com/bensig/patoshi-addresses/main/patoshi_pubkeys_COMPLETE.csv
E,21171,0,12XmaF64vDhHWPo1xC3ysu8Dy9xnPsFaQj,50.0,p2pk,https://raw.githubusercontent.com/bensig/patoshi-addresses/main/patoshi_pubkeys_COMPLETE.csv
E,21172,0,19dpRWoTmnsumYyowefwHPBzFcJ2hCFYxe,50.0,p2pk,https://raw.githubusercontent.com/bensig/patoshi-addresses/main/patoshi_pubkeys_COMPLETE.csv
E,21176,0,12v8GTYaYQH4gtgskWKjX72FvRP9EBaZqh,50.0,p2pk,https://raw.githubusercontent.com/bensig/patoshi-addresses/main/patoshi_pubkeys_COMPLETE.csv
E,21177,0,1LUYe62B3iqQBSq9y37ixin7cP7fEQYgX6,50.0,p2pk,https://raw.githubusercontent.com/bensig/patoshi-addresses/main/patoshi_pubkeys_COMPLETE.csv
E,21178,0,1CPkVqGQGmXuzFihqAAP4CY5aUjvqeLfrj,50.0,p2pk,https://raw.githubusercontent.com/bensig/patoshi-addresses/main/patoshi_pubkeys_COMPLETE.csv
E,21179,0,1HEKfVDVVLo4Z2eaG5PjLd4Sw4eM4ZZ8LV,50.0,p2pk,https://raw.githubusercontent.com/bensig/patoshi-addresses/main/patoshi_pubkeys_COMPLETE.csv
E,21181,0,1L9CnEjifd1mhE2C46rZ3nUe2em1KTYk35,50.0,p2pk,https://raw.githubusercontent.com/bensig/patoshi-addresses/main/patoshi_pubkeys_COMPLETE.csv
E,21182,0,1LuiD2HBpEq1rsH4DUe3hqqsHwdYN3APYN,50.0,p2pk,https://raw.githubusercontent.com/bensig/patoshi-addresses/main/patoshi_pubkeys_COMPLETE.csv
E,21183,0,15uHApop9DwCg8p2ysUxXPgnvNq7BZtyPg,50.0,p2pk,https://raw.githubusercontent.com/bensig/patoshi-addresses/main/patoshi_pubkeys_COMPLETE.csv
E,21185,0,16Q6Kfw1UeHVxcLFaArZ3dfFEJcj7wyn1E,50.0,p2pk,https://raw.githubusercontent.com/bensig/patoshi-addresses/main/patoshi_pubkeys_COMPLETE.csv
E,21186,0,18TWT8c2P3CXvGGYPxhokGzrPNfUawhVRQ,50.0,p2pk,https://raw.githubusercontent.com/bensig/patoshi-addresses/main/patoshi_pubkeys_COMPLETE.csv
E,21191,0,1L9cNQiLpUAzJcg7Pr8Vw9RVwBE4jVfxzx,50.0,p2pk,https://raw.githubusercontent.com/bensig/patoshi-addresses/main/patoshi_pubkeys_COMPLETE.csv
E,21193,0,1PJKD8qnYc2fNyYLy1ULjGYAFm23WDkUX7,50.0,p2pk,https://raw.githubusercontent.com/bensig/patoshi-addresses/main/patoshi_pubkeys_COMPLETE.csv
E,21195,0,1He1kMcWpEfvYVpXXZR6vh49J6NB1jwC7Q,50.0,p2pk,https://raw.githubusercontent.com/bensig/patoshi-addresses/main/patoshi_pubkeys_COMPLETE.csv
E,21197,0,1NYnj1JQVminQdXfPU6hqFtKmNBqn6zZFw,50.0,p2pk,https://raw.githubusercontent.com/bensig/patoshi-addresses/main/patoshi_pubkeys_COMPLETE.csv
E,21198,0,1DsBBsNcsSmTm1pwJubbfoZT1qWNAku1xd,50.0,p2pk,https://raw.githubusercontent.com/bensig/patoshi-addresses/main/patoshi_pubkeys_COMPLETE.csv
E,21200,0,1P4H81mdnZ2eCKbXdB8vjSYn6EEUwF5PBa,50.0,p2pk,https://raw.githubusercontent.com/bensig/patoshi-addresses/main/patoshi_pubkeys_COMPLETE.csv
E,21201,0,1PDSkR9AVjUr5uuVtdtaTegvQGcVZ5X1zU,50.0,p2pk,https://raw.githubusercontent.com/bensig/patoshi-addresses/main/patoshi_pubkeys_COMPLETE.csv
E,21202,0,1EmvxLsRwjbqcgDSrfEYPDfXzzNMJZmr3L,50.0,p2pk,https://raw.githubusercontent.com/bensig/patoshi-addresses/main/patoshi_pubkeys_COMPLETE.csv
E,21204,0,19XM9trTDQ8qrk9ni6g7BX4kJZaNGxuTvf,50.0,p2pk,https://raw.githubusercontent.com/bensig/patoshi-addresses/main/patoshi_pubkeys_COMPLETE.csv
E,21206,0,1CBb1iZucu2gLaT6nkGKBvnBzEw2K421NQ,50.0,p2pk,https://raw.githubusercontent.com/bensig/patoshi-addresses/main/patoshi_pubkeys_COMPLETE.csv
E,21207,0,1KkbFRhtFgEk4QrqzncPXGFCWjLYK681tQ,50.0,p2pk,https://raw.githubusercontent.com/bensig/patoshi-addresses/main/patoshi_pubkeys_COMPLETE.csv
E,21208,0,1BwQCJF5ykeK4wMW8hcRxR2gX8KBdHitdP,50.0,p2pk,https://raw.githubusercontent.com/bensig/patoshi-addresses/main/patoshi_pubkeys_COMPLETE.csv
E,21209,0,13BL9xdHR6SDTLQR3ce4qAJFWwmxFcPAw6,50.0,p2pk,https://raw.githubusercontent.com/bensig/patoshi-addresses/main/patoshi_pubkeys_COMPLETE.csv
E,21211,0,1LVLHqe8aSDQsreHXzYXvBw5ibMPS2yMqD,50.0,p2pk,https://raw.githubusercontent.com/bensig/patoshi-addresses/main/patoshi_pubkeys_COMPLETE.csv
E,21215,0,1H6j2o2tBWovny6RvdSQRbmS2J4NkXP5Le,50.0,p2pk,https://raw.githubusercontent.com/bensig/patoshi-addresses/main/patoshi_pubkeys_COMPLETE.csv
E,21216,0,178cKSHjMUMDyqvngzoJqvcyAur85READz,50.0,p2pk,https://raw.githubusercontent.com/bensig/patoshi-addresses/main/patoshi_pubkeys_COMPLETE.csv
E,21217,0,13onrfaxwuWm2cmDNwVV3uGJVJNdMLfkKg,50.0,p2pk,https://raw.githubusercontent.com/bensig/patoshi-addresses/main/patoshi_pubkeys_COMPLETE.csv
E,21218,0,1L2LGXXawPeDRxxrNpxaT9JD3na3FFvDEd,50.0,p2pk,https://raw.githubusercontent.com/bensig/patoshi-addresses/main/patoshi_pubkeys_COMPLETE.csv
E,21219,0,183ddvGiABbvfGTkEU8kmFgb6VVPGpaXz7,50.0,p2pk,https://raw.githubusercontent.com/bensig/patoshi-addresses/main/patoshi_pubkeys_COMPLETE.csv
E,21220,0,1KNRBbytzxiUwnF1PMBFoKAuKW7AQoxFjA,50.0,p2pk,https://raw.githubusercontent.com/bensig/patoshi-addresses/main/patoshi_pubkeys_COMPLETE.csv
E,21222,0,1NJjMMwm9aGtZyh6LhM39V8XTFJn6oXnPw,50.0,p2pk,https://raw.githubusercontent.com/bensig/patoshi-addresses/main/patoshi_pubkeys_COMPLETE.csv
E,21223,0,1J7KT3Ch5s55EiM1njCbL6SmhaCYU4Y14W,50.0,p2pk,https://raw.githubusercontent.com/bensig/patoshi-addresses/main/patoshi_pubkeys_COMPLETE.csv
E,21224,0,14f5m8D6uuJWN44MSQEwnejsLdiQyojtA1,50.0,p2pk,https://raw.githubusercontent.com/bensig/patoshi-addresses/main/patoshi_pubkeys_COMPLETE.csv
E,21225,0,1JWpXtyiJHMMtPxwkzWJtFHEb5h77RPZEp,50.0,p2pk,https://raw.githubusercontent.com/bensig/patoshi-addresses/main/patoshi_pubkeys_COMPLETE.csv
E,21227,0,1AMnqU5HhjbbpZm5pkTZidPLmoUVPdEbjT,50.0,p2pk,https://raw.githubusercontent.com/bensig/patoshi-addresses/main/patoshi_pubkeys_COMPLETE.csv
E,21228,0,19Kx6kJzEvecpmQSgisyZPmZoD4AQFoYFG,50.0,p2pk,https://raw.githubusercontent.com/bensig/patoshi-addresses/main/patoshi_pubkeys_COMPLETE.csv
E,21229,0,191umVg52Xemjtu21GK7xFZVQMv1rqL3vA,50.0,p2pk,https://raw.githubusercontent.com/bensig/patoshi-addresses/main/patoshi_pubkeys_COMPLETE.csv
E,21230,0,1Cw65UCk7rHCeAk8HzJqSF5CuNrJs8QUqL,50.0,p2pk,https://raw.githubusercontent.com/bensig/patoshi-addresses/main/patoshi_pubkeys_COMPLETE.csv
E,21231,0,1BFyjvVhvBP4ewpCSyCibTkjAFvE8vxKgd,50.0,p2pk,https://raw.githubusercontent.com/bensig/patoshi-addresses/main/patoshi_pubkeys_COMPLETE.csv
E,21232,0,1HhahkS9KhYMwbgrqq8BPUzrqXnHuAh4n5,50.0,p2pk,https://raw.githubusercontent.com/bensig/patoshi-addresses/main/patoshi_pubkeys_COMPLETE.csv
E,21233,0,17DC5gQGmVYD9q4H35aQrYFAe7yQnXDsm1,50.0,p2pk,https://raw.githubusercontent.com/bensig/patoshi-addresses/main/patoshi_pubkeys_COMPLETE.csv
E,21235,0,1PSDPWAp89rDKnkxY9d5yYD6noBPcMCRio,50.0,p2pk,https://raw.githubusercontent.com/bensig/patoshi-addresses/main/patoshi_pubkeys_COMPLETE.csv
E,21236,0,1AHGEPcCibP2fnmubgDGVjJQsGKW42BTNs,50.0,p2pk,https://raw.githubusercontent.com/bensig/patoshi-addresses/main/patoshi_pubkeys_COMPLETE.csv
E,21237,0,17mbZWni9PoS6dGDvgRvvq4ZpXu64t3d51,50.0,p2pk,https://raw.githubusercontent.com/bensig/patoshi-addresses/main/patoshi_pubkeys_COMPLETE.csv
E,21238,0,19Th4GtLtFgtJB9JVPgjNHYnnfQwTyjPNz,50.0,p2pk,https://raw.githubusercontent.com/bensig/patoshi-addresses/main/patoshi_pubkeys_COMPLETE.csv
E,21239,0,16bgsa5bDzBm2YhswxMWqbA1WdULS1Bwzn,50.0,p2pk,https://raw.githubusercontent.com/bensig/patoshi-addresses/main/patoshi_pubkeys_COMPLETE.csv
E,21242,0,1P2pNbJGYHwmSJMJvoKeT9aeLVDuyPxg16,50.0,p2pk,https://raw.githubusercontent.com/bensig/patoshi-addresses/main/patoshi_pubkeys_COMPLETE.csv
E,21243,0,1Ctq5kKtDAsGDRXqQmhdkWKUsGH7j2AWqZ,50.0,p2pk,https://raw.githubusercontent.com/bensig/patoshi-addresses/main/patoshi_pubkeys_COMPLETE.csv
E,21244,0,1P3FgNau3wF5HunHnCGCgJj4SSJZ97NKEW,50.0,p2pk,https://raw.githubusercontent.com/bensig/patoshi-addresses/main/patoshi_pubkeys_COMPLETE.csv
E,21245,0,1EJRmistyPRLQYA1T7PPTqmBQyUALzZ8SL,50.0,p2pk,https://raw.githubusercontent.com/bensig/patoshi-addresses/main/patoshi_pubkeys_COMPLETE.csv
E,21246,0,1BjigCAxuWj5fErVLVeo3Jn3SRAaqFWy1j,50.0,p2pk,https://raw.githubusercontent.com/bensig/patoshi-addresses/main/patoshi_pubkeys_COMPLETE.csv
E,21248,0,1HYi9vjtB3A4JDRteRJZzRAr8nkBfYheGc,50.0,p2pk,https://raw.githubusercontent.com/bensig/patoshi-addresses/main/patoshi_pubkeys_COMPLETE.csv
E,21250,0,1KLMfH56HLAwZg4pcqxdBh1CanmrSquNg6,50.0,p2pk,https://raw.githubusercontent.com/bensig/patoshi-addresses/main/patoshi_pubkeys_COMPLETE.csv
E,21251,0,1ARQ4krpGgPzRxadyme6nEKKjtSSjYY4Wm,50.0,p2pk,https://raw.githubusercontent.com/bensig/patoshi-addresses/main/patoshi_pubkeys_COMPLETE.csv
E,21252,0,1D9683Sbm5Cv6gKJt2ZDcVQMvLX9USLGAH,50.0,p2pk,https://raw.githubusercontent.com/bensig/patoshi-addresses/main/patoshi_pubkeys_COMPLETE.csv
E,21253,0,1FRyM17JbzkzSBSReHjF7VeLmaLnF7zmqi,50.0,p2pk,https://raw.githubusercontent.com/bensig/patoshi-addresses/main/patoshi_pubkeys_COMPLETE.csv
E,21256,0,12zwHnoxc5vWGCekYzGmzv4aprgwb2aMKq,50.0,p2pk,https://raw.githubusercontent.com/bensig/patoshi-addresses/main/patoshi_pubkeys_COMPLETE.csv
E,21257,0,1KAU1e3Qgqxpt9i9UU2f2WZCnRvbNzqwBf,50.0,p2pk,https://raw.githubusercontent.com/bensig/patoshi-addresses/main/patoshi_pubkeys_COMPLETE.csv
E,21258,0,17sUXKULJnqMy1R2FhvnrPDrAtUmMR9Q6U,50.0,p2pk,https://raw.githubusercontent.com/bensig/patoshi-addresses/main/patoshi_pubkeys_COMPLETE.csv
E,21260,0,1MfV5mF8khjGkhUTFL3pV6aWZiEg8WUnh9,50.0,p2pk,https://raw.githubusercontent.com/bensig/patoshi-addresses/main/patoshi_pubkeys_COMPLETE.csv
E,21262,0,1Ph54ET9zR8UEHijpQbRoer417JJN13ap3,50.0,p2pk,https://raw.githubusercontent.com/bensig/patoshi-addresses/main/patoshi_pubkeys_COMPLETE.csv
E,21264,0,156Nrt4f1fY2o33XuecLYnpPii6PX5zmro,50.0,p2pk,https://raw.githubusercontent.com/bensig/patoshi-addresses/main/patoshi_pubkeys_COMPLETE.csv
E,21265,0,1NHLW4kmRzEHSnDNq8faeCas4L9expFDN3,50.0,p2pk,https://raw.githubusercontent.com/bensig/patoshi-addresses/main/patoshi_pubkeys_COMPLETE.csv
E,21266,0,1GhSanyy4jNdYUSEBuMjdjA2xDxvWGWP82,50.0,p2pk,https://raw.githubusercontent.com/bensig/patoshi-addresses/main/patoshi_pubkeys_COMPLETE.csv
E,21267,0,12EXtZA7JzX3XnwmeaUQ9roxv6nHKEgWr4,50.0,p2pk,https://raw.githubusercontent.com/bensig/patoshi-addresses/main/patoshi_pubkeys_COMPLETE.csv
E,21268,0,1DtQVLB7LHTxAtAf4Dkv9r9Dhr7EBiaTxE,50.0,p2pk,https://raw.githubusercontent.com/bensig/patoshi-addresses/main/patoshi_pubkeys_COMPLETE.csv
E,21269,0,1xEtNQFTYfVxf4W5Jx5YgiPCvKceyM3pc,50.0,p2pk,https://raw.githubusercontent.com/bensig/patoshi-addresses/main/patoshi_pubkeys_COMPLETE.csv
E,21271,0,1BsR1K8gBTzVimdrfivT6DnsjsBrtFXWvq,50.0,p2pk,https://raw.githubusercontent.com/bensig/patoshi-addresses/main/patoshi_pubkeys_COMPLETE.csv
E,21272,0,1EXYBaz2Gmorc4acNEgLQ5jiSVTPioaBGg,50.0,p2pk,https://raw.githubusercontent.com/bensig/patoshi-addresses/main/patoshi_pubkeys_COMPLETE.csv
E,21273,0,14LpqctpZhX2JtkwibpmvqpkjyBgKbMw9E,50.0,p2pk,https://raw.githubusercontent.com/bensig/patoshi-addresses/main/patoshi_pubkeys_COMPLETE.csv
E,21274,0,1ChYqYnqF1kK4VDLQJJnmHHFxy4WxBoJX3,50.0,p2pk,https://raw.githubusercontent.com/bensig/patoshi-addresses/main/patoshi_pubkeys_COMPLETE.csv
E,21275,0,1MriZoziGxiS6xcLY8Eed2kePDP4uz1eAb,50.0,p2pk,https://raw.githubusercontent.com/bensig/patoshi-addresses/main/patoshi_pubkeys_COMPLETE.csv
E,21276,0,1EoMRSgpGXVRx6Nhxdfx51mC8ngn75XucT,50.0,p2pk,https://raw.githubusercontent.com/bensig/patoshi-addresses/main/patoshi_pubkeys_COMPLETE.csv
E,21277,0,1AooMw4MaHFXs9CQwNkUCxu6tCaAZZ7D64,50.0,p2pk,https://raw.githubusercontent.com/bensig/patoshi-addresses/main/patoshi_pubkeys_COMPLETE.csv
E,21279,0,1L71maXa1agiYj8HFxRK13JBMoMx9kF27G,50.0,p2pk,https://raw.githubusercontent.com/bensig/patoshi-addresses/main/patoshi_pubkeys_COMPLETE.csv
E,21280,0,1HT3oRrTYrGzWGQmmNCRttb49jYChhxyii,50.0,p2pk,https://raw.githubusercontent.com/bensig/patoshi-addresses/main/patoshi_pubkeys_COMPLETE.csv
E,21281,0,1MxyQ4miiQaqapxUjyZi2WX4mnHWV9cTJk,50.0,p2pk,https://raw.githubusercontent.com/bensig/patoshi-addresses/main/patoshi_pubkeys_COMPLETE.csv
E,21282,0,15UfWm6H3bebiNVTx1FJs3tQSfhqiZ7bAa,50.0,p2pk,https://raw.githubusercontent.com/bensig/patoshi-addresses/main/patoshi_pubkeys_COMPLETE.csv
E,21283,0,13cU69DPup5LyFvnqvTbQKgNujNmCRbeh7,50.0,p2pk,https://raw.githubusercontent.com/bensig/patoshi-addresses/main/patoshi_pubkeys_COMPLETE.csv
E,21284,0,12LfB12Ee8QDSb9uV4RrFtxs21P8azEuE5,50.0,p2pk,https://raw.githubusercontent.com/bensig/patoshi-addresses/main/patoshi_pubkeys_COMPLETE.csv
E,21286,0,1AdVMyfcfLPvT3bMThJksYKSVeQX2PpeP7,50.0,p2pk,https://raw.githubusercontent.com/bensig/patoshi-addresses/main/patoshi_pubkeys_COMPLETE.csv
E,21287,0,1FXMUTxmytZNqb8kRE83y9eNGR2dk8qqek,50.0,p2pk,https://raw.githubusercontent.com/bensig/patoshi-addresses/main/patoshi_pubkeys_COMPLETE.csv
E,21288,0,14KDbUZuhMXPRganZCAJRjMHTDahC2kLdu,50.0,p2pk,https://raw.githubusercontent.com/bensig/patoshi-addresses/main/patoshi_pubkeys_COMPLETE.csv
E,21289,0,1KAaUF9y7LTxfay9Lkv5sUehhWLGdVSKJh,50.0,p2pk,https://raw.githubusercontent.com/bensig/patoshi-addresses/main/patoshi_pubkeys_COMPLETE.csv
E,21290,0,1JeqPb3otMWzwbdiVdDwvTNKizx992NtMF,50.0,p2pk,https://raw.githubusercontent.com/bensig/patoshi-addresses/main/patoshi_pubkeys_COMPLETE.csv
E,21291,0,1EYUyCgJ5rAvaXv6WWtNi6cbCEidfViMkg,50.0,p2pk,https://raw.githubusercontent.com/bensig/patoshi-addresses/main/patoshi_pubkeys_COMPLETE.csv
E,21292,0,1MGVKT1AmK4LQRn1msDVjdGq1w4PmGz8yh,50.0,p2pk,https://raw.githubusercontent.com/bensig/patoshi-addresses/main/patoshi_pubkeys_COMPLETE.csv
E,21293,0,1HTnh8ysXQKqWKfYQrwQY3NKLMT1BMrV1c,50.0,p2pk,https://raw.githubusercontent.com/bensig/patoshi-addresses/main/patoshi_pubkeys_COMPLETE.csv
E,21295,0,1BEqLm9BNbpabXH2CbgV4ZFcNKJPtC8Zpp,50.0,p2pk,https://raw.githubusercontent.com/bensig/patoshi-addresses/main/patoshi_pubkeys_COMPLETE.csv
E,21296,0,1FX2dSVfRef385aHawAUdUTQNVuvjLhUpg,50.0,p2pk,https://raw.githubusercontent.com/bensig/patoshi-addresses/main/patoshi_pubkeys_COMPLETE.csv
E,21297,0,1CeadnuWJmDXqSHjPXFrb2x58eYktnKcmB,50.0,p2pk,https://raw.githubusercontent.com/bensig/patoshi-addresses/main/patoshi_pubkeys_COMPLETE.csv
E,21298,0,1sAxDbDMNQVVuPnNnCiEdNtAgPKi7t2vm,50.0,p2pk,https://raw.githubusercontent.com/bensig/patoshi-addresses/main/patoshi_pubkeys_COMPLETE.csv
E,21299,0,18aGN7h2n1eEwnFenRrWauyFHq4a4wKEyW,50.0,p2pk,https://raw.githubusercontent.com/bensig/patoshi-addresses/main/patoshi_pubkeys_COMPLETE.csv
E,21300,0,1F239TSsgY58DNoc8RnDpgiPnv3eZUj87j,50.0,p2pk,https://raw.githubusercontent.com/bensig/patoshi-addresses/main/patoshi_pubkeys_COMPLETE.csv
E,21301,0,15BEhcn1EhvajxLqqEbxBmuM7jGW5Up7ph,50.0,p2pk,https://raw.githubusercontent.com/bensig/patoshi-addresses/main/patoshi_pubkeys_COMPLETE.csv
E,21302,0,13UuMN2PTL7CJpgnRK8qp7rrx3UtSQREjN,50.0,p2pk,https://raw.githubusercontent.com/bensig/patoshi-addresses/main/patoshi_pubkeys_COMPLETE.csv
E,21304,0,1F5i787muJJC14TQxo6z1GGavjyQT4fUaX,50.0,p2pk,https://raw.githubusercontent.com/bensig/patoshi-addresses/main/patoshi_pubkeys_COMPLETE.csv
E,21305,0,18hK8bH3Zj1bsBKdkEBP9AojZNc9UKx64,50.0,p2pk,https://raw.githubusercontent.com/bensig/patoshi-addresses/main/patoshi_pubkeys_COMPLETE.csv
E,21307,0,16NDU1SwxD6SssNjY9Md3Vtz2wd65iZzLm,50.0,p2pk,https://raw.githubusercontent.com/bensig/patoshi-addresses/main/patoshi_pubkeys_COMPLETE.csv
E,21308,0,198QfDtdNHYpG5di3VdfXGXJtm4k2TLC8p,50.0,p2pk,https://raw.githubusercontent.com/bensig/patoshi-addresses/main/patoshi_pubkeys_COMPLETE.csv
E,21467,0,1N8ZqFAsX62XQa2N6yNn3myUHNpWcxHJWL,50.0,p2pk,https://raw.githubusercontent.com/bensig/patoshi-addresses/main/patoshi_pubkeys_COMPLETE.csv
E,21468,0,16JrqKts7Cy1eZuLZijLUYtUQwKXTdCW8D,50.0,p2pk,https://raw.githubusercontent.com/bensig/patoshi-addresses/main/patoshi_pubkeys_COMPLETE.csv
E,21469,0,18ZRwAYUF6dZYpajtZcKDz3QFwFj5u6d9i,50.0,p2pk,https://raw.githubusercontent.com/bensig/patoshi-addresses/main/patoshi_pubkeys_COMPLETE.csv
E,21471,0,1BuisWkEsDmh4pCShrWnDPyDLrbFHkQAoj,50.0,p2pk,https://raw.githubusercontent.com/bensig/patoshi-addresses/main/patoshi_pubkeys_COMPLETE.csv
E,21472,0,1CNy6rkkQqyDgJTssxyCjBGt7jWSCpxD3g,50.0,p2pk,https://raw.githubusercontent.com/bensig/patoshi-addresses/main/patoshi_pubkeys_COMPLETE.csv
E,21473,0,1HZjTb9RLUUPj3dukveHYaZui8sKNDUcQG,50.0,p2pk,https://raw.githubusercontent.com/bensig/patoshi-addresses/main/patoshi_pubkeys_COMPLETE.csv
E,21474,0,1RRpqv46cx7dt3TawSpVbNzjDBHdUe438,50.0,p2pk,https://raw.githubusercontent.com/bensig/patoshi-addresses/main/patoshi_pubkeys_COMPLETE.csv
E,21475,0,1KYUbKc417ANucnKBVByaNN25xZwda5sq8,50.0,p2pk,https://raw.githubusercontent.com/bensig/patoshi-addresses/main/patoshi_pubkeys_COMPLETE.csv
E,21476,0,1286Q1WtJd2Veqj33aWuLcsMpzxLXBzEjH,50.0,p2pk,https://raw.githubusercontent.com/bensig/patoshi-addresses/main/patoshi_pubkeys_COMPLETE.csv
E,21477,0,18PB9XPmMwFXSr715Vf4iFybZbEAyXHgHd,50.0,p2pk,https://raw.githubusercontent.com/bensig/patoshi-addresses/main/patoshi_pubkeys_COMPLETE.csv
E,21478,0,14bYG7uESXBoFuduNiDNxQMMz1oy6ux4sG,50.0,p2pk,https://raw.githubusercontent.com/bensig/patoshi-addresses/main/patoshi_pubkeys_COMPLETE.csv
E,21479,0,1DJva4FJX1rBoRA7gQ6op8pxbKgCnKKMBz,50.0,p2pk,https://raw.githubusercontent.com/bensig/patoshi-addresses/main/patoshi_pubkeys_COMPLETE.csv
E,21481,0,1F8cFKCDWMvAZMYW21Fq3WpWpmmx7SzvHo,50.0,p2pk,https://raw.githubusercontent.com/bensig/patoshi-addresses/main/patoshi_pubkeys_COMPLETE.csv
E,21482,0,1DkvVrYKtieJdyxGXmfYHK3dbLLgnHCFpt,50.0,p2pk,https://raw.githubusercontent.com/bensig/patoshi-addresses/main/patoshi_pubkeys_COMPLETE.csv
E,21483,0,1GdjTnBnuA3xaFdxJrxeKWD7vfwdvis7PZ,50.0,p2pk,https://raw.githubusercontent.com/bensig/patoshi-addresses/main/patoshi_pubkeys_COMPLETE.csv
E,21484,0,1BPTDFNJNEqaaJ4KFzePtuPNRiH4qvyeHS,50.0,p2pk,https://raw.githubusercontent.com/bensig/patoshi-addresses/main/patoshi_pubkeys_COMPLETE.csv
E,21486,0,1GeyJuKofxU8ooQuQQKD2eC6eEXDJtDLqK,50.0,p2pk,https://raw.githubusercontent.com/bensig/patoshi-addresses/main/patoshi_pubkeys_COMPLETE.csv
E,21488,0,1HA1w6UHoPdsVnUHsNk4ooJi7haru8rGZJ,50.0,p2pk,https://raw.githubusercontent.com/bensig/patoshi-addresses/main/patoshi_pubkeys_COMPLETE.csv
E,21490,0,1D9zNqeChMH1dnxaCdSn5YHro1mxG1asHP,50.0,p2pk,https://raw.githubusercontent.com/bensig/patoshi-addresses/main/patoshi_pubkeys_COMPLETE.csv
E,21491,0,15R7nc4MpSrfgDF98KXKbQCcNuxqJZmZSK,50.0,p2pk,https://raw.githubusercontent.com/bensig/patoshi-addresses/main/patoshi_pubkeys_COMPLETE.csv
E,21492,0,1B78wLhE8JNtJqdtfzRbed2i49eTpQgt7q,50.0,p2pk,https://raw.githubusercontent.com/bensig/patoshi-addresses/main/patoshi_pubkeys_COMPLETE.csv
E,21493,0,16VwEy7BGYEkESU6qPdCziC4qQL5Yd8Tys,50.0,p2pk,https://raw.githubusercontent.com/bensig/patoshi-addresses/main/patoshi_pubkeys_COMPLETE.csv
E,21495,0,137W4S6gphzsBJcRAjqmS1uGWvC78qPFzV,50.0,p2pk,https://raw.githubusercontent.com/bensig/patoshi-addresses/main/patoshi_pubkeys_COMPLETE.csv
E,21496,0,1P3r7nGGexKqeCfJBqKq48XZGfkTgowEHR,50.0,p2pk,https://raw.githubusercontent.com/bensig/patoshi-addresses/main/patoshi_pubkeys_COMPLETE.csv
E,21497,0,13i71h5oxUtc4DFZSKG4WV3X7goJ8o9Xkc,50.0,p2pk,https://raw.githubusercontent.com/bensig/patoshi-addresses/main/patoshi_pubkeys_COMPLETE.csv
E,21498,0,1PnPToGVWxGjmCZsYkaMetfQ5pXN4QaXVu,50.0,p2pk,https://raw.githubusercontent.com/bensig/patoshi-addresses/main/patoshi_pubkeys_COMPLETE.csv
E,21499,0,13ZwRnpkVAC2HtbPzfx5YVrFYnAas2ybjA,50.0,p2pk,https://raw.githubusercontent.com/bensig/patoshi-addresses/main/patoshi_pubkeys_COMPLETE.csv
E,21500,0,1mERBqxYf8C5SH4MosNBoV4XT5VjExGUf,50.0,p2pk,https://raw.githubusercontent.com/bensig/patoshi-addresses/main/patoshi_pubkeys_COMPLETE.csv
E,21501,0,1AhGWaKPVUpHbemREfAyBkp3MdZjuAk796,50.0,p2pk,https://raw.githubusercontent.com/bensig/patoshi-addresses/main/patoshi_pubkeys_COMPLETE.csv
E,21502,0,1LgaQHzT4cCGxyw4EqSG3xJpfT8iuTobtJ,50.0,p2pk,https://raw.githubusercontent.com/bensig/patoshi-addresses/main/patoshi_pubkeys_COMPLETE.csv
E,21503,0,12wVBqWvgrN33foJGKqDCwy5r1QpUBqwAi,50.0,p2pk,https://raw.githubusercontent.com/bensig/patoshi-addresses/main/patoshi_pubkeys_COMPLETE.csv
E,21504,0,17nzxpoC6N8pPrPqS636BKeHbZ9UgjB6Ao,50.0,p2pk,https://raw.githubusercontent.com/bensig/patoshi-addresses/main/patoshi_pubkeys_COMPLETE.csv
E,21505,0,1QGvQ2V7fb9aMLG81TrusaaDfWwN6ZVsRo,50.0,p2pk,https://raw.githubusercontent.com/bensig/patoshi-addresses/main/patoshi_pubkeys_COMPLETE.csv
E,21506,0,122eKfiA5eyESjgqYKrQ8SLv64DwJnRDmw,50.0,p2pk,https://raw.githubusercontent.com/bensig/patoshi-addresses/main/patoshi_pubkeys_COMPLETE.csv
E,21507,0,12dW2GcVmJoHS57ThL1oyRhKneM2xV69Sy,50.0,p2pk,https://raw.githubusercontent.com/bensig/patoshi-addresses/main/patoshi_pubkeys_COMPLETE.csv
E,21508,0,1KHbXjXiPqd8UHxCtX8B4W4v2jBfUCd14b,50.0,p2pk,https://raw.githubusercontent.com/bensig/patoshi-addresses/main/patoshi_pubkeys_COMPLETE.csv
E,21510,0,1DPH3rf5HXbm88mdV1jJ6DUVRssgFEsA9H,50.0,p2pk,https://raw.githubusercontent.com/bensig/patoshi-addresses/main/patoshi_pubkeys_COMPLETE.csv
E,21511,0,1FpZUu4qfAFDqNpC1sEU1xKUyZzHM8F9Tc,50.0,p2pk,https://raw.githubusercontent.com/bensig/patoshi-addresses/main/patoshi_pubkeys_COMPLETE.csv
E,21512,0,17Ci6PB9VM3HkX4b1HX3PvwUTnfxFAWBxW,50.0,p2pk,https://raw.githubusercontent.com/bensig/patoshi-addresses/main/patoshi_pubkeys_COMPLETE.csv
E,21513,0,151TNCZDwbwjGF554PEvjCqiAyKmSowG4A,50.0,p2pk,https://raw.githubusercontent.com/bensig/patoshi-addresses/main/patoshi_pubkeys_COMPLETE.csv
E,21514,0,17rEHZiLJKHa8Y3AVyZagkT7W6XpyLojkk,50.0,p2pk,https://raw.githubusercontent.com/bensig/patoshi-addresses/main/patoshi_pubkeys_COMPLETE.csv
E,21515,0,1JqLgc1nWWzy8m11iVCoPh9wZQAgdg9x4M,50.0,p2pk,https://raw.githubusercontent.com/bensig/patoshi-addresses/main/patoshi_pubkeys_COMPLETE.csv
E,21516,0,1PQedLNqnBPxKvMRYNeMUmZMjga7FoSGZn,50.0,p2pk,https://raw.githubusercontent.com/bensig/patoshi-addresses/main/patoshi_pubkeys_COMPLETE.csv
E,21517,0,15Sh9xX6Dj6WunQLVY2n5cbuiqfjHfNh1i,50.0,p2pk,https://raw.githubusercontent.com/bensig/patoshi-addresses/main/patoshi_pubkeys_COMPLETE.csv
E,21518,0,199MWnebVQGveUQjT1BzrF9KnUG5E8XsHQ,50.0,p2pk,https://raw.githubusercontent.com/bensig/patoshi-addresses/main/patoshi_pubkeys_COMPLETE.csv
E,21519,0,1NowTz3qUFWbuPzwi1LAWmJxdeSgNGKP4y,50.0,p2pk,https://raw.githubusercontent.com/bensig/patoshi-addresses/main/patoshi_pubkeys_COMPLETE.csv
E,21521,0,12EfCfZsGiauiS217wzSxSjCG8xu6R9hya,50.0,p2pk,https://raw.githubusercontent.com/bensig/patoshi-addresses/main/patoshi_pubkeys_COMPLETE.csv
E,21523,0,1EGDdzhFT3dUKZHU2qSjSp34AfLoAUwuiv,50.0,p2pk,https://raw.githubusercontent.com/bensig/patoshi-addresses/main/patoshi_pubkeys_COMPLETE.csv
E,21525,0,1EGhznzstpLqtRGM1G2Ykc2VAGuARna9aU,50.0,p2pk,https://raw.githubusercontent.com/bensig/patoshi-addresses/main/patoshi_pubkeys_COMPLETE.csv
E,21526,0,1FEgQtrfKUeMxhhCYu93sJDwvdPVdDNrEv,50.0,p2pk,https://raw.githubusercontent.com/bensig/patoshi-addresses/main/patoshi_pubkeys_COMPLETE.csv
E,21527,0,1JUYSpuybe3tbzNKcSGYryah2scgJCVJ5Q,50.0,p2pk,https://raw.githubusercontent.com/bensig/patoshi-addresses/main/patoshi_pubkeys_COMPLETE.csv
E,21528,0,1MZUnDKCugzhm3E3J4apDEdG74PtJ2Lz7U,50.0,p2pk,https://raw.githubusercontent.com/bensig/patoshi-addresses/main/patoshi_pubkeys_COMPLETE.csv
E,21529,0,17kRwaTAJ5ShTctr7do8FZVVsbV1x84Nmr,50.0,p2pk,https://raw.githubusercontent.com/bensig/patoshi-addresses/main/patoshi_pubkeys_COMPLETE.csv
E,21530,0,1AUykFdGEvgknXsEgmsM6bwV7B3HaJkebf,50.0,p2pk,https://raw.githubusercontent.com/bensig/patoshi-addresses/main/patoshi_pubkeys_COMPLETE.csv
E,21531,0,13oShRgWvGKbS3apdf4bjrsKkZ3YzvKBAQ,50.0,p2pk,https://raw.githubusercontent.com/bensig/patoshi-addresses/main/patoshi_pubkeys_COMPLETE.csv
E,21532,0,12zutPKb9VGnshQJGX63AxNJ9AttEELeEa,50.0,p2pk,https://raw.githubusercontent.com/bensig/patoshi-addresses/main/patoshi_pubkeys_COMPLETE.csv
E,21533,0,1EuYLCAU2erU21LGaDAtdbAL6sSiBW9Gxu,50.0,p2pk,https://raw.githubusercontent.com/bensig/patoshi-addresses/main/patoshi_pubkeys_COMPLETE.csv
E,21534,0,1FpuAPzsEn6mM41GMQFfgBYbpPgtD8GpXW,50.0,p2pk,https://raw.githubusercontent.com/bensig/patoshi-addresses/main/patoshi_pubkeys_COMPLETE.csv
E,21535,0,1PHAigF7MuNrcKq2dHu3Zr1emEZEYtPvSL,50.0,p2pk,https://raw.githubusercontent.com/bensig/patoshi-addresses/main/patoshi_pubkeys_COMPLETE.csv
E,21536,0,164x1MdLo6oEGGF9GQD9ANQrehPZ2bVBYN,50.0,p2pk,https://raw.githubusercontent.com/bensig/patoshi-addresses/main/patoshi_pubkeys_COMPLETE.csv
E,21537,0,15uCbpa7PbcfrW12GwT4fE7A1RqPMJA78g,50.0,p2pk,https://raw.githubusercontent.com/bensig/patoshi-addresses/main/patoshi_pubkeys_COMPLETE.csv
E,21538,0,1EKk2yoPsYmSEdyvz5XUXJW3H65mbspp83,50.0,p2pk,https://raw.githubusercontent.com/bensig/patoshi-addresses/main/patoshi_pubkeys_COMPLETE.csv
E,21539,0,1Aw3bUK39NvUk75bWgMCEjdHY7wNZRRzRn,50.0,p2pk,https://raw.githubusercontent.com/bensig/patoshi-addresses/main/patoshi_pubkeys_COMPLETE.csv
E,21540,0,13CgSCyAwTb5iPmSxXGbgjZEHu4Gu53Vv2,50.0,p2pk,https://raw.githubusercontent.com/bensig/patoshi-addresses/main/patoshi_pubkeys_COMPLETE.csv
E,21541,0,1A4nQyJamUmWZyf1cEdWtCePPNNxwjn4gJ,50.0,p2pk,https://raw.githubusercontent.com/bensig/patoshi-addresses/main/patoshi_pubkeys_COMPLETE.csv
E,21542,0,1EdVVdD2FoqSjydkX3RyAc2376U1ximnND,50.0,p2pk,https://raw.githubusercontent.com/bensig/patoshi-addresses/main/patoshi_pubkeys_COMPLETE.csv
E,21543,0,1NPdNXKAiHEXANnh3qPBodD9sykQeM3KMi,50.0,p2pk,https://raw.githubusercontent.com/bensig/patoshi-addresses/main/patoshi_pubkeys_COMPLETE.csv
E,21544,0,1GRwivwU9oKzABE4xC1QXrMqD7Wxi8eAhm,50.0,p2pk,https://raw.githubusercontent.com/bensig/patoshi-addresses/main/patoshi_pubkeys_COMPLETE.csv
E,21546,0,17ZxouydtnR33wG7pdDfm4FkbMD3kE651g,50.0,p2pk,https://raw.githubusercontent.com/bensig/patoshi-addresses/main/patoshi_pubkeys_COMPLETE.csv
E,21547,0,1DEfqBed9vUkT6EpWwgnPhRa3oG51baNe1,50.0,p2pk,https://raw.githubusercontent.com/bensig/patoshi-addresses/main/patoshi_pubkeys_COMPLETE.csv
E,21548,0,19GCFu54iCcWmbdjXintNdnVFCjWMmsi8R,50.0,p2pk,https://raw.githubusercontent.com/bensig/patoshi-addresses/main/patoshi_pubkeys_COMPLETE.csv
E,21549,0,1Cx38Zvt4titeHDZec4mtUqKaoyDm9rhz2,50.0,p2pk,https://raw.githubusercontent.com/bensig/patoshi-addresses/main/patoshi_pubkeys_COMPLETE.csv
E,21550,0,1HP7CDin9z953AnuWu3snop3fsMmGFFMvU,50.0,p2pk,https://raw.githubusercontent.com/bensig/patoshi-addresses/main/patoshi_pubkeys_COMPLETE.csv
E,21551,0,14K9A7Xq7yKKSKbc9g8TDooxEbWycSYBZJ,50.0,p2pk,https://raw.githubusercontent.com/bensig/patoshi-addresses/main/patoshi_pubkeys_COMPLETE.csv
E,21552,0,1JUnu48v9yjGMQWaB3G9tfP6ZqKh9hoRFb,50.0,p2pk,https://raw.githubusercontent.com/bensig/patoshi-addresses/main/patoshi_pubkeys_COMPLETE.csv
E,21553,0,1KxRjiqTVu1mNbWnevy8NKJMnmCWgLz2U,50.0,p2pk,https://raw.githubusercontent.com/bensig/patoshi-addresses/main/patoshi_pubkeys_COMPLETE.csv
E,21554,0,1CS6ocLF1piNAnzfkPyfZrwGLYvrAn4YZY,50.0,p2pk,https://raw.githubusercontent.com/bensig/patoshi-addresses/main/patoshi_pubkeys_COMPLETE.csv
E,21557,0,1JzuiBmuHNhX4SDPNXfwieNifD2bsuh62z,50.0,p2pk,https://raw.githubusercontent.com/bensig/patoshi-addresses/main/patoshi_pubkeys_COMPLETE.csv
E,21558,0,1KGFauUH81v6XifK4tf6BDtSupZ2RsJRV5,50.0,p2pk,https://raw.githubusercontent.com/bensig/patoshi-addresses/main/patoshi_pubkeys_COMPLETE.csv
E,21559,0,1FekUyH1QSwMJmcMLpa9ccAwEkBhdeKVVq,50.0,p2pk,https://raw.githubusercontent.com/bensig/patoshi-addresses/main/patoshi_pubkeys_COMPLETE.csv
E,21560,0,1NygvnSHpVaRopHF44CgCnSKWGBTxuTe3q,50.0,p2pk,https://raw.githubusercontent.com/bensig/patoshi-addresses/main/patoshi_pubkeys_COMPLETE.csv
E,21561,0,18Wq8GDhR3ikXdvQtuKEvWZFC2RL2VN9aR,50.0,p2pk,https://raw.githubusercontent.com/bensig/patoshi-addresses/main/patoshi_pubkeys_COMPLETE.csv
E,21562,0,1z8NcKX14nRYVSitxpYE1ghGZqsxtS6Xe,50.0,p2pk,https://raw.githubusercontent.com/bensig/patoshi-addresses/main/patoshi_pubkeys_COMPLETE.csv
E,21563,0,1HNComnEQoiS6xBb9VGEBVgjTAnb9o1qf2,50.0,p2pk,https://raw.githubusercontent.com/bensig/patoshi-addresses/main/patoshi_pubkeys_COMPLETE.csv
E,21564,0,1KZ972QoF6U7g3Z86ZbupYy9UXwf3ojygE,50.0,p2pk,https://raw.githubusercontent.com/bensig/patoshi-addresses/main/patoshi_pubkeys_COMPLETE.csv
E,21565,0,1AcdFHX5p4KB3QMT2MY6QR6UwRGDsW5mFY,50.0,p2pk,https://raw.githubusercontent.com/bensig/patoshi-addresses/main/patoshi_pubkeys_COMPLETE.csv
E,21566,0,1NaRt5ZLinStfoTxfSQ3X9MbFqgCPqCPXk,50.0,p2pk,https://raw.githubusercontent.com/bensig/patoshi-addresses/main/patoshi_pubkeys_COMPLETE.csv
E,21567,0,13QnVk4ExfDWKHd7zxN979JUmYTr1bTZi8,50.0,p2pk,https://raw.githubusercontent.com/bensig/patoshi-addresses/main/patoshi_pubkeys_COMPLETE.csv
E,21568,0,1NsArfRrfDq4LaUewMrYjBD3KLh62LAus3,50.0,p2pk,https://raw.githubusercontent.com/bensig/patoshi-addresses/main/patoshi_pubkeys_COMPLETE.csv
E,21569,0,1HzhG7MLoHJCfv411zPrfaTAMu2ouTa8QX,50.0,p2pk,https://raw.githubusercontent.com/bensig/patoshi-addresses/main/patoshi_pubkeys_COMPLETE.csv
E,21572,0,1B7eJQZzL4ihFrdaBvCdD3G9sxhUWjwWbp,50.0,p2pk,https://raw.githubusercontent.com/bensig/patoshi-addresses/main/patoshi_pubkeys_COMPLETE.csv
E,21573,0,1CQJXLYxTwEqfHCMNhtcxkRsLQ4TJKgdN1,50.0,p2pk,https://raw.githubusercontent.com/bensig/patoshi-addresses/main/patoshi_pubkeys_COMPLETE.csv
E,21574,0,1FkJwHw3BFCsK1nb3hcyPKusZ7HmbZVwrp,50.0,p2pk,https://raw.githubusercontent.com/bensig/patoshi-addresses/main/patoshi_pubkeys_COMPLETE.csv
E,21575,0,1JwsPGYzLNWYJVWAanRnTiXZf61ChAXAUL,50.0,p2pk,https://raw.githubusercontent.com/bensig/patoshi-addresses/main/patoshi_pubkeys_COMPLETE.csv
E,21578,0,1FaTymXy41WRx7jX36BBF7d9ezPsAVVqHm,50.0,p2pk,https://raw.githubusercontent.com/bensig/patoshi-addresses/main/patoshi_pubkeys_COMPLETE.csv
E,21579,0,125qynZWFLhEse6vkk2FM7Lt7nCvzvTzfn,50.0,p2pk,https://raw.githubusercontent.com/bensig/patoshi-addresses/main/patoshi_pubkeys_COMPLETE.csv
E,21580,0,13XcuK3LJAtjL3AA7JcUnunrQCDRS72xCM,50.0,p2pk,https://raw.githubusercontent.com/bensig/patoshi-addresses/main/patoshi_pubkeys_COMPLETE.csv
E,21598,0,1DVFw6NBjauEi39U5JiDjsFeSw1xh5vaDU,50.0,p2pk,https://raw.githubusercontent.com/bensig/patoshi-addresses/main/patoshi_pubkeys_COMPLETE.csv
E,21599,0,1NrPyLTse9o4gcjcksCTeVwQXkkJPAKhw3,50.0,p2pk,https://raw.githubusercontent.com/bensig/patoshi-addresses/main/patoshi_pubkeys_COMPLETE.csv
E,21600,0,1J46L998yNbEaPKkWaTXf8xLmqCt76omxT,50.0,p2pk,https://raw.githubusercontent.com/bensig/patoshi-addresses/main/patoshi_pubkeys_COMPLETE.csv
E,21601,0,1L1uxB8w9mNGbpwWARHtZUdkggFpZogjBu,50.0,p2pk,https://raw.githubusercontent.com/bensig/patoshi-addresses/main/patoshi_pubkeys_COMPLETE.csv
E,21602,0,1HV74tFxozCAwz4zkc9doVurPkjRbPwapS,50.0,p2pk,https://raw.githubusercontent.com/bensig/patoshi-addresses/main/patoshi_pubkeys_COMPLETE.csv
E,21603,0,132aUp26xPRPpP87CXf3SCMxjpfQmKB7BQ,50.0,p2pk,https://raw.githubusercontent.com/bensig/patoshi-addresses/main/patoshi_pubkeys_COMPLETE.csv
E,21604,0,14bqb4SY3shBt4MD7wyxYVUogR8UM9UDiK,50.0,p2pk,https://raw.githubusercontent.com/bensig/patoshi-addresses/main/patoshi_pubkeys_COMPLETE.csv
E,21607,0,1Moe66Nz1RTeSf4kqvpqThgSSDmCsFR4hT,50.0,p2pk,https://raw.githubusercontent.com/bensig/patoshi-addresses/main/patoshi_pubkeys_COMPLETE.csv
E,21610,0,1Q3zXENUYKDZbaKYSnVEAQF5fqCAMrdkjV,50.0,p2pk,https://raw.githubusercontent.com/bensig/patoshi-addresses/main/patoshi_pubkeys_COMPLETE.csv
E,21612,0,1BRzyDr3nfejsoQMgSXLYNdkTaqamktn8J,50.0,p2pk,https://raw.githubusercontent.com/bensig/patoshi-addresses/main/patoshi_pubkeys_COMPLETE.csv
E,21613,0,16H7Nznp1NVN4DzsSiNp581oP8R12Bwxgk,50.0,p2pk,https://raw.githubusercontent.com/bensig/patoshi-addresses/main/patoshi_pubkeys_COMPLETE.csv
E,21614,0,1Aoz1sD9q15PgMi7hDnfn76iAdMa2tP45J,50.0,p2pk,https://raw.githubusercontent.com/bensig/patoshi-addresses/main/patoshi_pubkeys_COMPLETE.csv
E,21615,0,1BWiGGPuT7T6KKPRS11pNrVMrbUyLUKpmG,50.0,p2pk,https://raw.githubusercontent.com/bensig/patoshi-addresses/main/patoshi_pubkeys_COMPLETE.csv
E,21616,0,11DX7KYd9HDR445gGJnc4fzUBwyWxbtcc,50.0,p2pk,https://raw.githubusercontent.com/bensig/patoshi-addresses/main/patoshi_pubkeys_COMPLETE.csv
E,21617,0,1EGTu9PK4nx3xyFZFkCNmMKpCDDv39hUsX,50.0,p2pk,https://raw.githubusercontent.com/bensig/patoshi-addresses/main/patoshi_pubkeys_COMPLETE.csv
E,21619,0,1LvRfELTGnEuC5fPJzvT6SvuFuVbC1pQna,50.0,p2pk,https://raw.githubusercontent.com/bensig/patoshi-addresses/main/patoshi_pubkeys_COMPLETE.csv
E,21620,0,18YKE4YwEq1vKMjnJnr8zJQBrfjSgJFBAs,50.0,p2pk,https://raw.githubusercontent.com/bensig/patoshi-addresses/main/patoshi_pubkeys_COMPLETE.csv
E,21621,0,1JuoPExuoirD3bURVLRaTg6PtKWj9izTE,50.0,p2pk,https://raw.githubusercontent.com/bensig/patoshi-addresses/main/patoshi_pubkeys_COMPLETE.csv
E,21622,0,1E4dTTDcjNg4GePUTomiudVYnunX1xzaQU,50.0,p2pk,https://raw.githubusercontent.com/bensig/patoshi-addresses/main/patoshi_pubkeys_COMPLETE.csv
E,21623,0,17eBBEwnbKkS1DBEFxhG4MfsLY8Xgv65kS,50.0,p2pk,https://raw.githubusercontent.com/bensig/patoshi-addresses/main/patoshi_pubkeys_COMPLETE.csv
E,21625,0,1MvRs5D9WRvdd1Z6gJJv3YXm4nCizZGF9C,50.0,p2pk,https://raw.githubusercontent.com/bensig/patoshi-addresses/main/patoshi_pubkeys_COMPLETE.csv
E,21626,0,18P8cdkLQpQJKUzfAJeQKE1nbXxsUGwGhX,50.0,p2pk,https://raw.githubusercontent.com/bensig/patoshi-addresses/main/patoshi_pubkeys_COMPLETE.csv
E,21627,0,19Xawq113uFLU4pu9ZouGwB68VHJHNocAz,50.0,p2pk,https://raw.githubusercontent.com/bensig/patoshi-addresses/main/patoshi_pubkeys_COMPLETE.csv
E,21628,0,113hCpTxKYCxKt7jjyknAtczRTysiDNQQ3,50.0,p2pk,https://raw.githubusercontent.com/bensig/patoshi-addresses/main/patoshi_pubkeys_COMPLETE.csv
E,21630,0,1HeCYViNVmH6eeLTCZsBHAwVdNRrCUQfR9,50.0,p2pk,https://raw.githubusercontent.com/bensig/patoshi-addresses/main/patoshi_pubkeys_COMPLETE.csv
E,21631,0,1nkBKYbgGMCaAGYjUftcb6Qfzqe9JUJ2e,50.0,p2pk,https://raw.githubusercontent.com/bensig/patoshi-addresses/main/patoshi_pubkeys_COMPLETE.csv
E,21632,0,1JmVuCRKbCBjDUqnoPg7RW32RbreaiYUMu,50.0,p2pk,https://raw.githubusercontent.com/bensig/patoshi-addresses/main/patoshi_pubkeys_COMPLETE.csv
E,21635,0,1LxKe5rwNazxauT19bFmLCYGPFk1soV7JB,50.0,p2pk,https://raw.githubusercontent.com/bensig/patoshi-addresses/main/patoshi_pubkeys_COMPLETE.csv
E,21636,0,1AMVxtPcM53DEVn2h4uR4N2fEBcEmau3ia,50.0,p2pk,https://raw.githubusercontent.com/bensig/patoshi-addresses/main/patoshi_pubkeys_COMPLETE.csv
E,21637,0,1EKwj4nWX275VSYamhw5Qc3y5hbqJV4aoK,50.0,p2pk,https://raw.githubusercontent.com/bensig/patoshi-addresses/main/patoshi_pubkeys_COMPLETE.csv
E,21638,0,1L4juWNofDttsoE1YSHacmbmGtvpuH3HZ5,50.0,p2pk,https://raw.githubusercontent.com/bensig/patoshi-addresses/main/patoshi_pubkeys_COMPLETE.csv
E,21639,0,1EzbGaBTe9m69oyBuWFK1hfV8qYkmANwS5,50.0,p2pk,https://raw.githubusercontent.com/bensig/patoshi-addresses/main/patoshi_pubkeys_COMPLETE.csv
E,21640,0,19yS9a9kjHKfCTX8tkY7cgHXWqMLJy24dK,50.0,p2pk,https://raw.githubusercontent.com/bensig/patoshi-addresses/main/patoshi_pubkeys_COMPLETE.csv
E,21641,0,1HJS77u1GtUk53c45Hh5G7Yo9GssHTxSVn,50.0,p2pk,https://raw.githubusercontent.com/bensig/patoshi-addresses/main/patoshi_pubkeys_COMPLETE.csv
E,21642,0,12RqDmVixEmsdugkA6zAEugvxVcYQZRYjk,50.0,p2pk,https://raw.githubusercontent.com/bensig/patoshi-addresses/main/patoshi_pubkeys_COMPLETE.csv
E,21643,0,1MjjuURkfNQRsHkL3fscXwQCxyu7iKuNHw,50.0,p2pk,https://raw.githubusercontent.com/bensig/patoshi-addresses/main/patoshi_pubkeys_COMPLETE.csv
E,21644,0,1PYW4TjDkb6WhiNiTo3Ebkm5S4TJrVzrgv,50.0,p2pk,https://raw.githubusercontent.com/bensig/patoshi-addresses/main/patoshi_pubkeys_COMPLETE.csv
E,21645,0,18pHmwZxNXkLeGXBBNvm6nGCvVyctQgKEp,50.0,p2pk,https://raw.githubusercontent.com/bensig/patoshi-addresses/main/patoshi_pubkeys_COMPLETE.csv
E,21647,0,1JtvEufQrLgDghFHd1zSn7hKmLnBHDTB9D,50.0,p2pk,https://raw.githubusercontent.com/bensig/patoshi-addresses/main/patoshi_pubkeys_COMPLETE.csv
E,21649,0,1HUwB8kybNZhwNvTfv3Uynk1iRe2Rn7aWF,50.0,p2pk,https://raw.githubusercontent.com/bensig/patoshi-addresses/main/patoshi_pubkeys_COMPLETE.csv
E,21650,0,12FwBNsADy4GNpK9BQiLCZza7q4kkNnD34,50.0,p2pk,https://raw.githubusercontent.com/bensig/patoshi-addresses/main/patoshi_pubkeys_COMPLETE.csv
E,21652,0,1FmLgPnWTqLyhYZK2j7xjhBcfrRWzt9UAz,50.0,p2pk,https://raw.githubusercontent.com/bensig/patoshi-addresses/main/patoshi_pubkeys_COMPLETE.csv
E,21653,0,14LTabsE9NkJjdC3BBafdEDDgbLc7rA4wL,50.0,p2pk,https://raw.githubusercontent.com/bensig/patoshi-addresses/main/patoshi_pubkeys_COMPLETE.csv
E,21654,0,15ThpGk7sJXimi4VcW3af5SNPUAKD2vE3b,50.0,p2pk,https://raw.githubusercontent.com/bensig/patoshi-addresses/main/patoshi_pubkeys_COMPLETE.csv
E,21655,0,19QPuaY8LFrqwNoEEKLk9VUcKRczqTm7uy,50.0,p2pk,https://raw.githubusercontent.com/bensig/patoshi-addresses/main/patoshi_pubkeys_COMPLETE.csv
E,21658,0,1AzKMsHytb2yhJFQD7So21fARS2bnauW7Y,50.0,p2pk,https://raw.githubusercontent.com/bensig/patoshi-addresses/main/patoshi_pubkeys_COMPLETE.csv
E,21661,0,1GbWKMnJeFbzkKahaXJ1wXdak5DcgHb5NC,50.0,p2pk,https://raw.githubusercontent.com/bensig/patoshi-addresses/main/patoshi_pubkeys_COMPLETE.csv
E,21663,0,1sc3YGTEkAC3AURDVTCqW3YrfyXtFdbCR,50.0,p2pk,https://raw.githubusercontent.com/bensig/patoshi-addresses/main/patoshi_pubkeys_COMPLETE.csv
E,21665,0,1HWWqdrSqaRtTbbs8AttpyTGjfosgjY3qy,50.0,p2pk,https://raw.githubusercontent.com/bensig/patoshi-addresses/main/patoshi_pubkeys_COMPLETE.csv
E,21666,0,1HELFc8ofpDFmZnWb4AbFghG9GkjJeGu7i,50.0,p2pk,https://raw.githubusercontent.com/bensig/patoshi-addresses/main/patoshi_pubkeys_COMPLETE.csv
E,21669,0,14FNM5wdCKrmhX3L6fWUTPYn83BdUgSbd9,50.0,p2pk,https://raw.githubusercontent.com/bensig/patoshi-addresses/main/patoshi_pubkeys_COMPLETE.csv
E,21670,0,17AuytypttRqc4pAaHe3ZHj39YD8KkDXvo,50.0,p2pk,https://raw.githubusercontent.com/bensig/patoshi-addresses/main/patoshi_pubkeys_COMPLETE.csv
E,21672,0,1JukTftuS6DJpPBCWWGZgBcwzyoKwwbzvm,50.0,p2pk,https://raw.githubusercontent.com/bensig/patoshi-addresses/main/patoshi_pubkeys_COMPLETE.csv
E,21673,0,12JU5kU4cZ5KDBvFoQxzVEDt5F5Nx2H12t,50.0,p2pk,https://raw.githubusercontent.com/bensig/patoshi-addresses/main/patoshi_pubkeys_COMPLETE.csv
E,21676,0,1JLtP3enERTAaVYCHpyaPcNpkVKebYwfz4,50.0,p2pk,https://raw.githubusercontent.com/bensig/patoshi-addresses/main/patoshi_pubkeys_COMPLETE.csv
E,21677,0,1Mkni9AHFwYkJwr13R98JC9cugRCkFaBUE,50.0,p2pk,https://raw.githubusercontent.com/bensig/patoshi-addresses/main/patoshi_pubkeys_COMPLETE.csv
E,21678,0,1DfFZVyM2jwURWVNT5Y7XdM5iiTQ5zcEKM,50.0,p2pk,https://raw.githubusercontent.com/bensig/patoshi-addresses/main/patoshi_pubkeys_COMPLETE.csv
E,21679,0,15mQcG4FGbSvbMAKNnThrDmsskRhh85YLZ,50.0,p2pk,https://raw.githubusercontent.com/bensig/patoshi-addresses/main/patoshi_pubkeys_COMPLETE.csv
E,21680,0,17hbagj6p1HKXPZcD7eMjK6dpsPii3NtZP,50.0,p2pk,https://raw.githubusercontent.com/bensig/patoshi-addresses/main/patoshi_pubkeys_COMPLETE.csv
E,21681,0,16VYXo5pcW6PQvXjyS9GBacQd8CCh92ZxX,50.0,p2pk,https://raw.githubusercontent.com/bensig/patoshi-addresses/main/patoshi_pubkeys_COMPLETE.csv
E,21682,0,1ApnfRUczt8t66h57B7rxrGiE2w5seRWVi,50.0,p2pk,https://raw.githubusercontent.com/bensig/patoshi-addresses/main/patoshi_pubkeys_COMPLETE.csv
E,21684,0,18K79iiygkDgYp2YqznVEqKVN9VmeWvbTg,50.0,p2pk,https://raw.githubusercontent.com/bensig/patoshi-addresses/main/patoshi_pubkeys_COMPLETE.csv
E,21685,0,13ho6PjfryoRAeuNeNPYbkbmU1joRkJD9d,50.0,p2pk,https://raw.githubusercontent.com/bensig/patoshi-addresses/main/patoshi_pubkeys_COMPLETE.csv
E,21686,0,1P4F2S9yuKXDNNzc2XSCupGkbC2LdRgP4E,50.0,p2pk,https://raw.githubusercontent.com/bensig/patoshi-addresses/main/patoshi_pubkeys_COMPLETE.csv
E,21688,0,1APrUR12L2RbSbbMe89pEoxVRZpa5GMkYr,50.0,p2pk,https://raw.githubusercontent.com/bensig/patoshi-addresses/main/patoshi_pubkeys_COMPLETE.csv
E,21690,0,1F2mx1GbDVL7BjFg1Bo5SWZvHxcaxY27V,50.0,p2pk,https://raw.githubusercontent.com/bensig/patoshi-addresses/main/patoshi_pubkeys_COMPLETE.csv
E,21691,0,12QJHXuxqY8FHGJ4AJsYAhiFq2ASnhTjah,50.0,p2pk,https://raw.githubusercontent.com/bensig/patoshi-addresses/main/patoshi_pubkeys_COMPLETE.csv
E,21692,0,19b47Et3MUm4jcXS15ydcdLYGF8AY3Bj87,50.0,p2pk,https://raw.githubusercontent.com/bensig/patoshi-addresses/main/patoshi_pubkeys_COMPLETE.csv
E,21693,0,138ao1HqT7hwGHo4aW4oXLwb9ZJqGiRT6T,50.0,p2pk,https://raw.githubusercontent.com/bensig/patoshi-addresses/main/patoshi_pubkeys_COMPLETE.csv
E,21694,0,14rueQMvSDsKuoV6KRoeWk49DgfcSZdCzL,50.0,p2pk,https://raw.githubusercontent.com/bensig/patoshi-addresses/main/patoshi_pubkeys_COMPLETE.csv
E,21698,0,1Nj3itkSwainErrJ2rYRZb3WWy3tsyRL5e,50.0,p2pk,https://raw.githubusercontent.com/bensig/patoshi-addresses/main/patoshi_pubkeys_COMPLETE.csv
E,21699,0,17ZXZyyKV5uAeA5mQfnt4F8vcyh5cFgymj,50.0,p2pk,https://raw.githubusercontent.com/bensig/patoshi-addresses/main/patoshi_pubkeys_COMPLETE.csv
E,21702,0,1DrsDqzvE3KV3aZxbk2hqn3KFTTUoX4gEL,50.0,p2pk,https://raw.githubusercontent.com/bensig/patoshi-addresses/main/patoshi_pubkeys_COMPLETE.csv
E,21703,0,1L5JLecw2Ez6eiKFiRkhNgpPJLqxVeRYyx,50.0,p2pk,https://raw.githubusercontent.com/bensig/patoshi-addresses/main/patoshi_pubkeys_COMPLETE.csv
E,21705,0,16RUJN9HaEiRdHDCKKSSD71RS8dMBN95Dq,50.0,p2pk,https://raw.githubusercontent.com/bensig/patoshi-addresses/main/patoshi_pubkeys_COMPLETE.csv
E,21706,0,1BJkxw6J9m7xJkLt4Uf7JBkU3MsHk7eVsV,50.0,p2pk,https://raw.githubusercontent.com/bensig/patoshi-addresses/main/patoshi_pubkeys_COMPLETE.csv
E,21708,0,12D3zKHG7FikVpPFqnvrtJLrNhHstwd9pe,50.0,p2pk,https://raw.githubusercontent.com/bensig/patoshi-addresses/main/patoshi_pubkeys_COMPLETE.csv
E,21710,0,1FY9JJscDCHvVFHTQe76esxfgDfn343CDT,50.0,p2pk,https://raw.githubusercontent.com/bensig/patoshi-addresses/main/patoshi_pubkeys_COMPLETE.csv
E,21711,0,1GBvVDoDUo1pVm7BhbAWDnPFh7w3sjGavp,50.0,p2pk,https://raw.githubusercontent.com/bensig/patoshi-addresses/main/patoshi_pubkeys_COMPLETE.csv
E,21714,0,1Bjenfo7uYWcMHUMtW7GRSK8ksrwzLJJcy,50.0,p2pk,https://raw.githubusercontent.com/bensig/patoshi-addresses/main/patoshi_pubkeys_COMPLETE.csv
E,21715,0,1AmrvYtgwCBa4JntriqsnVMDd9EjgdHktL,50.0,p2pk,https://raw.githubusercontent.com/bensig/patoshi-addresses/main/patoshi_pubkeys_COMPLETE.csv
E,21716,0,1C8hMK5yLJHcqA9PBkaEtUfMeR8LfuLhdQ,50.0,p2pk,https://raw.githubusercontent.com/bensig/patoshi-addresses/main/patoshi_pubkeys_COMPLETE.csv
E,21717,0,1Npbwk1tCWwua86Uhf2Jk2DsJ95KzSaGFV,50.0,p2pk,https://raw.githubusercontent.com/bensig/patoshi-addresses/main/patoshi_pubkeys_COMPLETE.csv
E,21719,0,19uH6KjHAoJJphUGTCbCaD2Boa3TiXnEk7,50.0,p2pk,https://raw.githubusercontent.com/bensig/patoshi-addresses/main/patoshi_pubkeys_COMPLETE.csv
E,21722,0,1LhmZeQ89KytmLbYG9NVaABYSac7UpKHND,50.0,p2pk,https://raw.githubusercontent.com/bensig/patoshi-addresses/main/patoshi_pubkeys_COMPLETE.csv
E,21724,0,1M9KLP4ujEpxpRpWECbzGr6b4MCRVZYRac,50.0,p2pk,https://raw.githubusercontent.com/bensig/patoshi-addresses/main/patoshi_pubkeys_COMPLETE.csv
E,21725,0,12JRmwDYsL49xu3FY2NbhpNuTrd7VazGKZ,50.0,p2pk,https://raw.githubusercontent.com/bensig/patoshi-addresses/main/patoshi_pubkeys_COMPLETE.csv
E,21728,0,1FLTPVHHD2aboqocemFLJHZxkPYUYJcDS4,50.0,p2pk,https://raw.githubusercontent.com/bensig/patoshi-addresses/main/patoshi_pubkeys_COMPLETE.csv
E,21729,0,1FbwBaCxxMenmrMnGffD6fqrPYrmMA1jz9,50.0,p2pk,https://raw.githubusercontent.com/bensig/patoshi-addresses/main/patoshi_pubkeys_COMPLETE.csv
E,21730,0,1J8rLQkuDqcztkwLGvJkk7YLXe3X7CcpbJ,50.0,p2pk,https://raw.githubusercontent.com/bensig/patoshi-addresses/main/patoshi_pubkeys_COMPLETE.csv
E,21731,0,14oeWfX5oDRwxap3tnWqckXLN94V7v3rFE,50.0,p2pk,https://raw.githubusercontent.com/bensig/patoshi-addresses/main/patoshi_pubkeys_COMPLETE.csv
E,21732,0,1FUryDCYZrjLM2qaR1Z96vP9Wsx6YYP737,50.0,p2pk,https://raw.githubusercontent.com/bensig/patoshi-addresses/main/patoshi_pubkeys_COMPLETE.csv
E,21733,0,16Ek6SRSKszCmwAszsdbVpuarEBb2bceVQ,50.0,p2pk,https://raw.githubusercontent.com/bensig/patoshi-addresses/main/patoshi_pubkeys_COMPLETE.csv
E,21735,0,1DFAXiGYsikWyW3e4Tm1UZBh9Q2wHy8PWW,50.0,p2pk,https://raw.githubusercontent.com/bensig/patoshi-addresses/main/patoshi_pubkeys_COMPLETE.csv
E,21736,0,17PNjr7c8ymdUMQUsYSmETRurijYYiFAHN,50.0,p2pk,https://raw.githubusercontent.com/bensig/patoshi-addresses/main/patoshi_pubkeys_COMPLETE.csv
E,21737,0,1MjeVNAVzZAcfks1k2Dqx8uWoHpyhs26Cm,50.0,p2pk,https://raw.githubusercontent.com/bensig/patoshi-addresses/main/patoshi_pubkeys_COMPLETE.csv
E,21738,0,1L1EY3Uzrcf1V2byTHqUwDLW78HxELLfyT,50.0,p2pk,https://raw.githubusercontent.com/bensig/patoshi-addresses/main/patoshi_pubkeys_COMPLETE.csv
E,21740,0,1PjdhW8oh6xucmhCtfzWGpPSog9PeCZk4J,50.0,p2pk,https://raw.githubusercontent.com/bensig/patoshi-addresses/main/patoshi_pubkeys_COMPLETE.csv
E,21741,0,1PPnJjgQLg787nSVZQMijVfi1AZqf19F4s,50.0,p2pk,https://raw.githubusercontent.com/bensig/patoshi-addresses/main/patoshi_pubkeys_COMPLETE.csv
E,21742,0,1D4J2Mm7hELNFUcZdgsFwF6DQwBc5ppYPK,50.0,p2pk,https://raw.githubusercontent.com/bensig/patoshi-addresses/main/patoshi_pubkeys_COMPLETE.csv
E,21743,0,1ADLzaQ78sfoocUvxfLZhVTX8VnZUccs3F,50.0,p2pk,https://raw.githubusercontent.com/bensig/patoshi-addresses/main/patoshi_pubkeys_COMPLETE.csv
E,21744,0,1LCxCh2LNUT7NHB6sKQutP5hfCvtzkkgnu,50.0,p2pk,https://raw.githubusercontent.com/bensig/patoshi-addresses/main/patoshi_pubkeys_COMPLETE.csv
E,21745,0,14ztkXa4hpFMtDrXr37h5SzUNkZJ31ZmDp,50.0,p2pk,https://raw.githubusercontent.com/bensig/patoshi-addresses/main/patoshi_pubkeys_COMPLETE.csv
E,21746,0,1CNxpeb6CXA6MLz4AaLyNb3qKa9fPWYsZT,50.0,p2pk,https://raw.githubusercontent.com/bensig/patoshi-addresses/main/patoshi_pubkeys_COMPLETE.csv
E,21748,0,1CbL7ZTFskERhNngRbmhRKjEMDBcSGTiau,50.0,p2pk,https://raw.githubusercontent.com/bensig/patoshi-addresses/main/patoshi_pubkeys_COMPLETE.csv
E,21749,0,13iD4QdZKmSxqVdBWZJWs2o6oqtX4J4zV2,50.0,p2pk,https://raw.githubusercontent.com/bensig/patoshi-addresses/main/patoshi_pubkeys_COMPLETE.csv
E,21751,0,1Ja9TxEKJsuYULfrZUhUYsh3ErRYTmq2GL,50.0,p2pk,https://raw.githubusercontent.com/bensig/patoshi-addresses/main/patoshi_pubkeys_COMPLETE.csv
E,21753,0,1EB6qSRrEp3VMJPEBAZVhcZ1HeTWY2S64W,50.0,p2pk,https://raw.githubusercontent.com/bensig/patoshi-addresses/main/patoshi_pubkeys_COMPLETE.csv
E,21754,0,1ANiXdaxDPtp9RyZzDZwwVjg1TM3dCr6cw,50.0,p2pk,https://raw.githubusercontent.com/bensig/patoshi-addresses/main/patoshi_pubkeys_COMPLETE.csv
E,21755,0,1GVeGHtJe6xJNidmcUspHjTNRu3D3sxEhj,50.0,p2pk,https://raw.githubusercontent.com/bensig/patoshi-addresses/main/patoshi_pubkeys_COMPLETE.csv
E,21756,0,14eA5VifHnZzt27p1gnmKRwnBJtqdUGJAW,50.0,p2pk,https://raw.githubusercontent.com/bensig/patoshi-addresses/main/patoshi_pubkeys_COMPLETE.csv
E,21757,0,1LX98PfqUpmj4C7AXK6evjgGiDjS2x8MoT,50.0,p2pk,https://raw.githubusercontent.com/bensig/patoshi-addresses/main/patoshi_pubkeys_COMPLETE.csv
E,21758,0,1D3j4MCFvV76YxosYfTXmxLMLgypyVr8k6,50.0,p2pk,https://raw.githubusercontent.com/bensig/patoshi-addresses/main/patoshi_pubkeys_COMPLETE.csv
E,21759,0,1GppZtg7XHFqn6NRzEBjMMdK3KzREfppT5,50.0,p2pk,https://raw.githubusercontent.com/bensig/patoshi-addresses/main/patoshi_pubkeys_COMPLETE.csv
E,21761,0,1PYy48p43fjtGZpaKtwtaNGHYFe9nNVPSD,50.0,p2pk,https://raw.githubusercontent.com/bensig/patoshi-addresses/main/patoshi_pubkeys_COMPLETE.csv
E,21762,0,1JhyA9douNfBNo3K4zywHXJoyAkqsRzzDi,50.0,p2pk,https://raw.githubusercontent.com/bensig/patoshi-addresses/main/patoshi_pubkeys_COMPLETE.csv
E,21765,0,1GRf99BuTvgQGcHe2ch15x68ukLK3GzkTA,50.0,p2pk,https://raw.githubusercontent.com/bensig/patoshi-addresses/main/patoshi_pubkeys_COMPLETE.csv
E,21769,0,17WJKXG1csLiiFKCqS4EaeCEnNRvSRbgNM,50.0,p2pk,https://raw.githubusercontent.com/bensig/patoshi-addresses/main/patoshi_pubkeys_COMPLETE.csv
E,21771,0,1NGxk6Uox2mkbLVzGNTZVLnPNgNyuujEZH,50.0,p2pk,https://raw.githubusercontent.com/bensig/patoshi-addresses/main/patoshi_pubkeys_COMPLETE.csv
E,21772,0,16UyPwg4xeJBomRSWZrVfPLHFhPzEWwqcc,50.0,p2pk,https://raw.githubusercontent.com/bensig/patoshi-addresses/main/patoshi_pubkeys_COMPLETE.csv
E,21775,0,1DQwHqzdmSDPY79xi6fvSk15geGK99ZDaT,50.0,p2pk,https://raw.githubusercontent.com/bensig/patoshi-addresses/main/patoshi_pubkeys_COMPLETE.csv
E,21776,0,13eiyjSZMqEhJhTgmSU4EVAGFXPB6MM2Yt,50.0,p2pk,https://raw.githubusercontent.com/bensig/patoshi-addresses/main/patoshi_pubkeys_COMPLETE.csv
E,21777,0,1GXza1AAvAfPRfoxSSaeiDVPLBP6DkM9qW,50.0,p2pk,https://raw.githubusercontent.com/bensig/patoshi-addresses/main/patoshi_pubkeys_COMPLETE.csv
E,21778,0,1GXYaWkwN8wmB4rKxE6sWc9MJxzqiHRbxY,50.0,p2pk,https://raw.githubusercontent.com/bensig/patoshi-addresses/main/patoshi_pubkeys_COMPLETE.csv
E,21781,0,193eTurhBYn1Xd24tfm5f5DfcJNLJMiunf,50.0,p2pk,https://raw.githubusercontent.com/bensig/patoshi-addresses/main/patoshi_pubkeys_COMPLETE.csv
E,21782,0,1FFefKVcxnFaVSzPDgTBmG39c4ezq2sdUX,50.0,p2pk,https://raw.githubusercontent.com/bensig/patoshi-addresses/main/patoshi_pubkeys_COMPLETE.csv
E,21783,0,1GUAUmm7qVXfshimCgr6VatfyzLMe3XGt7,50.0,p2pk,https://raw.githubusercontent.com/bensig/patoshi-addresses/main/patoshi_pubkeys_COMPLETE.csv
E,21784,0,1xC6KRqdeXV1J8Np3HUnrtRfA3aKoYqyK,50.0,p2pk,https://raw.githubusercontent.com/bensig/patoshi-addresses/main/patoshi_pubkeys_COMPLETE.csv
E,21785,0,1GKu4JwRwd5gC8v6WeuY2ny3nmQtGvfidd,50.0,p2pk,https://raw.githubusercontent.com/bensig/patoshi-addresses/main/patoshi_pubkeys_COMPLETE.csv
E,21787,0,1LAuCMctTV18QqMJaC5GLHu1TBZJMDdN89,50.0,p2pk,https://raw.githubusercontent.com/bensig/patoshi-addresses/main/patoshi_pubkeys_COMPLETE.csv
E,21789,0,133Vcw7XogpphCfQooNCiVWQTUmi3gAbj7,50.0,p2pk,https://raw.githubusercontent.com/bensig/patoshi-addresses/main/patoshi_pubkeys_COMPLETE.csv
E,21791,0,1AAPSvEEftxPdzXVHYN144j6Lr2xo7VDVt,50.0,p2pk,https://raw.githubusercontent.com/bensig/patoshi-addresses/main/patoshi_pubkeys_COMPLETE.csv
E,21792,0,17YpxKceHLHrp4y1qmBVjYqvPsVTWU5ZS6,50.0,p2pk,https://raw.githubusercontent.com/bensig/patoshi-addresses/main/patoshi_pubkeys_COMPLETE.csv
E,21795,0,1KmpWM42g2qXWFJCyrKqz13QopHNsMM5R1,50.0,p2pk,https://raw.githubusercontent.com/bensig/patoshi-addresses/main/patoshi_pubkeys_COMPLETE.csv
E,21796,0,1Dj2q3Q9bFEspYhYYmj3Bbe24fvjhpc48i,50.0,p2pk,https://raw.githubusercontent.com/bensig/patoshi-addresses/main/patoshi_pubkeys_COMPLETE.csv
E,21798,0,1Le7J9rH9t23BHQgde5sbFgy2Gru1ZGaAy,50.0,p2pk,https://raw.githubusercontent.com/bensig/patoshi-addresses/main/patoshi_pubkeys_COMPLETE.csv
E,21802,0,17oysZQf996AAJpMwkjP4MYZafMwwZwWKE,50.0,p2pk,https://raw.githubusercontent.com/bensig/patoshi-addresses/main/patoshi_pubkeys_COMPLETE.csv
E,21803,0,1EM5nA3ANu6hF7vmu8MPce8quQnx9sRn66,50.0,p2pk,https://raw.githubusercontent.com/bensig/patoshi-addresses/main/patoshi_pubkeys_COMPLETE.csv
E,21806,0,19Tm1N5bbGuZ5EEJr723gLkUKXM96wfPK7,50.0,p2pk,https://raw.githubusercontent.com/bensig/patoshi-addresses/main/patoshi_pubkeys_COMPLETE.csv
E,21807,0,1Ck4DcaUDvRfenDsRpmf2rXZbnUJ6jqL8g,50.0,p2pk,https://raw.githubusercontent.com/bensig/patoshi-addresses/main/patoshi_pubkeys_COMPLETE.csv
E,21808,0,1MAJMUCGuW1xp94bM64T7a2aqFPX5D814J,50.0,p2pk,https://raw.githubusercontent.com/bensig/patoshi-addresses/main/patoshi_pubkeys_COMPLETE.csv
E,21809,0,1EptMztt7HMgMtEST67rRTsC5ronzULmNW,50.0,p2pk,https://raw.githubusercontent.com/bensig/patoshi-addresses/main/patoshi_pubkeys_COMPLETE.csv
E,21810,0,1EbRCjJUfPR3wmNJwEAAepcELFWxsUsN3Z,50.0,p2pk,https://raw.githubusercontent.com/bensig/patoshi-addresses/main/patoshi_pubkeys_COMPLETE.csv
E,21812,0,1PDs9ffbyFiWR5enoktvLZzwv2JoZuC4sp,50.0,p2pk,https://raw.githubusercontent.com/bensig/patoshi-addresses/main/patoshi_pubkeys_COMPLETE.csv
E,21815,0,1BoNdZbUsri8JuMKWFiT2UwRdyDBFmFFsA,50.0,p2pk,https://raw.githubusercontent.com/bensig/patoshi-addresses/main/patoshi_pubkeys_COMPLETE.csv
E,21816,0,1KpVU3QwCM7ZADvGBhWNBdd7vrBXM4QEb3,50.0,p2pk,https://raw.githubusercontent.com/bensig/patoshi-addresses/main/patoshi_pubkeys_COMPLETE.csv
E,21820,0,1Dt16Ub4K8UnP4A5a4JKs9vxudT1dxx2gk,50.0,p2pk,https://raw.githubusercontent.com/bensig/patoshi-addresses/main/patoshi_pubkeys_COMPLETE.csv
E,21821,0,1KeLpRggC5KBbLqtHzQeKSwYBYqFau7NX3,50.0,p2pk,https://raw.githubusercontent.com/bensig/patoshi-addresses/main/patoshi_pubkeys_COMPLETE.csv
E,21822,0,1DHBhrcfnGcLWHJSYwQzWPWp1RZfnmv28k,50.0,p2pk,https://raw.githubusercontent.com/bensig/patoshi-addresses/main/patoshi_pubkeys_COMPLETE.csv
E,21823,0,1Lg8hSjAJFy66zJfyvQ9JH38tcTD9cMApw,50.0,p2pk,https://raw.githubusercontent.com/bensig/patoshi-addresses/main/patoshi_pubkeys_COMPLETE.csv
E,21825,0,15LU4CHWJBKLsLfS98yYAadmgyhMAXZQsF,50.0,p2pk,https://raw.githubusercontent.com/bensig/patoshi-addresses/main/patoshi_pubkeys_COMPLETE.csv
E,21826,0,1AQwB6BzhtsxbVzYJRVnq27EjQSSTnhdYD,50.0,p2pk,https://raw.githubusercontent.com/bensig/patoshi-addresses/main/patoshi_pubkeys_COMPLETE.csv
E,21828,0,1GZcsntg392V2KGNngQXEguBW3pbJ8jeFz,50.0,p2pk,https://raw.githubusercontent.com/bensig/patoshi-addresses/main/patoshi_pubkeys_COMPLETE.csv
E,21830,0,17gYHBgmRuNKKbg9TADSe2r6SxBwKGjB6B,50.0,p2pk,https://raw.githubusercontent.com/bensig/patoshi-addresses/main/patoshi_pubkeys_COMPLETE.csv
E,21831,0,16zFkPUszzR7WXPiM4PD7j2hp212gCNjUU,50.0,p2pk,https://raw.githubusercontent.com/bensig/patoshi-addresses/main/patoshi_pubkeys_COMPLETE.csv
E,21832,0,12aKUuefFrKr2EWiKhGPgdxyyzJemhJgx4,50.0,p2pk,https://raw.githubusercontent.com/bensig/patoshi-addresses/main/patoshi_pubkeys_COMPLETE.csv
E,21833,0,1Bf7FEeVSA9ajXWQMnRZW422q2cgcKqE4n,50.0,p2pk,https://raw.githubusercontent.com/bensig/patoshi-addresses/main/patoshi_pubkeys_COMPLETE.csv
E,21836,0,17tkV51n1zbqaLwZ34XnfbopbCJQWkMjUH,50.0,p2pk,https://raw.githubusercontent.com/bensig/patoshi-addresses/main/patoshi_pubkeys_COMPLETE.csv
E,21839,0,15vzkLiXbGTZzVw2hgTGz8XJ16j418ouQD,50.0,p2pk,https://raw.githubusercontent.com/bensig/patoshi-addresses/main/patoshi_pubkeys_COMPLETE.csv
E,21841,0,12A1uNGBYj2SgBKLXJBWGVPzaDkjh18wsV,50.0,p2pk,https://raw.githubusercontent.com/bensig/patoshi-addresses/main/patoshi_pubkeys_COMPLETE.csv
E,21843,0,14RDFywR9t4q6KjfZic5kBfN7tqXJeSp8E,50.0,p2pk,https://raw.githubusercontent.com/bensig/patoshi-addresses/main/patoshi_pubkeys_COMPLETE.csv
E,21846,0,19XBgmvqsRP1LJYo1bbuyeTRRBwWbNv71N,50.0,p2pk,https://raw.githubusercontent.com/bensig/patoshi-addresses/main/patoshi_pubkeys_COMPLETE.csv
E,21848,0,127vYeyNJ5CxKwQyidM2yx8EEwiYx8j8nz,50.0,p2pk,https://raw.githubusercontent.com/bensig/patoshi-addresses/main/patoshi_pubkeys_COMPLETE.csv
E,21849,0,1osaq3fY66SCEV9UoqjKg3c7HRVsQPg1V,50.0,p2pk,https://raw.githubusercontent.com/bensig/patoshi-addresses/main/patoshi_pubkeys_COMPLETE.csv
E,21850,0,1GaGvzjUbgfEx1zWabqHaJKfXhj6gPQJoq,50.0,p2pk,https://raw.githubusercontent.com/bensig/patoshi-addresses/main/patoshi_pubkeys_COMPLETE.csv
E,21851,0,15gsQdKdn1kLx9JmAwwkgsV5CUzZAXLaTX,50.0,p2pk,https://raw.githubusercontent.com/bensig/patoshi-addresses/main/patoshi_pubkeys_COMPLETE.csv
E,21855,0,1BG94TBUHubpAmQdXoGDt9ZSVnRz9Wwv91,50.0,p2pk,https://raw.githubusercontent.com/bensig/patoshi-addresses/main/patoshi_pubkeys_COMPLETE.csv
E,21857,0,1J7pRFETMVonj7z6ExbQ5owssMGD76McB1,50.0,p2pk,https://raw.githubusercontent.com/bensig/patoshi-addresses/main/patoshi_pubkeys_COMPLETE.csv
E,21860,0,1Hjux4x3qFv5ScHa9JXkthGgSCuAy32nK1,50.0,p2pk,https://raw.githubusercontent.com/bensig/patoshi-addresses/main/patoshi_pubkeys_COMPLETE.csv
E,21862,0,1FGv9BZb66wr6mb7wCX5ADwsjAZRiLeKmq,50.0,p2pk,https://raw.githubusercontent.com/bensig/patoshi-addresses/main/patoshi_pubkeys_COMPLETE.csv
E,21865,0,14CF8JjYRFbBNkYsamTXKuhKrZpP5CPchf,50.0,p2pk,https://raw.githubusercontent.com/bensig/patoshi-addresses/main/patoshi_pubkeys_COMPLETE.csv
E,21866,0,1KcGfQdrBH2HmAjsqTS4c4ofWAxFL6Twwp,50.0,p2pk,https://raw.githubusercontent.com/bensig/patoshi-addresses/main/patoshi_pubkeys_COMPLETE.csv
E,21870,0,16RXZTENZMhq1187sNZmYbvBX3L9sRs6J6,50.0,p2pk,https://raw.githubusercontent.com/bensig/patoshi-addresses/main/patoshi_pubkeys_COMPLETE.csv
E,21872,0,1ERqhjDDXBCSFXVesK4ffoXozTZaAnPC8v,50.0,p2pk,https://raw.githubusercontent.com/bensig/patoshi-addresses/main/patoshi_pubkeys_COMPLETE.csv
E,21873,0,1Er61eh4bMef83wWeEN2uzzaKLTCjw7g4K,50.0,p2pk,https://raw.githubusercontent.com/bensig/patoshi-addresses/main/patoshi_pubkeys_COMPLETE.csv
E,21875,0,1DKZCeCd5uW5QdBBVzRNiBew5joud6SADk,50.0,p2pk,https://raw.githubusercontent.com/bensig/patoshi-addresses/main/patoshi_pubkeys_COMPLETE.csv
E,21876,0,1HuSDfrKmCuKeeKcVfzRQPVcpT9rQRukGj,50.0,p2pk,https://raw.githubusercontent.com/bensig/patoshi-addresses/main/patoshi_pubkeys_COMPLETE.csv
E,21878,0,13TV6WL59nU93JvUiu7Gsv6M19PHW9R8FX,50.0,p2pk,https://raw.githubusercontent.com/bensig/patoshi-addresses/main/patoshi_pubkeys_COMPLETE.csv
E,21881,0,15cMtyvnXJK6xUVVqr1JJEcfhYtsr3VHAQ,50.0,p2pk,https://raw.githubusercontent.com/bensig/patoshi-addresses/main/patoshi_pubkeys_COMPLETE.csv
E,21883,0,19d3tigbD4XHeUDetMcdGhemBNGmRc4kSz,50.0,p2pk,https://raw.githubusercontent.com/bensig/patoshi-addresses/main/patoshi_pubkeys_COMPLETE.csv
E,21885,0,1PWJpQ5178sStf1fd1G8FnYeH3QQat2hvQ,50.0,p2pk,https://raw.githubusercontent.com/bensig/patoshi-addresses/main/patoshi_pubkeys_COMPLETE.csv
E,21888,0,1JXYeM11YGdT2ZrW28KC4mRJwGpBRhbFRe,50.0,p2pk,https://raw.githubusercontent.com/bensig/patoshi-addresses/main/patoshi_pubkeys_COMPLETE.csv
E,21889,0,1Jr3swzXCcKtvgi2cr8VmNdNJ35FeYmWXH,50.0,p2pk,https://raw.githubusercontent.com/bensig/patoshi-addresses/main/patoshi_pubkeys_COMPLETE.csv
E,21892,0,13FMfEXASLeRaD44AgB5XRVczdnqrGvh43,50.0,p2pk,https://raw.githubusercontent.com/bensig/patoshi-addresses/main/patoshi_pubkeys_COMPLETE.csv
E,21893,0,1JqKPUvmwushjcogf12fr5o6emN7GWrxCz,50.0,p2pk,https://raw.githubusercontent.com/bensig/patoshi-addresses/main/patoshi_pubkeys_COMPLETE.csv
E,21894,0,1B82LNNWXB8Cd2KbdRJSgp8yhW6asFmaib,50.0,p2pk,https://raw.githubusercontent.com/bensig/patoshi-addresses/main/patoshi_pubkeys_COMPLETE.csv
E,21895,0,13ujaWrPPyWaHYFGUjwvuoCGnW9yJ4DGEx,50.0,p2pk,https://raw.githubusercontent.com/bensig/patoshi-addresses/main/patoshi_pubkeys_COMPLETE.csv
E,21896,0,15scCh5MnqKR6CBBoMWSemMYed3QqEo47W,50.0,p2pk,https://raw.githubusercontent.com/bensig/patoshi-addresses/main/patoshi_pubkeys_COMPLETE.csv
E,21897,0,1Kmxa9BwGMVLzzMpNjuoK91z5DJLiZ7nQY,50.0,p2pk,https://raw.githubusercontent.com/bensig/patoshi-addresses/main/patoshi_pubkeys_COMPLETE.csv
E,21898,0,1QGSLGJgrJQN7MfTihbQcEv4wTNz51WXhP,50.0,p2pk,https://raw.githubusercontent.com/bensig/patoshi-addresses/main/patoshi_pubkeys_COMPLETE.csv
E,21901,0,1CNNyEXgN741dbnscvC12XGcq8GxCvahTp,50.0,p2pk,https://raw.githubusercontent.com/bensig/patoshi-addresses/main/patoshi_pubkeys_COMPLETE.csv
E,21903,0,14jStu5ZiS7reePwxCi2Q1RpwY8iCAMJqZ,50.0,p2pk,https://raw.githubusercontent.com/bensig/patoshi-addresses/main/patoshi_pubkeys_COMPLETE.csv
E,21904,0,13iDekS5MrBkFKarpmG4qbF2gHdUWbTDft,50.0,p2pk,https://raw.githubusercontent.com/bensig/patoshi-addresses/main/patoshi_pubkeys_COMPLETE.csv
E,21905,0,12uQFEvB9g15R1tWvubbkrGnPnomnqCopD,50.0,p2pk,https://raw.githubusercontent.com/bensig/patoshi-addresses/main/patoshi_pubkeys_COMPLETE.csv
E,21906,0,1PpkvbPdyaU449eDxV7FRq9MNMJDZvKFKQ,50.0,p2pk,https://raw.githubusercontent.com/bensig/patoshi-addresses/main/patoshi_pubkeys_COMPLETE.csv
E,21908,0,18TNmkgu4Qka9kasHsVUP6AX6LTnHrLFZ2,50.0,p2pk,https://raw.githubusercontent.com/bensig/patoshi-addresses/main/patoshi_pubkeys_COMPLETE.csv
E,21910,0,1Btr4RNohUK8Va924x6MyY7pFKt45wT7Tg,50.0,p2pk,https://raw.githubusercontent.com/bensig/patoshi-addresses/main/patoshi_pubkeys_COMPLETE.csv
E,21911,0,1LuvusFGpcp4u9BMiLauGj9wAoNEeyX71P,50.0,p2pk,https://raw.githubusercontent.com/bensig/patoshi-addresses/main/patoshi_pubkeys_COMPLETE.csv
E,21912,0,1CAbd5mzhPumFQWTS5SN2gLkoAR6iFh8aH,50.0,p2pk,https://raw.githubusercontent.com/bensig/patoshi-addresses/main/patoshi_pubkeys_COMPLETE.csv
E,21913,0,1GBDHadV8DrtbpydHiYRd78LwKvKUJWfv2,50.0,p2pk,https://raw.githubusercontent.com/bensig/patoshi-addresses/main/patoshi_pubkeys_COMPLETE.csv
E,21916,0,1KUD7ycM3ULasGzzSuPeaiLMYZanwPTy3D,50.0,p2pk,https://raw.githubusercontent.com/bensig/patoshi-addresses/main/patoshi_pubkeys_COMPLETE.csv
E,21919,0,18f4WzLXJELLXoaRbsD3cgcYZ5FxVcR4hv,50.0,p2pk,https://raw.githubusercontent.com/bensig/patoshi-addresses/main/patoshi_pubkeys_COMPLETE.csv
E,21921,0,1SGaQP2R2DqKF88TFDL4SCfoKBa4KtBTH,50.0,p2pk,https://raw.githubusercontent.com/bensig/patoshi-addresses/main/patoshi_pubkeys_COMPLETE.csv
E,21922,0,1ERXCBVLgwU3FkuUzizEzwNkxRz3Ev9MdU,50.0,p2pk,https://raw.githubusercontent.com/bensig/patoshi-addresses/main/patoshi_pubkeys_COMPLETE.csv
E,21924,0,174UP2wcoPBVUpKUTsmydTFm5VhkJQQjgM,50.0,p2pk,https://raw.githubusercontent.com/bensig/patoshi-addresses/main/patoshi_pubkeys_COMPLETE.csv
E,21925,0,1CNEWb3rTtJ8QUWs5MKU51VVtcdWiUkcwr,50.0,p2pk,https://raw.githubusercontent.com/bensig/patoshi-addresses/main/patoshi_pubkeys_COMPLETE.csv
E,21926,0,16L9d6YJan5vXeaj8Tn6fFBEZmatcrMjF2,50.0,p2pk,https://raw.githubusercontent.com/bensig/patoshi-addresses/main/patoshi_pubkeys_COMPLETE.csv
E,21927,0,1NJKU8UgxDwdXus2Nm3rPQsEonNS4YATDo,50.0,p2pk,https://raw.githubusercontent.com/bensig/patoshi-addresses/main/patoshi_pubkeys_COMPLETE.csv
E,21928,0,1MSA3mH8MMfXwqP5bbhrZP2JpKtViiN9VA,50.0,p2pk,https://raw.githubusercontent.com/bensig/patoshi-addresses/main/patoshi_pubkeys_COMPLETE.csv
E,21929,0,17iVpB7crb1SRX8WC6gaHppfKy57tY4KU8,50.0,p2pk,https://raw.githubusercontent.com/bensig/patoshi-addresses/main/patoshi_pubkeys_COMPLETE.csv
E,21931,0,1BY3aPWUtEQHwBsmqQ2BSWqhMjadAVU2bd,50.0,p2pk,https://raw.githubusercontent.com/bensig/patoshi-addresses/main/patoshi_pubkeys_COMPLETE.csv
E,21932,0,1FA4Myv75odafgTxuys5Rj4ehsrz6Vx3UB,50.0,p2pk,https://raw.githubusercontent.com/bensig/patoshi-addresses/main/patoshi_pubkeys_COMPLETE.csv
E,21933,0,1LWKnRQWTPkyRjtLABZUFco8VV2583hQG4,50.0,p2pk,https://raw.githubusercontent.com/bensig/patoshi-addresses/main/patoshi_pubkeys_COMPLETE.csv
E,21935,0,1LraLFgx64rJyU6mT9BXCrFh1AnHLWswWf,50.0,p2pk,https://raw.githubusercontent.com/bensig/patoshi-addresses/main/patoshi_pubkeys_COMPLETE.csv
E,21937,0,1H2Ve1LUdJGynEHMXipFEoT86bY1qW3j6E,50.0,p2pk,https://raw.githubusercontent.com/bensig/patoshi-addresses/main/patoshi_pubkeys_COMPLETE.csv
E,21938,0,1NSjdLvQ119LTGDQJYxuPdMv7TYhcqhqAD,50.0,p2pk,https://raw.githubusercontent.com/bensig/patoshi-addresses/main/patoshi_pubkeys_COMPLETE.csv
E,21940,0,13zZay5TquKaekKfxf61R8VW6iyqU3Jbdf,50.0,p2pk,https://raw.githubusercontent.com/bensig/patoshi-addresses/main/patoshi_pubkeys_COMPLETE.csv
E,21941,0,1Nq7cCsZibwnJqCtx1FrYuayxuCeiSPSWy,50.0,p2pk,https://raw.githubusercontent.com/bensig/patoshi-addresses/main/patoshi_pubkeys_COMPLETE.csv
E,21944,0,1269347N2PrvbXZreToJ4qVUiW7ESApNLU,50.0,p2pk,https://raw.githubusercontent.com/bensig/patoshi-addresses/main/patoshi_pubkeys_COMPLETE.csv
E,21946,0,1LjE4x8ETbVxhmif7VPz5cJnU3LYySYUYt,50.0,p2pk,https://raw.githubusercontent.com/bensig/patoshi-addresses/main/patoshi_pubkeys_COMPLETE.csv
E,21949,0,1E5XBTYcHRw1utmSAsbbs1gpLUhRBRbwwB,50.0,p2pk,https://raw.githubusercontent.com/bensig/patoshi-addresses/main/patoshi_pubkeys_COMPLETE.csv
E,21951,0,1NWNdxwZ9eMSXquzhT7tARk2FbkSK4uvqF,50.0,p2pk,https://raw.githubusercontent.com/bensig/patoshi-addresses/main/patoshi_pubkeys_COMPLETE.csv
E,21952,0,1N8kUZ3XfG96bqtAc9QKS5b9z6EXaprUPi,50.0,p2pk,https://raw.githubusercontent.com/bensig/patoshi-addresses/main/patoshi_pubkeys_COMPLETE.csv
E,21955,0,1CYLFa7n4318TsXXFszyfuBoJUJeAwcwkc,50.0,p2pk,https://raw.githubusercontent.com/bensig/patoshi-addresses/main/patoshi_pubkeys_COMPLETE.csv
E,21956,0,1PXih5msKb4cJLH1y3ZhgTKLKFPWrjYW7L,50.0,p2pk,https://raw.githubusercontent.com/bensig/patoshi-addresses/main/patoshi_pubkeys_COMPLETE.csv
E,21958,0,19pappJZEMaYnvSRWVcqW2YkrdbimuRGHH,50.0,p2pk,https://raw.githubusercontent.com/bensig/patoshi-addresses/main/patoshi_pubkeys_COMPLETE.csv
E,21962,0,16AnuPR5r6MF4brBX2TYWMGm2ULCwN5nYq,50.0,p2pk,https://raw.githubusercontent.com/bensig/patoshi-addresses/main/patoshi_pubkeys_COMPLETE.csv
E,21964,0,1Lyq54fw6dZsWjrzc26SeMbAPf2hPodH8H,50.0,p2pk,https://raw.githubusercontent.com/bensig/patoshi-addresses/main/patoshi_pubkeys_COMPLETE.csv
E,21965,0,1Ny9jBkgMjMQvwkcZ7LDUUc17DiuzzjNT3,50.0,p2pk,https://raw.githubusercontent.com/bensig/patoshi-addresses/main/patoshi_pubkeys_COMPLETE.csv
E,21966,0,1HjwJmoduRW1ZgadMs1VmZeZfX8ABamVTe,50.0,p2pk,https://raw.githubusercontent.com/bensig/patoshi-addresses/main/patoshi_pubkeys_COMPLETE.csv
E,21967,0,16YFvjoHoNTmrJECJ6bieMNLV6aDgU9Ho7,50.0,p2pk,https://raw.githubusercontent.com/bensig/patoshi-addresses/main/patoshi_pubkeys_COMPLETE.csv
E,21970,0,1GDDk93wtTT1UJWgpnLaCywBsmcyf6oiqq,50.0,p2pk,https://raw.githubusercontent.com/bensig/patoshi-addresses/main/patoshi_pubkeys_COMPLETE.csv
E,21971,0,1CnPPvHUvfQaxeWW6cgwv5gBzLBEFyzQrD,50.0,p2pk,https://raw.githubusercontent.com/bensig/patoshi-addresses/main/patoshi_pubkeys_COMPLETE.csv
E,21972,0,13qvjRxuib5bkHrr9yRhKV6PGgD6nqycRd,50.0,p2pk,https://raw.githubusercontent.com/bensig/patoshi-addresses/main/patoshi_pubkeys_COMPLETE.csv
E,21973,0,1AaxU4G5uceNZHQpu7w1qDwLLACyRigvvg,50.0,p2pk,https://raw.githubusercontent.com/bensig/patoshi-addresses/main/patoshi_pubkeys_COMPLETE.csv
E,21974,0,19eaotos2oCxqFiq3gwKm9uFkunn1cuGNA,50.0,p2pk,https://raw.githubusercontent.com/bensig/patoshi-addresses/main/patoshi_pubkeys_COMPLETE.csv
E,21976,0,13mnK1w67oaAuQodN6Si5GE4jjrAnVuerw,50.0,p2pk,https://raw.githubusercontent.com/bensig/patoshi-addresses/main/patoshi_pubkeys_COMPLETE.csv
E,21978,0,1DbbeGQma9ifRRghPiyPt5cFFTVQty4ZPC,50.0,p2pk,https://raw.githubusercontent.com/bensig/patoshi-addresses/main/patoshi_pubkeys_COMPLETE.csv
E,21979,0,16krXtGHnftfkYqWQnVo4rJXrCCNXoRuHQ,50.0,p2pk,https://raw.githubusercontent.com/bensig/patoshi-addresses/main/patoshi_pubkeys_COMPLETE.csv
E,21980,0,16mhBVn3H3nuWFuF1bDJNmB6LBFcZEj9fm,50.0,p2pk,https://raw.githubusercontent.com/bensig/patoshi-addresses/main/patoshi_pubkeys_COMPLETE.csv
E,21982,0,12omKc5asg8BVDTDi387jZiyMiePRqDGe3,50.0,p2pk,https://raw.githubusercontent.com/bensig/patoshi-addresses/main/patoshi_pubkeys_COMPLETE.csv
E,21984,0,1Bon8GGtQEWbiDSQmUfvny15Em14hC4Kwq,50.0,p2pk,https://raw.githubusercontent.com/bensig/patoshi-addresses/main/patoshi_pubkeys_COMPLETE.csv
E,21985,0,137paSZLqtiQDTLSBM74iDiuLQJWx2e9Yv,50.0,p2pk,https://raw.githubusercontent.com/bensig/patoshi-addresses/main/patoshi_pubkeys_COMPLETE.csv
E,21988,0,17GDzDLv46kp5VmJ4LLdnSHGv8jQL1s9Hi,50.0,p2pk,https://raw.githubusercontent.com/bensig/patoshi-addresses/main/patoshi_pubkeys_COMPLETE.csv
E,21989,0,1MPRPGBMSJoG3qNgW9vdLg6kPg1A1r5ntv,50.0,p2pk,https://raw.githubusercontent.com/bensig/patoshi-addresses/main/patoshi_pubkeys_COMPLETE.csv
E,21991,0,1EHGwRQzbGDVzVndgLmt7jCiueJtkDx6GR,50.0,p2pk,https://raw.githubusercontent.com/bensig/patoshi-addresses/main/patoshi_pubkeys_COMPLETE.csv
E,21992,0,1AWBWPNDy3oeF3SdhXKbeJ3BX4gMQaG5ea,50.0,p2pk,https://raw.githubusercontent.com/bensig/patoshi-addresses/main/patoshi_pubkeys_COMPLETE.csv
E,21993,0,1BSBdEkbN9ZTtCoJhDijXEqoT3C3Pu8Bqv,50.0,p2pk,https://raw.githubusercontent.com/bensig/patoshi-addresses/main/patoshi_pubkeys_COMPLETE.csv
E,21995,0,1DfMyTzLbE15FdS4DTNsXdS3sp3kbY5ziD,50.0,p2pk,https://raw.githubusercontent.com/bensig/patoshi-addresses/main/patoshi_pubkeys_COMPLETE.csv
E,21997,0,1BwBbdA9sNHvHr4FNEbHqqroVq8uUVfJzo,50.0,p2pk,https://raw.githubusercontent.com/bensig/patoshi-addresses/main/patoshi_pubkeys_COMPLETE.csv
E,21998,0,1LWhtiay9BtEDoTc4x8ctoT4MK3jLvyM7v,50.0,p2pk,https://raw.githubusercontent.com/bensig/patoshi-addresses/main/patoshi_pubkeys_COMPLETE.csv
E,21999,0,17biPX1Udday3QFzhSav3LtSX4YhXAQYDD,50.0,p2pk,https://raw.githubusercontent.com/bensig/patoshi-addresses/main/patoshi_pubkeys_COMPLETE.csv
E,22000,0,1BSoFowHsPDbg3ThuRjMW1XDhi29XrbyBK,50.0,p2pk,https://raw.githubusercontent.com/bensig/patoshi-addresses/main/patoshi_pubkeys_COMPLETE.csv
